  0
SECTION
  2
HEADER
  9
$ACADVER
  1
AC1021
  9
$ACADMAINTVER
 70
    50
  9
$DWGCODEPAGE
  3
ANSI_936
  9
$LASTSAVEDBY
  1
win10
  9
$INSBASE
 10
0.0
 20
0.0
 30
0.0
  9
$EXTMIN
 10
-3.083330976318947
 20
-68.55251785135624
 30
0.0
  9
$EXTMAX
 10
243.0101934157901
 20
119.8244141966261
 30
0.0
  9
$LIMMIN
 10
0.0
 20
0.0
  9
$LIMMAX
 10
420.0
 20
297.0
  9
$ORTHOMODE
 70
     0
  9
$REGENMODE
 70
     1
  9
$FILLMODE
 70
     1
  9
$QTEXTMODE
 70
     0
  9
$MIRRTEXT
 70
     0
  9
$LTSCALE
 40
1.0
  9
$ATTMODE
 70
     1
  9
$TEXTSIZE
 40
2.5
  9
$TRACEWID
 40
1.0
  9
$TEXTSTYLE
  7
Standard
  9
$CLAYER
  8
0
  9
$CELTYPE
  6
ByLayer
  9
$CECOLOR
 62
   256
  9
$CELTSCALE
 40
1.0
  9
$DISPSILH
 70
     0
  9
$DIMSCALE
 40
1.0
  9
$DIMASZ
 40
2.5
  9
$DIMEXO
 40
0.625
  9
$DIMDLI
 40
3.75
  9
$DIMRND
 40
0.0
  9
$DIMDLE
 40
0.0
  9
$DIMEXE
 40
1.25
  9
$DIMTP
 40
0.0
  9
$DIMTM
 40
0.0
  9
$DIMTXT
 40
2.5
  9
$DIMCEN
 40
2.5
  9
$DIMTSZ
 40
0.0
  9
$DIMTOL
 70
     0
  9
$DIMLIM
 70
     0
  9
$DIMTIH
 70
     0
  9
$DIMTOH
 70
     0
  9
$DIMSE1
 70
     0
  9
$DIMSE2
 70
     0
  9
$DIMTAD
 70
     1
  9
$DIMZIN
 70
     8
  9
$DIMBLK
  1

  9
$DIMASO
 70
     1
  9
$DIMSHO
 70
     1
  9
$DIMPOST
  1

  9
$DIMAPOST
  1

  9
$DIMALT
 70
     0
  9
$DIMALTD
 70
     3
  9
$DIMALTF
 40
0.03937007874016
  9
$DIMLFAC
 40
1.0
  9
$DIMTOFL
 70
     1
  9
$DIMTVP
 40
0.0
  9
$DIMTIX
 70
     0
  9
$DIMSOXD
 70
     0
  9
$DIMSAH
 70
     0
  9
$DIMBLK1
  1

  9
$DIMBLK2
  1

  9
$DIMSTYLE
  2
ISO-25
  9
$DIMCLRD
 70
     0
  9
$DIMCLRE
 70
     0
  9
$DIMCLRT
 70
     0
  9
$DIMTFAC
 40
1.0
  9
$DIMGAP
 40
0.625
  9
$DIMJUST
 70
     0
  9
$DIMSD1
 70
     0
  9
$DIMSD2
 70
     0
  9
$DIMTOLJ
 70
     0
  9
$DIMTZIN
 70
     8
  9
$DIMALTZ
 70
     0
  9
$DIMALTTZ
 70
     0
  9
$DIMUPT
 70
     0
  9
$DIMDEC
 70
     2
  9
$DIMTDEC
 70
     2
  9
$DIMALTU
 70
     2
  9
$DIMALTTD
 70
     3
  9
$DIMTXSTY
  7
Standard
  9
$DIMAUNIT
 70
     0
  9
$DIMADEC
 70
     0
  9
$DIMALTRND
 40
0.0
  9
$DIMAZIN
 70
     0
  9
$DIMDSEP
 70
    44
  9
$DIMATFIT
 70
     3
  9
$DIMFRAC
 70
     0
  9
$DIMLDRBLK
  1

  9
$DIMLUNIT
 70
     2
  9
$DIMLWD
 70
    -2
  9
$DIMLWE
 70
    -2
  9
$DIMTMOVE
 70
     0
  9
$DIMFXL
 40
1.0
  9
$DIMFXLON
 70
     0
  9
$DIMJOGANG
 40
0.7853981633974483
  9
$DIMTFILL
 70
     0
  9
$DIMTFILLCLR
 70
     0
  9
$DIMARCSYM
 70
     0
  9
$DIMLTYPE
  6

  9
$DIMLTEX1
  6

  9
$DIMLTEX2
  6

  9
$LUNITS
 70
     2
  9
$LUPREC
 70
     4
  9
$SKETCHINC
 40
1.0
  9
$FILLETRAD
 40
0.0
  9
$AUNITS
 70
     0
  9
$AUPREC
 70
     0
  9
$MENU
  1
.
  9
$ELEVATION
 40
0.0
  9
$PELEVATION
 40
0.0
  9
$THICKNESS
 40
0.0
  9
$LIMCHECK
 70
     0
  9
$CHAMFERA
 40
0.0
  9
$CHAMFERB
 40
0.0
  9
$CHAMFERC
 40
0.0
  9
$CHAMFERD
 40
0.0
  9
$SKPOLY
 70
     0
  9
$TDCREATE
 40
2458590.383113426
  9
$TDUCREATE
 40
2458590.049780092
  9
$TDUPDATE
 40
2458590.384224537
  9
$TDUUPDATE
 40
2458590.050891204
  9
$TDINDWG
 40
0.0011111111
  9
$TDUSRTIMER
 40
0.0011111111
  9
$USRTIMER
 70
     1
  9
$ANGBASE
 50
0.0
  9
$ANGDIR
 70
     0
  9
$PDMODE
 70
     0
  9
$PDSIZE
 40
0.0
  9
$PLINEWID
 40
0.0
  9
$SPLFRAME
 70
     0
  9
$SPLINETYPE
 70
     6
  9
$SPLINESEGS
 70
     8
  9
$HANDSEED
  5
2B8
  9
$SURFTAB1
 70
     6
  9
$SURFTAB2
 70
     6
  9
$SURFTYPE
 70
     6
  9
$SURFU
 70
     6
  9
$SURFV
 70
     6
  9
$UCSBASE
  2

  9
$UCSNAME
  2

  9
$UCSORG
 10
0.0
 20
0.0
 30
0.0
  9
$UCSXDIR
 10
1.0
 20
0.0
 30
0.0
  9
$UCSYDIR
 10
0.0
 20
1.0
 30
0.0
  9
$UCSORTHOREF
  2

  9
$UCSORTHOVIEW
 70
     0
  9
$UCSORGTOP
 10
0.0
 20
0.0
 30
0.0
  9
$UCSORGBOTTOM
 10
0.0
 20
0.0
 30
0.0
  9
$UCSORGLEFT
 10
0.0
 20
0.0
 30
0.0
  9
$UCSORGRIGHT
 10
0.0
 20
0.0
 30
0.0
  9
$UCSORGFRONT
 10
0.0
 20
0.0
 30
0.0
  9
$UCSORGBACK
 10
0.0
 20
0.0
 30
0.0
  9
$PUCSBASE
  2

  9
$PUCSNAME
  2

  9
$PUCSORG
 10
0.0
 20
0.0
 30
0.0
  9
$PUCSXDIR
 10
1.0
 20
0.0
 30
0.0
  9
$PUCSYDIR
 10
0.0
 20
1.0
 30
0.0
  9
$PUCSORTHOREF
  2

  9
$PUCSORTHOVIEW
 70
     0
  9
$PUCSORGTOP
 10
0.0
 20
0.0
 30
0.0
  9
$PUCSORGBOTTOM
 10
0.0
 20
0.0
 30
0.0
  9
$PUCSORGLEFT
 10
0.0
 20
0.0
 30
0.0
  9
$PUCSORGRIGHT
 10
0.0
 20
0.0
 30
0.0
  9
$PUCSORGFRONT
 10
0.0
 20
0.0
 30
0.0
  9
$PUCSORGBACK
 10
0.0
 20
0.0
 30
0.0
  9
$USERI1
 70
     0
  9
$USERI2
 70
     0
  9
$USERI3
 70
     0
  9
$USERI4
 70
     0
  9
$USERI5
 70
     0
  9
$USERR1
 40
0.0
  9
$USERR2
 40
0.0
  9
$USERR3
 40
0.0
  9
$USERR4
 40
0.0
  9
$USERR5
 40
0.0
  9
$WORLDVIEW
 70
     1
  9
$SHADEDGE
 70
     3
  9
$SHADEDIF
 70
    70
  9
$TILEMODE
 70
     1
  9
$MAXACTVP
 70
    64
  9
$PINSBASE
 10
0.0
 20
0.0
 30
0.0
  9
$PLIMCHECK
 70
     0
  9
$PEXTMIN
 10
0.0
 20
0.0
 30
0.0
  9
$PEXTMAX
 10
0.0
 20
0.0
 30
0.0
  9
$PLIMMIN
 10
0.0
 20
0.0
  9
$PLIMMAX
 10
12.0
 20
9.0
  9
$UNITMODE
 70
     0
  9
$VISRETAIN
 70
     1
  9
$PLINEGEN
 70
     0
  9
$PSLTSCALE
 70
     1
  9
$TREEDEPTH
 70
  3020
  9
$CMLSTYLE
  2
Standard
  9
$CMLJUST
 70
     0
  9
$CMLSCALE
 40
20.0
  9
$PROXYGRAPHICS
 70
     1
  9
$MEASUREMENT
 70
     1
  9
$CELWEIGHT
370
    -1
  9
$ENDCAPS
280
     0
  9
$JOINSTYLE
280
     0
  9
$LWDISPLAY
290
     0
  9
$INSUNITS
 70
     4
  9
$HYPERLINKBASE
  1

  9
$STYLESHEET
  1

  9
$XEDIT
290
     1
  9
$CEPSNTYPE
380
     0
  9
$PSTYLEMODE
290
     1
  9
$FINGERPRINTGUID
  2
{96A53CC7-ACDD-234C-B0F9-88300B14E85D}
  9
$VERSIONGUID
  2
{FDA5A254-6150-FA48-A4B8-168CBCE559AD}
  9
$EXTNAMES
290
     1
  9
$PSVPSCALE
 40
0.0
  9
$OLESTARTUP
290
     0
  9
$SORTENTS
280
   127
  9
$INDEXCTL
280
     0
  9
$HIDETEXT
280
     1
  9
$XCLIPFRAME
290
     0
  9
$HALOGAP
280
     0
  9
$OBSCOLOR
 70
   257
  9
$OBSLTYPE
280
     0
  9
$INTERSECTIONDISPLAY
280
     0
  9
$INTERSECTIONCOLOR
 70
   257
  9
$DIMASSOC
280
     2
  9
$PROJECTNAME
  1

  9
$CAMERADISPLAY
290
     0
  9
$LENSLENGTH
 40
50.0
  9
$CAMERAHEIGHT
 40
0.0
  9
$STEPSPERSEC
 40
2.0
  9
$STEPSIZE
 40
6.0
  9
$3DDWFPREC
 40
2.0
  9
$PSOLWIDTH
 40
5.0
  9
$PSOLHEIGHT
 40
80.0
  9
$LOFTANG1
 40
1.570796326794896
  9
$LOFTANG2
 40
1.570796326794896
  9
$LOFTMAG1
 40
0.0
  9
$LOFTMAG2
 40
0.0
  9
$LOFTPARAM
 70
     7
  9
$LOFTNORMALS
280
     1
  9
$LATITUDE
 40
37.795
  9
$LONGITUDE
 40
-122.394
  9
$NORTHDIRECTION
 40
0.0
  9
$TIMEZONE
 70
 -8000
  9
$LIGHTGLYPHDISPLAY
280
     1
  9
$TILEMODELIGHTSYNCH
280
     1
  9
$CMATERIAL
347
EC
  9
$SOLIDHIST
280
     0
  9
$SHOWHIST
280
     1
  9
$DWFFRAME
280
     2
  9
$DGNFRAME
280
     0
  9
$REALWORLDSCALE
290
     1
  9
$INTERFERECOLOR
 62
     1
  9
$INTERFEREOBJVS
345
F9
  9
$INTERFEREVPVS
346
F6
  9
$CSHADOW
280
     0
  9
$SHADOWPLANELOCATION
 40
0.0
  0
ENDSEC
  0
SECTION
  2
CLASSES
  0
CLASS
  1
ACDBDICTIONARYWDFLT
  2
AcDbDictionaryWithDefault
  3
ObjectDBX Classes
 90
        0
 91
        1
280
     0
281
     0
  0
CLASS
  1
DICTIONARYVAR
  2
AcDbDictionaryVar
  3
ObjectDBX Classes
 90
        0
 91
       12
280
     0
281
     0
  0
CLASS
  1
TABLESTYLE
  2
AcDbTableStyle
  3
ObjectDBX Classes
 90
     4095
 91
        1
280
     0
281
     0
  0
CLASS
  1
MATERIAL
  2
AcDbMaterial
  3
ObjectDBX Classes
 90
     1153
 91
        3
280
     0
281
     0
  0
CLASS
  1
VISUALSTYLE
  2
AcDbVisualStyle
  3
ObjectDBX Classes
 90
     4095
 91
       24
280
     0
281
     0
  0
CLASS
  1
SCALE
  2
AcDbScale
  3
ObjectDBX Classes
 90
     1153
 91
       17
280
     0
281
     0
  0
CLASS
  1
MLEADERSTYLE
  2
AcDbMLeaderStyle
  3
ACDB_MLEADERSTYLE_CLASS
 90
     4095
 91
        2
280
     0
281
     0
  0
CLASS
  1
CELLSTYLEMAP
  2
AcDbCellStyleMap
  3
ObjectDBX Classes
 90
     1152
 91
        1
280
     0
281
     0
  0
CLASS
  1
EXACXREFPANELOBJECT
  2
ExAcXREFPanelObject
  3
EXAC_ESW
 90
     1025
 91
        0
280
     0
281
     0
  0
CLASS
  1
NPOCOLLECTION
  2
AcDbImpNonPersistentObjectsCollection
  3
ObjectDBX Classes
 90
     1153
 91
        0
280
     0
281
     0
  0
CLASS
  1
LAYER_INDEX
  2
AcDbLayerIndex
  3
ObjectDBX Classes
 90
        0
 91
        0
280
     0
281
     0
  0
CLASS
  1
SPATIAL_INDEX
  2
AcDbSpatialIndex
  3
ObjectDBX Classes
 90
        0
 91
        0
280
     0
281
     0
  0
CLASS
  1
IDBUFFER
  2
AcDbIdBuffer
  3
ObjectDBX Classes
 90
        0
 91
        0
280
     0
281
     0
  0
CLASS
  1
ACDBSECTIONVIEWSTYLE
  2
AcDbSectionViewStyle
  3
ObjectDBX Classes
 90
     1025
 91
        1
280
     0
281
     0
  0
CLASS
  1
ACDBDETAILVIEWSTYLE
  2
AcDbDetailViewStyle
  3
ObjectDBX Classes
 90
     1025
 91
        1
280
     0
281
     0
  0
ENDSEC
  0
SECTION
  2
TABLES
  0
TABLE
  2
VPORT
  5
8
330
0
100
AcDbSymbolTable
 70
     1
  0
VPORT
  5
EA
330
8
100
AcDbSymbolTableRecord
100
AcDbViewportTableRecord
  2
*Active
 70
     0
 10
0.0
 20
0.0
 11
1.0
 21
1.0
 12
26.13531116233776
 22
8.376287332784158
 13
0.0
 23
0.0
 14
10.0
 24
10.0
 15
10.0
 25
10.0
 16
0.0
 26
0.0
 36
1.0
 17
0.0
 27
0.0
 37
0.0
 40
393.0272442228397
 41
2.104271356783919
 42
50.0
 43
0.0
 44
0.0
 50
0.0
 51
0.0
 71
     0
 72
  1000
 73
     1
 74
     3
 75
     0
 76
     1
 77
     0
 78
     0
281
     0
 65
     1
110
0.0
120
0.0
130
0.0
111
1.0
121
0.0
131
0.0
112
0.0
122
1.0
132
0.0
 79
     0
146
0.0
348
F5
 60
     3
 61
     5
292
     1
282
     1
141
0.0
142
0.0
 63
   250
421
  3355443
1001
ACAD_NAV_VCDISPLAY
1070
     3
  0
ENDTAB
  0
TABLE
  2
LTYPE
  5
5
330
0
100
AcDbSymbolTable
 70
     2
  0
LTYPE
  5
14
330
5
100
AcDbSymbolTableRecord
100
AcDbLinetypeTableRecord
  2
ByBlock
 70
     0
  3

 72
    65
 73
     0
 40
0.0
  0
LTYPE
  5
15
330
5
100
AcDbSymbolTableRecord
100
AcDbLinetypeTableRecord
  2
ByLayer
 70
     0
  3

 72
    65
 73
     0
 40
0.0
  0
LTYPE
  5
16
330
5
100
AcDbSymbolTableRecord
100
AcDbLinetypeTableRecord
  2
Continuous
 70
     0
  3
Solid line
 72
    65
 73
     0
 40
0.0
  0
ENDTAB
  0
TABLE
  2
LAYER
  5
2
102
{ACAD_XDICTIONARY
360
1FF
102
}
330
0
100
AcDbSymbolTable
 70
     1
0
LAYER
5
9e3
100
AcDbSymbolTableRecord
100
AcDbLayerTableRecord
2
TopLayer
70
0
420
16711680
6
Continuous
370
-3
390
F
347
21
0
LAYER
5
9e4
100
AcDbSymbolTableRecord
100
AcDbLayerTableRecord
2
BottomLayer
70
0
420
255
6
Continuous
370
-3
390
F
347
21
0
LAYER
5
9e5
100
AcDbSymbolTableRecord
100
AcDbLayerTableRecord
2
TopSilkLayer
70
0
420
16763904
6
Continuous
370
-3
390
F
347
21
0
LAYER
5
9e6
100
AcDbSymbolTableRecord
100
AcDbLayerTableRecord
2
BottomSilkLayer
70
0
420
6736947
6
Continuous
370
-3
390
F
347
21
0
LAYER
5
9e7
100
AcDbSymbolTableRecord
100
AcDbLayerTableRecord
2
BottomPasteMaskLayer
70
0
420
8388608
6
Continuous
370
-3
390
F
347
21
0
LAYER
5
9e8
100
AcDbSymbolTableRecord
100
AcDbLayerTableRecord
2
TopSolderMaskLayer
70
0
420
8388736
6
Continuous
370
-3
390
F
347
21
0
LAYER
5
9e9
100
AcDbSymbolTableRecord
100
AcDbLayerTableRecord
2
BottomSolderMaskLayer
70
0
420
11141375
6
Continuous
370
-3
390
F
347
21
0
LAYER
5
9ea
100
AcDbSymbolTableRecord
100
AcDbLayerTableRecord
2
BoardOutLine
70
0
420
16711935
6
Continuous
370
-3
390
F
347
21
0
LAYER
5
9eb
100
AcDbSymbolTableRecord
100
AcDbLayerTableRecord
2
Multi-Layer
70
0
420
12632256
6
Continuous
370
-3
390
F
347
21
0
LAYER
5
9ec
100
AcDbSymbolTableRecord
100
AcDbLayerTableRecord
2
Document
70
0
420
16777215
6
Continuous
370
-3
390
F
347
21
0
LAYER
5
9ed
100
AcDbSymbolTableRecord
100
AcDbLayerTableRecord
2
Mechanical
70
0
420
15737584
6
Continuous
370
-3
390
F
347
21
0
LAYER
5
9ee
100
AcDbSymbolTableRecord
100
AcDbLayerTableRecord
2
Hole
70
0
420
2236962
6
Continuous
370
-3
390
F
347
21
  0
LAYER
  5
10
102
{ACAD_XDICTIONARY
360
13C
102
}
330
2
100
AcDbSymbolTableRecord
100
AcDbLayerTableRecord
  2
0
 70
     0
 62
     7
  6
Continuous
370
    -3
390
F
347
EE
  0
ENDTAB
  0
TABLE
  2
STYLE
  5
3
330
0
100
AcDbSymbolTable
 70
     2
  0
STYLE
  5
11
330
3
100
AcDbSymbolTableRecord
100
AcDbTextStyleTableRecord
  2
Standard
 70
     0
 40
0.0
 41
1.0
 50
0.0
 71
     0
 42
2.5
  3
arial.ttf
  4

1001
ACAD
1000
Arial
1071
       34
  0
STYLE
  5
132
330
3
100
AcDbSymbolTableRecord
100
AcDbTextStyleTableRecord
  2
Annotative
 70
     0
 40
0.0
 41
1.0
 50
0.0
 71
     0
 42
2.5
  3
arial.ttf
  4

1001
AcadAnnotative
1000
AnnotativeData
1002
{
1070
     1
1070
     1
1002
}
1001
ACAD
1000
Arial
1071
       34
  0
ENDTAB
  0
TABLE
  2
VIEW
  5
6
330
0
100
AcDbSymbolTable
 70
     0
  0
ENDTAB
  0
TABLE
  2
UCS
  5
7
330
0
100
AcDbSymbolTable
 70
     0
  0
ENDTAB
  0
TABLE
  2
APPID
  5
9
330
0
100
AcDbSymbolTable
 70
     9
  0
APPID
  5
12
330
9
100
AcDbSymbolTableRecord
100
AcDbRegAppTableRecord
  2
ACAD
 70
     0
  0
APPID
  5
9E
330
9
100
AcDbSymbolTableRecord
100
AcDbRegAppTableRecord
  2
ACAD_PSEXT
 70
     0
  0
APPID
  5
133
330
9
100
AcDbSymbolTableRecord
100
AcDbRegAppTableRecord
  2
AcadAnnoPO
 70
     0
  0
APPID
  5
134
330
9
100
AcDbSymbolTableRecord
100
AcDbRegAppTableRecord
  2
AcadAnnotative
 70
     0
  0
APPID
  5
135
330
9
100
AcDbSymbolTableRecord
100
AcDbRegAppTableRecord
  2
ACAD_DSTYLE_DIMJAG
 70
     0
  0
APPID
  5
136
330
9
100
AcDbSymbolTableRecord
100
AcDbRegAppTableRecord
  2
ACAD_DSTYLE_DIMTALN
 70
     0
  0
APPID
  5
165
330
9
100
AcDbSymbolTableRecord
100
AcDbRegAppTableRecord
  2
ACAD_MLEADERVER
 70
     0
  0
APPID
  5
217
330
9
100
AcDbSymbolTableRecord
100
AcDbRegAppTableRecord
  2
ACAD_NAV_VCDISPLAY
 70
     0
  0
APPID
  5
26E
330
9
100
AcDbSymbolTableRecord
100
AcDbRegAppTableRecord
  2
ACAD_EXEMPT_FROM_CAD_STANDARDS
 70
     0
  0
ENDTAB
  0
TABLE
  2
DIMSTYLE
  5
A
330
0
100
AcDbSymbolTable
 70
     4
100
AcDbDimStyleTable
 71
     2
340
27
340
137
  0
DIMSTYLE
105
1B0
330
A
100
AcDbSymbolTableRecord
100
AcDbDimStyleTableRecord
  2
Standard
 70
     0
340
11
  0
DIMSTYLE
105
137
330
A
100
AcDbSymbolTableRecord
100
AcDbDimStyleTableRecord
  2
Annotative
 70
     0
 40
0.0
 41
2.5
 42
0.625
 43
3.75
 44
1.25
 73
     0
 74
     0
 77
     1
 78
     8
140
2.5
141
2.5
143
0.03937007874016
147
0.625
171
     3
172
     1
271
     2
272
     2
274
     3
278
    44
283
     0
284
     8
340
11
1001
AcadAnnotative
1000
AnnotativeData
1002
{
1070
     1
1070
     1
1002
}
1001
ACAD_DSTYLE_DIMJAG
1070
   388
1040
1.5
1001
ACAD_DSTYLE_DIMTALN
1070
   392
1070
     0
  0
DIMSTYLE
105
27
330
A
100
AcDbSymbolTableRecord
100
AcDbDimStyleTableRecord
  2
ISO-25
 70
     0
 41
2.5
 42
0.625
 43
3.75
 44
1.25
 73
     0
 74
     0
 77
     1
 78
     8
140
2.5
141
2.5
143
0.03937007874016
147
0.625
171
     3
172
     1
271
     2
272
     2
274
     3
278
    44
283
     0
284
     8
340
11
  0
ENDTAB
  0
TABLE
  2
BLOCK_RECORD
  5
1
330
0
100
AcDbSymbolTable
 70
     2
  0
BLOCK_RECORD
  5
1F
102
{ACAD_XDICTIONARY
360
1CE
102
}
330
1
100
AcDbSymbolTableRecord
100
AcDbBlockTableRecord
  2
*Model_Space
340
22
 70
     0
280
     1
281
     0
  0
BLOCK_RECORD
  5
D2
330
1
100
AcDbSymbolTableRecord
100
AcDbBlockTableRecord
  2
*Paper_Space
340
D3
 70
     0
280
     1
281
     0
  0
BLOCK_RECORD
  5
D6
330
1
100
AcDbSymbolTableRecord
100
AcDbBlockTableRecord
  2
*Paper_Space0
340
D7
 70
     0
280
     1
281
     0
  0
ENDTAB
  0
ENDSEC
  0
SECTION
  2
BLOCKS
  0
BLOCK
  5
20
330
1F
100
AcDbEntity
  8
0
100
AcDbBlockBegin
  2
*Model_Space
 70
     0
 10
0.0
 20
0.0
 30
0.0
  3
*Model_Space
  1

  0
ENDBLK
  5
21
330
1F
100
AcDbEntity
  8
0
100
AcDbBlockEnd
  0
BLOCK
  5
D4
330
D2
100
AcDbEntity
 67
     1
  8
0
100
AcDbBlockBegin
  2
*Paper_Space
 70
     0
 10
0.0
 20
0.0
 30
0.0
  3
*Paper_Space
  1

  0
ENDBLK
  5
D5
330
D2
100
AcDbEntity
 67
     1
  8
0
100
AcDbBlockEnd
  0
BLOCK
  5
D8
330
D6
100
AcDbEntity
 67
     1
  8
0
100
AcDbBlockBegin
  2
*Paper_Space0
 70
     0
 10
0.0
 20
0.0
 30
0.0
  3
*Paper_Space0
  1

  0
ENDBLK
  5
D9
330
D6
100
AcDbEntity
 67
     1
  8
0
100
AcDbBlockEnd
  0
ENDSEC
  0
SECTION
  2
ENTITIES
  0
LWPOLYLINE
  5
3e8
330
1F
100
AcDbEntity
  8
BottomLayer
100
AcDbPolyline
 90
3
 70
 0
 43
0.25400050800101603 
 10
89.9668275336553
 20
-12.700127000253929
 10
89.9668275336553
 20
-12.966827533655078
 10
91.49387858775731
 20
-14.49387858775708
 10
97.97673355346728
 20
-14.49387858775708
  0
LWPOLYLINE
  5
3e9
330
1F
100
AcDbEntity
  8
BottomLayer
100
AcDbPolyline
 90
1
 70
 0
 43
0.25400050800101603 
 10
88.9002794005587
 20
-12.700127000253929
 10
89.9668275336553
 20
-12.700127000253929
  0
LWPOLYLINE
  5
3ea
330
1F
100
AcDbEntity
  8
BottomLayer
100
AcDbPolyline
 90
4
 70
 0
 43
0.5080010160020321 
 10
113.66507493014979
 20
-11.302870205740419
 10
108.55636271272556
 20
-6.194157988315965
 10
81.30236220472443
 20
-6.194157988315965
 10
78.1052578105157
 20
-2.997053594107115
 10
78.1052578105157
 20
-2.5401066802132846
  0
LWPOLYLINE
  5
3eb
330
1F
100
AcDbEntity
  8
BottomLayer
100
AcDbPolyline
 90
6
 70
 0
 43
0.25400050800101603 
 10
111.12506985013965
 20
-11.302870205740419
 10
108.54391668783342
 20
-13.884023368046769
 10
95.94447548895096
 20
-13.884023368046769
 10
95.19339598679198
 20
-13.132943865887796
 10
95.19339598679198
 20
-12.382118364236703
 10
93.98714757429525
 20
-11.175869951739969
 10
82.29601219202436
 20
-11.175869951739969
  0
LWPOLYLINE
  5
3ec
330
1F
100
AcDbEntity
  8
BottomLayer
100
AcDbPolyline
 90
1
 70
 0
 43
0.25400050800101603 
 10
101.60106680213357
 20
19.81193802387611
 10
102.98105156210295
 20
19.81193802387611
  0
LWPOLYLINE
  5
3ed
330
1F
100
AcDbEntity
  8
BottomLayer
100
AcDbPolyline
 90
1
 70
 0
 43
0.25400050800101603 
 10
86.36103632207255
 20
17.271932943865977
 10
84.98105156210295
 20
17.271932943865977
  0
LWPOLYLINE
  5
3ee
330
1F
100
AcDbEntity
  8
BottomLayer
100
AcDbPolyline
 90
4
 70
 0
 43
0.25400050800101603 
 10
86.36103632207255
 20
17.271932943865977
 10
87.45527051054091
 20
18.36616713233434
 10
104.04150368300725
 20
18.36616713233434
 10
116.71308102616194
 20
5.694589789179645
 10
116.71308102616194
 20
5.091084582169174
  0
LWPOLYLINE
  5
3ef
330
1F
100
AcDbEntity
  8
BottomLayer
100
AcDbPolyline
 90
1
 70
 0
 43
0.25400050800101603 
 10
101.60106680213357
 20
14.73192786385573
 10
102.98105156210295
 20
14.73192786385573
  0
LWPOLYLINE
  5
3f0
330
1F
100
AcDbEntity
  8
BottomLayer
100
AcDbPolyline
 90
5
 70
 0
 43
0.25400050800101603 
 10
101.60106680213357
 20
14.73192786385573
 10
93.53883667767332
 20
6.669697739395474
 10
71.40624841249678
 20
6.669697739395474
 10
70.12430784861567
 20
5.387757175514366
 10
70.12430784861567
 20
3.651917703835352
 10
71.24699009398023
 20
2.529235458471021
  0
LWPOLYLINE
  5
3f1
330
1F
100
AcDbEntity
  8
BottomLayer
100
AcDbPolyline
 90
1
 70
 0
 43
0.25400050800101603 
 10
86.36103632207255
 20
22.351943103886242
 10
84.98105156210295
 20
22.351943103886242
  0
LWPOLYLINE
  5
3f2
330
1F
100
AcDbEntity
  8
BottomLayer
100
AcDbPolyline
 90
3
 70
 0
 43
0.25400050800101603 
 10
86.36103632207255
 20
22.351943103886242
 10
87.01457962915924
 20
21.69839979679955
 10
95.47432054864134
 20
21.69839979679955
 10
96.50911861823738
 20
22.7331978663957
  0
LWPOLYLINE
  5
3f3
330
1F
100
AcDbEntity
  8
BottomLayer
100
AcDbPolyline
 90
1
 70
 0
 43
0.25400050800101603 
 10
101.60106680213357
 20
24.891948183896375
 10
102.98105156210295
 20
24.891948183896375
  0
LWPOLYLINE
  5
3f4
330
1F
100
AcDbEntity
  8
BottomLayer
100
AcDbPolyline
 90
1
 70
 0
 43
0.25400050800101603 
 10
86.36103632207255
 20
27.43195326390662
 10
84.98105156210295
 20
27.43195326390662
  0
LWPOLYLINE
  5
3f5
330
1F
100
AcDbEntity
  8
BottomLayer
100
AcDbPolyline
 90
1
 70
 0
 43
0.25400050800101603 
 10
101.60106680213357
 20
17.271932943865977
 10
102.98105156210295
 20
17.271932943865977
  0
LWPOLYLINE
  5
3f6
330
1F
100
AcDbEntity
  8
BottomLayer
100
AcDbPolyline
 90
1
 70
 0
 43
0.25400050800101603 
 10
108.6980949961901
 20
5.486055372110741
 10
116.71308102616194
 20
-2.5289306578613377
  0
LWPOLYLINE
  5
3f7
330
1F
100
AcDbEntity
  8
BottomLayer
100
AcDbPolyline
 90
1
 70
 0
 43
0.25400050800101603 
 10
86.36103632207255
 20
19.81193802387611
 10
84.98105156210295
 20
19.81193802387611
  0
LWPOLYLINE
  5
3f8
330
1F
100
AcDbEntity
  8
BottomLayer
100
AcDbPolyline
 90
1
 70
 0
 43
0.5080010160020321 
 10
84.98105156210295
 20
29.971958343916754
 10
86.36103632207255
 20
29.971958343916754
  0
LWPOLYLINE
  5
3f9
330
1F
100
AcDbEntity
  8
BottomLayer
100
AcDbPolyline
 90
4
 70
 0
 43
0.5080010160020321 
 10
71.24699009398023
 20
-2.4019304038607743
 10
73.44003048006084
 20
-2.4019304038607743
 10
77.979019558039
 20
-6.940919481838932
 10
90.76108712217433
 20
-6.940919481838932
 10
96.52029464058933
 20
-12.700127000253929
  0
LWPOLYLINE
  5
3fa
330
1F
100
AcDbEntity
  8
BottomLayer
100
AcDbPolyline
 90
5
 70
 0
 43
0.5080010160020321 
 10
96.2302260604522
 20
-22.58100076200151
 10
102.8126492252984
 20
-15.998577597155077
 10
113.79842519685053
 20
-15.998577597155077
 10
117.53248666497348
 20
-12.264516129032245
 10
117.53248666497348
 20
-5.910185420370794
 10
116.71308102616194
 20
-5.09077978155949
  0
LWPOLYLINE
  5
3fb
330
1F
100
AcDbEntity
  8
BottomLayer
100
AcDbPolyline
 90
4
 70
 0
 43
0.5080010160020321 
 10
88.88910337820676
 20
-22.73289306578613
 10
88.88910337820676
 20
-22.412090424180747
 10
89.78293116586246
 20
-21.518262636525264
 10
95.16748793497595
 20
-21.518262636525264
 10
96.2302260604522
 20
-22.58100076200151
  0
LWPOLYLINE
  5
3fc
330
1F
100
AcDbEntity
  8
BottomLayer
100
AcDbPolyline
 90
1
 70
 0
 43
0.5080010160020321 
 10
96.2302260604522
 20
-22.58100076200151
 10
96.3821183642367
 20
-22.73289306578613
  0
LWPOLYLINE
  5
3fd
330
1F
100
AcDbEntity
  8
BottomLayer
100
AcDbPolyline
 90
3
 70
 0
 43
0.5080010160020321 
 10
99.07096774193565
 20
22.7331978663957
 10
99.07096774193565
 20
23.05400050800108
 10
98.22032004064022
 20
23.904648209296397
 10
91.5779527559057
 20
23.904648209296397
  0
LWPOLYLINE
  5
3fe
330
1F
100
AcDbEntity
  8
BottomLayer
100
AcDbPolyline
 90
2
 70
 0
 43
0.5080010160020321 
 10
86.36103632207255
 20
29.971958343916754
 10
91.5779527559057
 20
24.755041910083833
 10
91.5779527559057
 20
23.904648209296397
  0
LWPOLYLINE
  5
3ff
330
1F
100
AcDbEntity
  8
BottomLayer
100
AcDbPolyline
 90
1
 70
 0
 43
0.5080010160020321 
 10
91.5779527559057
 20
23.904648209296397
 10
91.5779527559057
 20
22.7331978663957
  0
LWPOLYLINE
  5
400
330
1F
100
AcDbEntity
  8
BottomLayer
100
AcDbPolyline
 90
1
 70
 0
 43
0.25400050800101603 
 10
101.60106680213357
 20
32.511963423926886
 10
102.98105156210295
 20
32.511963423926886
  0
LWPOLYLINE
  5
401
330
1F
100
AcDbEntity
  8
BottomLayer
100
AcDbPolyline
 90
9
 70
 0
 43
0.25400050800101603 
 10
91.44028448056906
 20
-12.700127000253929
 10
90.37195834391673
 20
-11.631800863601825
 10
87.99705359410723
 20
-11.631800863601825
 10
87.22159004318019
 20
-12.407264414528868
 10
81.79613919227836
 20
-12.407264414528868
 10
81.01076962153934
 20
-11.621894843789732
 10
81.01076962153934
 20
-10.727305054610156
 10
81.83220726441436
 20
-9.905867411734903
 10
90.45501651003315
 20
-9.905867411734903
 10
91.43520447040896
 20
-8.925679451358974
  0
LWPOLYLINE
  5
402
330
1F
100
AcDbEntity
  8
BottomLayer
100
AcDbPolyline
 90
7
 70
 0
 43
0.25400050800101603 
 10
90.73213106426215
 20
18.973990347980703
 10
98.79994919989849
 20
18.973990347980703
 10
101.08950977901964
 20
21.263550927101846
 10
104.0636017272036
 20
21.263550927101846
 10
104.26197612395231
 20
21.461925323850664
 10
104.26197612395231
 20
30.97373634747271
 10
103.75295910591831
 20
31.48275336550671
 10
102.98105156210295
 20
31.48275336550671
  0
LWPOLYLINE
  5
403
330
1F
100
AcDbEntity
  8
BottomLayer
100
AcDbPolyline
 90
1
 70
 0
 43
0.25400050800101603 
 10
102.98105156210295
 20
32.511963423926886
 10
102.98105156210295
 20
31.48275336550671
  0
LWPOLYLINE
  5
404
330
1F
100
AcDbEntity
  8
BottomLayer
100
AcDbPolyline
 90
1
 70
 0
 43
0.25400050800101603 
 10
86.36103632207255
 20
14.73192786385573
 10
84.98105156210295
 20
14.73192786385573
  0
LWPOLYLINE
  5
405
330
1F
100
AcDbEntity
  8
BottomLayer
100
AcDbPolyline
 90
3
 70
 0
 43
0.25400050800101603 
 10
79.37526035052065
 20
-2.5401066802132846
 10
79.37526035052065
 20
-2.0534417068834045
 10
78.23225806451615
 20
-0.9104394208789017
 10
78.23225806451615
 20
2.5399034798069806
  0
LWPOLYLINE
  5
406
330
1F
100
AcDbEntity
  8
BottomLayer
100
AcDbPolyline
 90
2
 70
 0
 43
0.25400050800101603 
 10
99.06029972059946
 20
-12.700127000253929
 10
107.18780797561612
 20
-12.700127000253929
 10
108.58506477012952
 20
-11.302870205740419
  0
LWPOLYLINE
  5
407
330
1F
100
AcDbEntity
  8
BottomLayer
100
AcDbPolyline
 90
1
 70
 0
 43
0.25400050800101603 
 10
80.64526289052583
 20
-2.5401066802132846
 10
80.64526289052583
 20
-1.460858521717114
  0
LWPOLYLINE
  5
408
330
1F
100
AcDbEntity
  8
BottomLayer
100
AcDbPolyline
 90
2
 70
 0
 43
0.25400050800101603 
 10
80.64526289052583
 20
-1.460858521717114
 10
80.77226314452628
 20
-1.3338582677165505
 10
80.77226314452628
 20
2.5399034798069806
  0
LWPOLYLINE
  5
409
330
1F
100
AcDbEntity
  8
BottomLayer
100
AcDbPolyline
 90
2
 70
 0
 43
0.25400050800101603 
 10
80.77226314452628
 20
3.619151638303265
 10
80.58125476250962
 20
3.8101600203200405
 10
71.24699009398023
 20
3.8101600203200405
  0
LWPOLYLINE
  5
40a
330
1F
100
AcDbEntity
  8
BottomLayer
100
AcDbPolyline
 90
1
 70
 0
 43
0.25400050800101603 
 10
80.77226314452628
 20
2.5399034798069806
 10
80.77226314452628
 20
3.619151638303265
  0
LWPOLYLINE
  5
40b
330
1F
100
AcDbEntity
  8
BottomLayer
100
AcDbPolyline
 90
1
 70
 0
 43
0.25400050800101603 
 10
86.36103632207255
 20
32.511963423926886
 10
84.98105156210295
 20
32.511963423926886
  0
LWPOLYLINE
  5
40c
330
1F
100
AcDbEntity
  8
BottomLayer
100
AcDbPolyline
 90
4
 70
 0
 43
0.25400050800101603 
 10
90.17002794005589
 20
-22.73289306578613
 10
91.30566421132858
 20
-23.868529337058703
 10
96.8771653543306
 20
-23.868529337058703
 10
97.66304292608584
 20
-23.08265176530358
 10
97.66304292608584
 20
-22.73289306578613
  0
LWPOLYLINE
  5
40d
330
1F
100
AcDbEntity
  8
BottomLayer
100
AcDbPolyline
 90
4
 70
 0
 43
0.25400050800101603 
 10
123.54594869189759
 20
2.489103378206778
 10
123.16316992633983
 20
2.106324612649246
 10
119.81468122936258
 20
2.106324612649246
 10
118.11084582169178
 20
3.8101600203200405
 10
116.71308102616194
 20
3.8101600203200405
  0
LWPOLYLINE
  5
40e
330
1F
100
AcDbEntity
  8
BottomLayer
100
AcDbPolyline
 90
4
 70
 0
 43
0.25400050800101603 
 10
116.71308102616194
 20
3.8101600203200405
 10
104.71028702057401
 20
15.812954025908084
 10
101.24394208788408
 20
15.812954025908084
 10
99.692760985522
 20
17.364135128270277
 10
96.93533147066296
 20
17.364135128270277
  0
LWPOLYLINE
  5
40f
330
1F
100
AcDbEntity
  8
BottomLayer
100
AcDbPolyline
 90
4
 70
 0
 43
0.25400050800101603 
 10
71.24699009398023
 20
-3.6828549657099074
 10
69.19974599949205
 20
-3.6828549657099074
 10
67.6193548387098
 20
-2.102463804927538
 10
64.80147320294645
 20
-2.102463804927538
 10
64.41463042926102
 20
-2.4893065786131956
  0
LWPOLYLINE
  5
410
330
1F
100
AcDbEntity
  8
BottomLayer
100
AcDbPolyline
 90
1
 70
 0
 43
0.25400050800101603 
 10
102.98105156210295
 20
29.971958343916754
 10
101.70190500381023
 20
29.971958343916754
  0
LWPOLYLINE
  5
411
330
1F
100
AcDbEntity
  8
BottomLayer
100
AcDbPolyline
 90
1
 70
 0
 43
0.25400050800101603 
 10
101.60106680213357
 20
29.971958343916754
 10
101.70190500381023
 20
29.971958343916754
  0
LWPOLYLINE
  5
412
330
1F
100
AcDbEntity
  8
BottomLayer
100
AcDbPolyline
 90
2
 70
 0
 43
0.25400050800101603 
 10
101.60106680213357
 20
29.971958343916754
 10
100.41310642621283
 20
31.15991871983738
 10
83.35849631699261
 20
31.15991871983738
  0
LWPOLYLINE
  5
413
330
1F
100
AcDbEntity
  8
BottomLayer
100
AcDbPolyline
 90
1
 70
 0
 43
0.25400050800101603 
 10
86.36103632207255
 20
24.891948183896375
 10
84.98105156210295
 20
24.891948183896375
  0
LWPOLYLINE
  5
414
330
1F
100
AcDbEntity
  8
BottomLayer
100
AcDbPolyline
 90
4
 70
 0
 43
0.25400050800101603 
 10
115.13853187706377
 20
-11.302870205740419
 10
115.13853187706377
 20
-11.569570739141454
 10
111.60411480822972
 20
-15.103987807975614
 10
81.14411988823986
 20
-15.103987807975614
 10
74.67599695199397
 20
-8.635864871729723
  0
LWPOLYLINE
  5
415
330
1F
100
AcDbEntity
  8
BottomLayer
100
AcDbPolyline
 90
1
 70
 0
 43
0.25400050800101603 
 10
116.20508001015992
 20
-11.302870205740419
 10
115.13853187706377
 20
-11.302870205740419
  0
LWPOLYLINE
  5
416
330
1F
100
AcDbEntity
  8
BottomLayer
100
AcDbPolyline
 90
1
 70
 0
 43
0.25400050800101603 
 10
101.60106680213357
 20
27.43195326390662
 10
102.98105156210295
 20
27.43195326390662
  0
LWPOLYLINE
  5
417
330
1F
100
AcDbEntity
  8
BottomLayer
100
AcDbPolyline
 90
1
 70
 0
 43
0.25400050800101603 
 10
101.60106680213357
 20
22.351943103886242
 10
102.98105156210295
 20
22.351943103886242
  0
LWPOLYLINE
  5
418
330
1F
100
AcDbEntity
  8
BottomLayer
100
AcDbPolyline
 90
2
 70
 0
 43
0.25400050800101603 
 10
101.60106680213357
 20
22.351943103886242
 10
100.0120396240793
 20
20.762915925831862
 10
90.1464058928118
 20
20.762915925831862
  0
LWPOLYLINE
  5
419
330
1F
100
AcDbEntity
  8
BoardOutLine
100
AcDbPolyline
 90
1
 70
 0
 43
0.25400050800101603 
 10
88.8069088138177
 20
-36.642468884937784
 10
88.8069088138177
 20
-34.77950215900432
  0
LWPOLYLINE
  5
41a
330
1F
100
AcDbEntity
  8
BoardOutLine
100
AcDbPolyline
 90
1
 70
 0
 43
0.25400050800101603 
 10
80.40360680721369
 20
-29.85255270510538
 10
78.29636779273574
 20
-33.51366522733042
  0
LWPOLYLINE
  5
41b
330
1F
100
AcDbEntity
  8
BoardOutLine
100
AcDbPolyline
 90
1
 70
 0
 43
0.25400050800101603 
 10
72.90294640589286
 20
-30.409347218694393
 10
75.01021082042166
 20
-26.748234696469353
  0
LWPOLYLINE
  5
41c
330
1F
100
AcDbEntity
  8
BoardOutLine
100
AcDbPolyline
 90
1
 70
 0
 43
0.25400050800101603 
 10
68.43883667767341
 20
-20.772923545847107
 10
64.87101854203729
 20
-22.83281686563373
  0
LWPOLYLINE
  5
41d
330
1F
100
AcDbEntity
  8
BoardOutLine
100
AcDbPolyline
 90
1
 70
 0
 43
0.25400050800101603 
 10
59.66400812801635
 20
-13.814020828041635
 10
63.23185166370331
 20
-11.75412750825501
  0
LWPOLYLINE
  5
41e
330
1F
100
AcDbEntity
  8
BoardOutLine
100
AcDbPolyline
 90
1
 70
 0
 43
0.25400050800101603 
 10
59.33197866395744
 20
-5.304572009144067
 10
57.37269494538987
 20
-5.304572009144067
  0
LWPOLYLINE
  5
41f
330
1F
100
AcDbEntity
  8
BoardOutLine
100
AcDbPolyline
 90
1
 70
 0
 43
0.25400050800101603 
 10
57.33136906273808
 20
4.995427990856001
 10
59.33197866395744
 20
4.995427990856001
  0
LWPOLYLINE
  5
420
330
1F
100
AcDbEntity
  8
BoardOutLine
100
AcDbPolyline
 90
1
 70
 0
 43
0.25400050800101603 
 10
64.26736093472186
 20
13.393903987808017
 10
60.43655067310124
 20
15.582905765811574
  0
LWPOLYLINE
  5
421
330
1F
100
AcDbEntity
  8
BoardOutLine
100
AcDbPolyline
 90
1
 70
 0
 43
0.25400050800101603 
 10
63.52400304800608
 20
20.986004572009165
 10
67.3548133096267
 20
18.796977393954876
  0
LWPOLYLINE
  5
422
330
1F
100
AcDbEntity
  8
BoardOutLine
100
AcDbPolyline
 90
1
 70
 0
 43
0.25400050800101603 
 10
73.22616205232407
 20
25.545186690373384
 10
71.16626873253745
 20
29.11303022606046
  0
LWPOLYLINE
  5
423
330
1F
100
AcDbEntity
  8
BoardOutLine
100
AcDbPolyline
 90
1
 70
 0
 43
0.25400050800101603 
 10
80.18506477012966
 20
34.32001524003056
 10
82.24495808991605
 20
30.752197104394213
  0
LWPOLYLINE
  5
424
330
1F
100
AcDbEntity
  8
BoardOutLine
100
AcDbPolyline
 90
1
 70
 0
 43
0.25400050800101603 
 10
107.51437642875294
 20
29.55062230124463
 10
109.77642875285756
 20
33.45646431292869
  0
LWPOLYLINE
  5
425
330
1F
100
AcDbEntity
  8
BoardOutLine
100
AcDbPolyline
 90
1
 70
 0
 43
0.25400050800101603 
 10
115.16149352298703
 20
30.337719075438258
 10
112.89946659893326
 20
26.4318770637542
  0
LWPOLYLINE
  5
426
330
1F
100
AcDbEntity
  8
BoardOutLine
100
AcDbPolyline
 90
1
 70
 0
 43
0.25400050800101603 
 10
119.54427228854456
 20
20.757861315722607
 10
123.11211582423175
 20
22.817754635509345
  0
LWPOLYLINE
  5
427
330
1F
100
AcDbEntity
  8
BoardOutLine
100
AcDbPolyline
 90
1
 70
 0
 43
0.25400050800101603 
 10
128.31912623825247
 20
13.798958597917249
 10
124.7512827025655
 20
11.739090678181356
  0
LWPOLYLINE
  5
428
330
1F
100
AcDbEntity
  8
BoardOutLine
100
AcDbPolyline
 90
1
 70
 0
 43
0.25400050800101603 
 10
128.58186436372876
 20
4.995427990856001
 10
130.65176530353074
 20
4.995427990856001
  0
LWPOLYLINE
  5
429
330
1F
100
AcDbEntity
  8
BoardOutLine
100
AcDbPolyline
 90
1
 70
 0
 43
0.25400050800101603 
 10
130.61043942087895
 20
-5.304572009144067
 10
128.58186436372876
 20
-5.304572009144067
  0
LWPOLYLINE
  5
42a
330
1F
100
AcDbEntity
  8
BoardOutLine
100
AcDbPolyline
 90
1
 70
 0
 43
0.25400050800101603 
 10
123.67045974091934
 20
-13.716865633731231
 10
127.40645161290308
 20
-15.896062992125962
  0
LWPOLYLINE
  5
42b
330
1F
100
AcDbEntity
  8
BoardOutLine
100
AcDbPolyline
 90
1
 70
 0
 43
0.25400050800101603 
 10
124.27101854203715
 20
-21.271450342900607
 10
120.53502667005341
 20
-19.09227838455672
  0
LWPOLYLINE
  5
42c
330
1F
100
AcDbEntity
  8
BoardOutLine
100
AcDbPolyline
 90
1
 70
 0
 43
0.25400050800101603 
 10
114.7569469138939
 20
-25.560248920497884
 10
116.81684023368052
 20
-29.128067056134114
  0
LWPOLYLINE
  5
42d
330
1F
100
AcDbEntity
  8
BoardOutLine
100
AcDbPolyline
 90
1
 70
 0
 43
0.25400050800101603 
 10
107.79806959613916
 20
-34.33507747015494
 10
105.73817627635253
 20
-30.767233934467868
  0
LWPOLYLINE
  5
42e
330
1F
100
AcDbEntity
  8
BoardOutLine
100
AcDbPolyline
 90
1
 70
 0
 43
0.25400050800101603 
 10
99.10690881381765
 20
-34.77950215900432
 10
99.10690881381765
 20
-36.65222250444492
  0
LWPOLYLINE
  5
42f
330
1F
100
AcDbEntity
  8
BoardOutLine
100
AcDbPolyline
 90
1
 70
 0
 43
0.25400050800101603 
 10
80.40360680721369
 20
-29.85255270510538
 10
78.29636779273574
 20
-33.51366522733042
  0
LWPOLYLINE
  5
430
330
1F
100
AcDbEntity
  8
BoardOutLine
100
AcDbPolyline
 90
1
 70
 0
 43
0.25400050800101603 
 10
72.90294640589286
 20
-30.409347218694393
 10
75.01021082042166
 20
-26.748234696469353
  0
LWPOLYLINE
  5
431
330
1F
100
AcDbEntity
  8
BoardOutLine
100
AcDbPolyline
 90
1
 70
 0
 43
0.25400050800101603 
 10
68.43883667767341
 20
-20.772923545847107
 10
64.87101854203729
 20
-22.83281686563373
  0
LWPOLYLINE
  5
432
330
1F
100
AcDbEntity
  8
BoardOutLine
100
AcDbPolyline
 90
1
 70
 0
 43
0.25400050800101603 
 10
59.66400812801635
 20
-13.814020828041635
 10
63.23185166370331
 20
-11.75412750825501
  0
LWPOLYLINE
  5
433
330
1F
100
AcDbEntity
  8
BoardOutLine
100
AcDbPolyline
 90
1
 70
 0
 43
0.25400050800101603 
 10
59.33197866395744
 20
-5.304572009144067
 10
57.37269494538987
 20
-5.304572009144067
  0
LWPOLYLINE
  5
434
330
1F
100
AcDbEntity
  8
BoardOutLine
100
AcDbPolyline
 90
1
 70
 0
 43
0.25400050800101603 
 10
57.33136906273808
 20
4.995427990856001
 10
59.33197866395744
 20
4.995427990856001
  0
LWPOLYLINE
  5
435
330
1F
100
AcDbEntity
  8
BoardOutLine
100
AcDbPolyline
 90
1
 70
 0
 43
0.25400050800101603 
 10
64.26736093472186
 20
13.393903987808017
 10
60.43655067310124
 20
15.582905765811574
  0
LWPOLYLINE
  5
436
330
1F
100
AcDbEntity
  8
BoardOutLine
100
AcDbPolyline
 90
1
 70
 0
 43
0.25400050800101603 
 10
63.52400304800608
 20
20.986004572009165
 10
67.3548133096267
 20
18.796977393954876
  0
LWPOLYLINE
  5
437
330
1F
100
AcDbEntity
  8
BoardOutLine
100
AcDbPolyline
 90
1
 70
 0
 43
0.25400050800101603 
 10
73.22616205232407
 20
25.545186690373384
 10
71.16626873253745
 20
29.11303022606046
  0
LWPOLYLINE
  5
438
330
1F
100
AcDbEntity
  8
BoardOutLine
100
AcDbPolyline
 90
1
 70
 0
 43
0.25400050800101603 
 10
80.18506477012966
 20
34.32001524003056
 10
82.24495808991605
 20
30.752197104394213
  0
LWPOLYLINE
  5
439
330
1F
100
AcDbEntity
  8
BoardOutLine
100
AcDbPolyline
 90
1
 70
 0
 43
0.25400050800101603 
 10
107.51437642875294
 20
29.55062230124463
 10
109.77642875285756
 20
33.45646431292869
  0
LWPOLYLINE
  5
43a
330
1F
100
AcDbEntity
  8
BoardOutLine
100
AcDbPolyline
 90
1
 70
 0
 43
0.25400050800101603 
 10
115.16149352298703
 20
30.337719075438258
 10
112.89946659893326
 20
26.4318770637542
  0
LWPOLYLINE
  5
43b
330
1F
100
AcDbEntity
  8
BoardOutLine
100
AcDbPolyline
 90
1
 70
 0
 43
0.25400050800101603 
 10
119.54427228854456
 20
20.757861315722607
 10
123.11211582423175
 20
22.817754635509345
  0
LWPOLYLINE
  5
43c
330
1F
100
AcDbEntity
  8
BoardOutLine
100
AcDbPolyline
 90
1
 70
 0
 43
0.25400050800101603 
 10
128.31912623825247
 20
13.798958597917249
 10
124.7512827025655
 20
11.739090678181356
  0
LWPOLYLINE
  5
43d
330
1F
100
AcDbEntity
  8
BoardOutLine
100
AcDbPolyline
 90
1
 70
 0
 43
0.25400050800101603 
 10
128.58186436372876
 20
4.995427990856001
 10
130.65176530353074
 20
4.995427990856001
  0
LWPOLYLINE
  5
43e
330
1F
100
AcDbEntity
  8
BoardOutLine
100
AcDbPolyline
 90
1
 70
 0
 43
0.25400050800101603 
 10
130.61043942087895
 20
-5.304572009144067
 10
128.58186436372876
 20
-5.304572009144067
  0
LWPOLYLINE
  5
43f
330
1F
100
AcDbEntity
  8
BoardOutLine
100
AcDbPolyline
 90
1
 70
 0
 43
0.25400050800101603 
 10
123.67045974091934
 20
-13.716865633731231
 10
127.40645161290308
 20
-15.896062992125962
  0
LWPOLYLINE
  5
440
330
1F
100
AcDbEntity
  8
BoardOutLine
100
AcDbPolyline
 90
1
 70
 0
 43
0.25400050800101603 
 10
124.27101854203715
 20
-21.271450342900607
 10
120.53502667005341
 20
-19.09227838455672
  0
LWPOLYLINE
  5
441
330
1F
100
AcDbEntity
  8
BoardOutLine
100
AcDbPolyline
 90
1
 70
 0
 43
0.25400050800101603 
 10
114.7569469138939
 20
-25.560248920497884
 10
116.81684023368052
 20
-29.128067056134114
  0
LWPOLYLINE
  5
442
330
1F
100
AcDbEntity
  8
BoardOutLine
100
AcDbPolyline
 90
1
 70
 0
 43
0.25400050800101603 
 10
107.79806959613916
 20
-34.33507747015494
 10
105.73817627635253
 20
-30.767233934467868
  0
LWPOLYLINE
  5
443
330
1F
100
AcDbEntity
  8
BoardOutLine
100
AcDbPolyline
 90
1
 70
 0
 43
0.25400050800101603 
 10
99.10690881381765
 20
-34.77950215900432
 10
99.10690881381765
 20
-36.65222250444492
  0
LWPOLYLINE
  5
444
330
1F
100
AcDbEntity
  8
BoardOutLine
100
AcDbPolyline
 90
1
 70
 0
 43
0.25400050800101603 
 10
88.8069088138177
 20
-36.642468884937784
 10
88.8069088138177
 20
-34.77950215900432
  0
LWPOLYLINE
  5
445
330
1F
100
AcDbEntity
  8
TopLayer
100
AcDbPolyline
 90
4
 70
 0
 43
0.25400050800101603 
 10
74.67599695199397
 20
-11.175869951739969
 10
76.00543561087125
 20
-9.846431292862576
 10
76.00543561087125
 20
-2.8248412496824358
 10
79.5022606045211
 20
0.6719837439674166
 10
79.5022606045211
 20
2.5399034798069806
  0
LWPOLYLINE
  5
446
330
1F
100
AcDbEntity
  8
TopLayer
100
AcDbPolyline
 90
4
 70
 0
 43
0.25400050800101603 
 10
101.60106680213357
 20
35.05196850393702
 10
100.09458978917951
 20
33.54549149098307
 10
100.09458978917951
 20
8.502565405130781
 10
97.97673355346728
 20
6.384709169418329
 10
97.97673355346728
 20
-14.49387858775708
  0
LWPOLYLINE
  5
447
330
1F
100
AcDbEntity
  8
TopLayer
100
AcDbPolyline
 90
5
 70
 0
 43
0.5080010160020321 
 10
82.29626619253236
 20
9.651917703835466
 10
82.29626619253236
 20
1.8774701549402835
 10
80.00695961391921
 20
-0.41183642367286666
 10
79.76896113792236
 20
-0.41183642367286666
 10
78.1052578105157
 20
-2.075539751079532
 10
78.1052578105157
 20
-2.5401066802132846
  0
LWPOLYLINE
  5
448
330
1F
100
AcDbEntity
  8
TopLayer
100
AcDbPolyline
 90
3
 70
 0
 43
0.25400050800101603 
 10
111.12506985013965
 20
-11.302870205740419
 10
111.84185928371858
 20
-10.586080772161495
 10
111.84185928371858
 20
9.571145542291106
 10
101.60106680213357
 20
19.81193802387611
  0
LWPOLYLINE
  5
449
330
1F
100
AcDbEntity
  8
TopLayer
100
AcDbPolyline
 90
3
 70
 0
 43
0.25400050800101603 
 10
123.54594869189759
 20
-2.4893065786131956
 10
117.66913893827791
 20
3.3875031750063727
 10
117.66913893827791
 20
8.823876047752037
 10
101.60106680213357
 20
24.891948183896375
  0
LWPOLYLINE
  5
44a
330
1F
100
AcDbEntity
  8
TopLayer
100
AcDbPolyline
 90
2
 70
 0
 43
0.25400050800101603 
 10
86.36103632207255
 20
27.43195326390662
 10
89.0161036322072
 20
24.776885953771966
 10
89.0161036322072
 20
22.7331978663957
  0
LWPOLYLINE
  5
44b
330
1F
100
AcDbEntity
  8
TopLayer
100
AcDbPolyline
 90
3
 70
 0
 43
0.25400050800101603 
 10
101.60106680213357
 20
17.271932943865977
 10
108.6978409956821
 20
10.175158750317564
 10
108.6980949961901
 20
10.175158750317564
 10
108.6980949961901
 20
5.486055372110741
  0
LWPOLYLINE
  5
44c
330
1F
100
AcDbEntity
  8
TopLayer
100
AcDbPolyline
 90
5
 70
 0
 43
0.25400050800101603 
 10
86.36103632207255
 20
19.81193802387611
 10
89.28585217170439
 20
16.88712217424427
 10
89.28585217170439
 20
-1.2482600965201982
 10
87.67193294386584
 20
-2.8621793243586353
 10
87.67193294386584
 20
-18.95387350774695
 10
91.45095250190502
 20
-22.73289306578613
  0
LWPOLYLINE
  5
44d
330
1F
100
AcDbEntity
  8
TopLayer
100
AcDbPolyline
 90
4
 70
 0
 43
0.5080010160020321 
 10
71.24699009398023
 20
5.091084582169174
 10
70.74203708407435
 20
5.091084582169174
 10
70.06309372618739
 20
4.41214122428255
 10
70.06309372618739
 20
-1.2180340360680475
 10
71.24699009398023
 20
-2.4019304038607743
  0
LWPOLYLINE
  5
44e
330
1F
100
AcDbEntity
  8
TopLayer
100
AcDbPolyline
 90
4
 70
 0
 43
0.5080010160020321 
 10
116.71308102616194
 20
-5.09077978155949
 10
117.21930403860824
 20
-5.09077978155949
 10
117.89316738633488
 20
-4.416916433832853
 10
117.89316738633488
 20
1.3491490982981986
 10
116.71308102616194
 20
2.529235458471021
  0
LWPOLYLINE
  5
44f
330
1F
100
AcDbEntity
  8
TopLayer
100
AcDbPolyline
 90
2
 70
 0
 43
0.5080010160020321 
 10
96.52029464058933
 20
-12.700127000253929
 10
96.3821183642367
 20
-12.838303276606553
 10
96.3821183642367
 20
-22.73289306578613
  0
LWPOLYLINE
  5
450
330
1F
100
AcDbEntity
  8
TopLayer
100
AcDbPolyline
 90
4
 70
 0
 43
0.5080010160020321 
 10
96.52029464058933
 20
-12.700127000253929
 10
91.31480822961657
 20
-7.494640589281175
 10
91.31480822961657
 20
18.42865125730259
 10
91.5779527559057
 20
18.691795783591488
 10
91.5779527559057
 20
22.7331978663957
  0
LWPOLYLINE
  5
451
330
1F
100
AcDbEntity
  8
TopLayer
100
AcDbPolyline
 90
3
 70
 0
 43
0.25400050800101603 
 10
91.43520447040896
 20
-8.925679451358974
 10
90.69504699009394
 20
-8.185521971043954
 10
90.69504699009394
 20
18.936906273812497
 10
90.73213106426215
 20
18.973990347980703
  0
LWPOLYLINE
  5
452
330
1F
100
AcDbEntity
  8
TopLayer
100
AcDbPolyline
 90
4
 70
 0
 43
0.25400050800101603 
 10
86.36103632207255
 20
14.73192786385573
 10
85.52867665735312
 20
14.73192786385573
 10
73.04632969265958
 20
2.249580899161856
 10
73.04632969265958
 20
-3.1644399288798013
 10
71.24699009398023
 20
-4.963779527559041
  0
LWPOLYLINE
  5
453
330
1F
100
AcDbEntity
  8
TopLayer
100
AcDbPolyline
 90
2
 70
 0
 43
0.25400050800101603 
 10
82.29601219202436
 20
-8.635864871729723
 10
79.37526035052065
 20
-5.715113030226007
 10
79.37526035052065
 20
-2.5401066802132846
  0
LWPOLYLINE
  5
454
330
1F
100
AcDbEntity
  8
TopLayer
100
AcDbPolyline
 90
4
 70
 0
 43
0.25400050800101603 
 10
96.46949453898924
 20
-29.565760731521436
 10
95.97876555753123
 20
-29.075031750063545
 10
95.97876555753123
 20
-25.814681229362463
 10
97.66304292608584
 20
-24.130403860807746
 10
97.66304292608584
 20
-22.73289306578613
  0
LWPOLYLINE
  5
455
330
1F
100
AcDbEntity
  8
TopLayer
100
AcDbPolyline
 90
4
 70
 0
 43
0.25400050800101603 
 10
71.24699009398023
 20
3.8101600203200405
 10
72.41920243840491
 20
2.6379476758953615
 10
72.41920243840491
 20
-2.814173228346476
 10
71.55052070104148
 20
-3.6828549657099074
 10
71.24699009398023
 20
-3.6828549657099074
  0
LWPOLYLINE
  5
456
330
1F
100
AcDbEntity
  8
TopLayer
100
AcDbPolyline
 90
4
 70
 0
 43
0.25400050800101603 
 10
80.64526289052583
 20
-3.6193548387096826
 10
85.8085852171705
 20
-8.782677165354357
 10
85.8085852171705
 20
-17.76413512827014
 10
90.17002794005589
 20
-22.125577851155754
 10
90.17002794005589
 20
-22.73289306578613
  0
LWPOLYLINE
  5
457
330
1F
100
AcDbEntity
  8
TopLayer
100
AcDbPolyline
 90
1
 70
 0
 43
0.25400050800101603 
 10
80.64526289052583
 20
-2.5401066802132846
 10
80.64526289052583
 20
-3.6193548387096826
  0
LWPOLYLINE
  5
458
330
1F
100
AcDbEntity
  8
TopLayer
100
AcDbPolyline
 90
5
 70
 0
 43
0.25400050800101603 
 10
108.58506477012952
 20
-11.302870205740419
 10
109.66126492252988
 20
-12.379070358140666
 10
111.61325882651772
 20
-12.379070358140666
 10
112.24978409956816
 20
-11.742545085090114
 10
112.24978409956816
 20
-7.106781813563657
 10
115.54671069342135
 20
-3.809855219710471
  0
LWPOLYLINE
  5
459
330
1F
100
AcDbEntity
  8
TopLayer
100
AcDbPolyline
 90
1
 70
 0
 43
0.25400050800101603 
 10
115.54671069342135
 20
-3.809855219710471
 10
116.71308102616194
 20
-3.809855219710471
  0
LWPOLYLINE
  5
45a
330
1F
100
AcDbEntity
  8
TopLayer
100
AcDbPolyline
 90
3
 70
 0
 43
0.25400050800101603 
 10
115.54671069342135
 20
-3.809855219710471
 10
115.54671069342135
 20
2.9356362712725286
 10
116.42123444246909
 20
3.8101600203200405
 10
116.71308102616194
 20
3.8101600203200405
  0
LWPOLYLINE
  5
45b
330
1F
100
AcDbEntity
  8
TopLayer
100
AcDbPolyline
 90
2
 70
 0
 43
0.25400050800101603 
 10
86.36103632207255
 20
32.511963423926886
 10
90.29702819405634
 20
28.5759715519431
 10
90.29702819405634
 20
23.832512065024048
  0
LWPOLYLINE
  5
45c
330
1F
100
AcDbEntity
  8
TopLayer
100
AcDbPolyline
 90
1
 70
 0
 43
0.25400050800101603 
 10
90.29702819405634
 20
23.832512065024048
 10
90.29702819405634
 20
22.7331978663957
  0
LWPOLYLINE
  5
45d
330
1F
100
AcDbEntity
  8
TopLayer
100
AcDbPolyline
 90
2
 70
 0
 43
0.25400050800101603 
 10
97.66304292608584
 20
-22.73289306578613
 10
99.06029972059946
 20
-21.335636271272506
 10
99.06029972059946
 20
-12.700127000253929
  0
LWPOLYLINE
  5
45e
330
1F
100
AcDbEntity
  8
TopLayer
100
AcDbPolyline
 90
2
 70
 0
 43
0.25400050800101603 
 10
97.79004318008629
 20
22.7331978663957
 10
97.79004318008629
 20
22.54117348234695
 10
96.93533147066296
 20
21.68646177292362
  0
LWPOLYLINE
  5
45f
330
1F
100
AcDbEntity
  8
TopLayer
100
AcDbPolyline
 90
3
 70
 0
 43
0.25400050800101603 
 10
96.93533147066296
 20
21.68646177292362
 10
94.08620777241572
 20
21.68646177292362
 10
91.94015748031484
 20
23.832512065024048
 10
90.29702819405634
 20
23.832512065024048
  0
LWPOLYLINE
  5
460
330
1F
100
AcDbEntity
  8
TopLayer
100
AcDbPolyline
 90
1
 70
 0
 43
0.25400050800101603 
 10
96.93533147066296
 20
21.68646177292362
 10
96.93533147066296
 20
17.364135128270277
  0
LWPOLYLINE
  5
461
330
1F
100
AcDbEntity
  8
TopLayer
100
AcDbPolyline
 90
3
 70
 0
 43
0.25400050800101603 
 10
64.41463042926102
 20
2.489103378206778
 10
64.41463042926102
 20
3.5520955041910156
 10
83.35849631699261
 20
22.495961391922833
 10
83.35849631699261
 20
31.15991871983738
  0
LWPOLYLINE
  5
462
330
1F
100
AcDbEntity
  8
TopLayer
100
AcDbPolyline
 90
12
 70
 0
 43
0.25400050800101603 
 10
86.36103632207255
 20
24.891948183896375
 10
88.07401574803157
 20
23.17896875793747
 10
88.07401574803157
 20
20.544729489458973
 10
89.73822707645422
 20
18.880518161036434
 10
89.73822707645422
 20
-10.062331724663522
 10
90.0265176530354
 20
-10.350622301244584
 10
90.0265176530354
 20
-13.11694183388363
 10
94.83881127762265
 20
-17.929235458470885
 10
94.83881127762265
 20
-29.63688087376181
 10
96.01432562865125
 20
-30.812395224790407
 10
96.98587757175528
 20
-30.812395224790407
 10
98.94396748793497
 20
-28.854305308610606
 10
98.94396748793497
 20
-22.73289306578613
  0
LWPOLYLINE
  5
463
330
1F
100
AcDbEntity
  8
TopLayer
100
AcDbPolyline
 90
3
 70
 0
 43
0.25400050800101603 
 10
86.36103632207255
 20
35.05196850393702
 10
84.90205740411488
 20
33.592989585979126
 10
84.90205740411488
 20
19.87772415544839
 10
74.67625095250196
 20
9.651917703835466
  0
LWPOLYLINE
  5
464
330
1F
100
AcDbEntity
  8
TopLayer
100
AcDbPolyline
 90
5
 70
 0
 43
0.25400050800101603 
 10
74.67625095250196
 20
9.651917703835466
 10
74.41082042164089
 20
9.651917703835466
 10
69.43444246888498
 20
4.675539751079555
 10
69.43444246888498
 20
-4.499466598933168
 10
73.57084074168142
 20
-8.635864871729723
 10
74.67599695199397
 20
-8.635864871729723
  0
LWPOLYLINE
  5
465
330
1F
100
AcDbEntity
  8
TopLayer
100
AcDbPolyline
 90
7
 70
 0
 43
0.25400050800101603 
 10
91.49108458216915
 20
-29.565760731521436
 10
93.14564389128782
 20
-31.220320040640104
 10
97.15478790957604
 20
-31.220320040640104
 10
102.0536957073914
 20
-26.321412242824408
 10
102.0536957073914
 20
10.84445008890009
 10
100.50251460502909
 20
12.395631191262396
 10
100.50251460502909
 20
26.33340106680214
 10
101.60106680213357
 20
27.43195326390662
  0
LWPOLYLINE
  5
466
330
1F
100
AcDbEntity
  8
TopLayer
100
AcDbPolyline
 90
2
 70
 0
 43
0.25400050800101603 
 10
93.9802895605792
 20
-12.700127000253929
 10
90.1464058928118
 20
-8.866243332486647
 10
90.1464058928118
 20
20.762915925831862
  0
LWPOLYLINE
  5
467
330
1F
100
AcDbEntity
  8
BottomSilkLayer
100
AcDbPolyline
 90
1
 70
 0
 43
0.25400050800101603 
 10
77.511963423927
 20
1.146456692913489
 10
81.49235458470912
 20
1.146456692913489
  0
LWPOLYLINE
  5
468
330
1F
100
AcDbEntity
  8
BottomSilkLayer
100
AcDbPolyline
 90
1
 70
 0
 43
0.25400050800101603 
 10
77.38496316992632
 20
-3.93355346710689
 10
81.36535433070867
 20
-3.93355346710689
  0
LWPOLYLINE
  5
469
330
1F
100
AcDbEntity
  8
BottomSilkLayer
100
AcDbPolyline
 90
1
 70
 0
 43
0.25400050800101603 
 10
81.02600965201918
 20
-11.175996951993852
 10
81.28001016002031
 20
-11.175996951993852
  0
LWPOLYLINE
  5
46a
330
1F
100
AcDbEntity
  8
BottomSilkLayer
100
AcDbPolyline
 90
1
 70
 0
 43
0.25400050800101603 
 10
75.94599949199892
 20
-11.175996951993852
 10
75.69199898399802
 20
-11.175996951993852
  0
LWPOLYLINE
  5
46b
330
1F
100
AcDbEntity
  8
BottomSilkLayer
100
AcDbPolyline
 90
1
 70
 0
 43
0.25400050800101603 
 10
81.02600965201918
 20
-11.175996951993852
 10
81.02600965201918
 20
-10.413995427990812
  0
LWPOLYLINE
  5
46c
330
1F
100
AcDbEntity
  8
BottomSilkLayer
100
AcDbPolyline
 90
1
 70
 0
 43
0.25400050800101603 
 10
81.02600965201918
 20
-11.937998475996892
 10
81.02600965201918
 20
-11.175996951993852
  0
LWPOLYLINE
  5
46d
330
1F
100
AcDbEntity
  8
BottomSilkLayer
100
AcDbPolyline
 90
1
 70
 0
 43
0.25400050800101603 
 10
75.94599949199892
 20
-11.937998475996892
 10
81.02600965201918
 20
-11.937998475996892
  0
LWPOLYLINE
  5
46e
330
1F
100
AcDbEntity
  8
BottomSilkLayer
100
AcDbPolyline
 90
1
 70
 0
 43
0.25400050800101603 
 10
75.94599949199892
 20
-11.175996951993852
 10
75.94599949199892
 20
-11.937998475996892
  0
LWPOLYLINE
  5
46f
330
1F
100
AcDbEntity
  8
BottomSilkLayer
100
AcDbPolyline
 90
1
 70
 0
 43
0.25400050800101603 
 10
75.94599949199892
 20
-10.413995427990812
 10
75.94599949199892
 20
-11.175996951993852
  0
LWPOLYLINE
  5
470
330
1F
100
AcDbEntity
  8
BottomSilkLayer
100
AcDbPolyline
 90
1
 70
 0
 43
0.25400050800101603 
 10
81.02600965201918
 20
-10.413995427990812
 10
75.94599949199892
 20
-10.413995427990812
  0
LWPOLYLINE
  5
471
330
1F
100
AcDbEntity
  8
BottomSilkLayer
100
AcDbPolyline
 90
1
 70
 0
 43
0.25400050800101603 
 10
81.02600965201918
 20
-8.63599187198372
 10
81.28001016002031
 20
-8.63599187198372
  0
LWPOLYLINE
  5
472
330
1F
100
AcDbEntity
  8
BottomSilkLayer
100
AcDbPolyline
 90
1
 70
 0
 43
0.25400050800101603 
 10
75.94599949199892
 20
-8.63599187198372
 10
75.69199898399802
 20
-8.63599187198372
  0
LWPOLYLINE
  5
473
330
1F
100
AcDbEntity
  8
BottomSilkLayer
100
AcDbPolyline
 90
1
 70
 0
 43
0.25400050800101603 
 10
81.02600965201918
 20
-8.63599187198372
 10
81.02600965201918
 20
-7.87399034798068
  0
LWPOLYLINE
  5
474
330
1F
100
AcDbEntity
  8
BottomSilkLayer
100
AcDbPolyline
 90
1
 70
 0
 43
0.25400050800101603 
 10
81.02600965201918
 20
-9.39799339598676
 10
81.02600965201918
 20
-8.63599187198372
  0
LWPOLYLINE
  5
475
330
1F
100
AcDbEntity
  8
BottomSilkLayer
100
AcDbPolyline
 90
1
 70
 0
 43
0.25400050800101603 
 10
75.94599949199892
 20
-9.39799339598676
 10
81.02600965201918
 20
-9.39799339598676
  0
LWPOLYLINE
  5
476
330
1F
100
AcDbEntity
  8
BottomSilkLayer
100
AcDbPolyline
 90
1
 70
 0
 43
0.25400050800101603 
 10
75.94599949199892
 20
-8.63599187198372
 10
75.94599949199892
 20
-9.39799339598676
  0
LWPOLYLINE
  5
477
330
1F
100
AcDbEntity
  8
BottomSilkLayer
100
AcDbPolyline
 90
1
 70
 0
 43
0.25400050800101603 
 10
75.94599949199892
 20
-7.87399034798068
 10
75.94599949199892
 20
-8.63599187198372
  0
LWPOLYLINE
  5
478
330
1F
100
AcDbEntity
  8
BottomSilkLayer
100
AcDbPolyline
 90
1
 70
 0
 43
0.25400050800101603 
 10
81.02600965201918
 20
-7.87399034798068
 10
75.94599949199892
 20
-7.87399034798068
  0
LWPOLYLINE
  5
479
330
1F
100
AcDbEntity
  8
BottomSilkLayer
100
AcDbPolyline
 90
1
 70
 0
 43
0.25400050800101603 
 10
81.02616205232403
 20
9.652019304038618
 10
81.28016256032515
 20
9.652019304038618
  0
LWPOLYLINE
  5
47a
330
1F
100
AcDbEntity
  8
BottomSilkLayer
100
AcDbPolyline
 90
1
 70
 0
 43
0.25400050800101603 
 10
75.94615189230376
 20
9.652019304038618
 10
75.69215138430286
 20
9.652019304038618
  0
LWPOLYLINE
  5
47b
330
1F
100
AcDbEntity
  8
BottomSilkLayer
100
AcDbPolyline
 90
1
 70
 0
 43
0.25400050800101603 
 10
81.02616205232403
 20
9.652019304038618
 10
81.02616205232403
 20
10.414020828041657
  0
LWPOLYLINE
  5
47c
330
1F
100
AcDbEntity
  8
BottomSilkLayer
100
AcDbPolyline
 90
1
 70
 0
 43
0.25400050800101603 
 10
81.02616205232403
 20
8.890017780035578
 10
81.02616205232403
 20
9.652019304038618
  0
LWPOLYLINE
  5
47d
330
1F
100
AcDbEntity
  8
BottomSilkLayer
100
AcDbPolyline
 90
1
 70
 0
 43
0.25400050800101603 
 10
75.94615189230376
 20
8.890017780035578
 10
81.02616205232403
 20
8.890017780035578
  0
LWPOLYLINE
  5
47e
330
1F
100
AcDbEntity
  8
BottomSilkLayer
100
AcDbPolyline
 90
1
 70
 0
 43
0.25400050800101603 
 10
75.94615189230376
 20
9.652019304038618
 10
75.94615189230376
 20
8.890017780035578
  0
LWPOLYLINE
  5
47f
330
1F
100
AcDbEntity
  8
BottomSilkLayer
100
AcDbPolyline
 90
1
 70
 0
 43
0.25400050800101603 
 10
75.94615189230376
 20
10.414020828041657
 10
75.94615189230376
 20
9.652019304038618
  0
LWPOLYLINE
  5
480
330
1F
100
AcDbEntity
  8
BottomSilkLayer
100
AcDbPolyline
 90
1
 70
 0
 43
0.25400050800101603 
 10
81.02616205232403
 20
10.414020828041657
 10
75.94615189230376
 20
10.414020828041657
  0
LWPOLYLINE
  5
481
330
1F
100
AcDbEntity
  8
Mechanical
100
AcDbPolyline
 90
6
 70
 1
 43
0.05003810007620016 
 10
92.54711709423418
 20
23.123190246380545
 10
92.54711709423418
 20
21.833375666751408
 10
88.04699009398018
 20
21.833375666751408
 10
88.04699009398018
 20
23.063246126492345
 10
88.94691389382797
 20
23.963169926339788
 10
91.70713741427494
 20
23.963169926339788
 10
92.54711709423418
 20
23.123190246380545
  0
LWPOLYLINE
  5
482
330
1F
100
AcDbEntity
  8
Document
100
AcDbPolyline
 90
6
 70
 1
 43
0.10007620015240032 
 10
92.29692659385319
 20
22.95072390144776
 10
92.29692659385319
 20
22.19075438150867
 10
88.29692659385319
 20
22.19075438150867
 10
88.29692659385319
 20
22.95072390144776
 10
89.05689611379239
 20
23.71069342138685
 10
91.53695707391421
 20
23.71069342138685
 10
92.29692659385319
 20
22.95072390144776
  0
LWPOLYLINE
  5
483
330
1F
100
AcDbEntity
  8
Document
100
AcDbPolyline
 90
1
 70
 0
 43
0.10007620015240032 
 10
89.05689611379239
 20
23.71069342138685
 10
91.53695707391421
 20
23.71069342138685
  0
LWPOLYLINE
  5
484
330
1F
100
AcDbEntity
  8
TopSilkLayer
100
AcDbPolyline
 90
2
 70
 0
 43
0.11988823977647957 
 10
88.17703835407679
 20
22.083312166624296
 10
88.17703835407679
 20
23.033274066548074
 10
88.32689865379734
 20
23.183134366268746
  0
LWPOLYLINE
  5
485
330
1F
100
AcDbEntity
  8
TopSilkLayer
100
AcDbPolyline
 90
2
 70
 0
 43
0.11988823977647957 
 10
92.27711455422923
 20
23.183134366268746
 10
92.42697485394979
 20
23.033274066548074
 10
92.42697485394979
 20
22.083312166624296
  0
LWPOLYLINE
  5
486
330
1F
100
AcDbEntity
  8
TopSilkLayer
100
AcDbPolyline
 90
3
 70
 0
 43
0.11988823977647957 
 10
91.82702565405134
 20
23.583185166370413
 10
91.57708915417834
 20
23.833375666751294
 10
88.97713995427989
 20
23.833375666751294
 10
88.7269494538989
 20
23.583185166370413
  0
LWPOLYLINE
  5
487
330
1F
100
AcDbEntity
  8
Mechanical
100
AcDbPolyline
 90
6
 70
 1
 43
0.05003810007620016 
 10
100.04013208026413
 20
23.123190246380545
 10
100.04013208026413
 20
21.833375666751408
 10
95.54000508001013
 20
21.833375666751408
 10
95.54000508001013
 20
23.063246126492345
 10
96.43992887985792
 20
23.963169926339788
 10
99.20015240030489
 20
23.963169926339788
 10
100.04013208026413
 20
23.123190246380545
  0
LWPOLYLINE
  5
488
330
1F
100
AcDbEntity
  8
Document
100
AcDbPolyline
 90
6
 70
 1
 43
0.10007620015240032 
 10
99.78994157988313
 20
22.95072390144776
 10
99.78994157988313
 20
22.19075438150867
 10
95.78994157988313
 20
22.19075438150867
 10
95.78994157988313
 20
22.95072390144776
 10
96.54991109982234
 20
23.71069342138685
 10
99.02997205994416
 20
23.71069342138685
 10
99.78994157988313
 20
22.95072390144776
  0
LWPOLYLINE
  5
489
330
1F
100
AcDbEntity
  8
Document
100
AcDbPolyline
 90
1
 70
 0
 43
0.10007620015240032 
 10
96.54991109982234
 20
23.71069342138685
 10
99.02997205994416
 20
23.71069342138685
  0
LWPOLYLINE
  5
48a
330
1F
100
AcDbEntity
  8
TopSilkLayer
100
AcDbPolyline
 90
2
 70
 0
 43
0.11988823977647957 
 10
95.67005334010673
 20
22.083312166624296
 10
95.67005334010673
 20
23.033274066548074
 10
95.81991363982752
 20
23.183134366268746
  0
LWPOLYLINE
  5
48b
330
1F
100
AcDbEntity
  8
TopSilkLayer
100
AcDbPolyline
 90
2
 70
 0
 43
0.11988823977647957 
 10
99.77012954025918
 20
23.183134366268746
 10
99.91998983997973
 20
23.033274066548074
 10
99.91998983997973
 20
22.083312166624296
  0
LWPOLYLINE
  5
48c
330
1F
100
AcDbEntity
  8
TopSilkLayer
100
AcDbPolyline
 90
3
 70
 0
 43
0.11988823977647957 
 10
99.32004064008129
 20
23.583185166370413
 10
99.07010414020829
 20
23.833375666751294
 10
96.47015494030984
 20
23.833375666751294
 10
96.21996443992907
 20
23.583185166370413
  0
LWPOLYLINE
  5
48d
330
1F
100
AcDbEntity
  8
Mechanical
100
AcDbPolyline
 90
6
 70
 1
 43
0.05003810007620016 
 10
117.10287020574037
 20
1.5600711201421973
 10
115.81305562611124
 20
1.5600711201421973
 10
115.81305562611124
 20
6.060198120396194
 10
117.04292608585206
 20
6.060198120396194
 10
117.94284988569984
 20
5.160274320548638
 10
117.94284988569984
 20
2.400050800101667
 10
117.10287020574037
 20
1.5600711201421973
  0
LWPOLYLINE
  5
48e
330
1F
100
AcDbEntity
  8
Document
100
AcDbPolyline
 90
6
 70
 1
 43
0.10007620015240032 
 10
116.9304038608077
 20
1.8102616205231925
 10
116.17043434086872
 20
1.8102616205231925
 10
116.17043434086872
 20
5.810261620523306
 10
116.9304038608077
 20
5.810261620523306
 10
117.69037338074668
 20
5.050292100584215
 10
117.69037338074668
 20
2.5702311404622833
 10
116.9304038608077
 20
1.8102616205231925
  0
LWPOLYLINE
  5
48f
330
1F
100
AcDbEntity
  8
Document
100
AcDbPolyline
 90
1
 70
 0
 43
0.10007620015240032 
 10
117.69037338074668
 20
5.050292100584215
 10
117.69037338074668
 20
2.5702311404622833
  0
LWPOLYLINE
  5
490
330
1F
100
AcDbEntity
  8
TopSilkLayer
100
AcDbPolyline
 90
2
 70
 0
 43
0.11988823977647957 
 10
116.06299212598424
 20
5.930149860299821
 10
117.01295402590813
 20
5.930149860299821
 10
117.16281432562869
 20
5.780289560579149
  0
LWPOLYLINE
  5
491
330
1F
100
AcDbEntity
  8
TopSilkLayer
100
AcDbPolyline
 90
2
 70
 0
 43
0.11988823977647957 
 10
117.16281432562869
 20
1.8300736601472636
 10
117.01295402590813
 20
1.6802133604267055
 10
116.06299212598424
 20
1.6802133604267055
  0
LWPOLYLINE
  5
492
330
1F
100
AcDbEntity
  8
TopSilkLayer
100
AcDbPolyline
 90
3
 70
 0
 43
0.11988823977647957 
 10
117.56286512573024
 20
2.2801625603251523
 10
117.81305562611124
 20
2.53009906019804
 10
117.81305562611124
 20
5.130048260096601
 10
117.56286512573024
 20
5.380238760477482
  0
LWPOLYLINE
  5
493
330
1F
100
AcDbEntity
  8
Mechanical
100
AcDbPolyline
 90
6
 70
 1
 43
0.05003810007620016 
 10
117.10287020574037
 20
-6.059944119888314
 10
115.81305562611124
 20
-6.059944119888314
 10
115.81305562611124
 20
-1.5598171196342037
 10
117.04292608585206
 20
-1.5598171196342037
 10
117.94284988569984
 20
-2.459740919481874
 10
117.94284988569984
 20
-5.2199644399288445
 10
117.10287020574037
 20
-6.059944119888314
  0
LWPOLYLINE
  5
494
330
1F
100
AcDbEntity
  8
Document
100
AcDbPolyline
 90
6
 70
 1
 43
0.10007620015240032 
 10
116.9304038608077
 20
-5.809753619507205
 10
116.17043434086872
 20
-5.809753619507205
 10
116.17043434086872
 20
-1.8097536195072053
 10
116.9304038608077
 20
-1.8097536195072053
 10
117.69037338074668
 20
-2.569723139446296
 10
117.69037338074668
 20
-5.0497840995681145
 10
116.9304038608077
 20
-5.809753619507205
  0
LWPOLYLINE
  5
495
330
1F
100
AcDbEntity
  8
Document
100
AcDbPolyline
 90
1
 70
 0
 43
0.10007620015240032 
 10
117.69037338074668
 20
-2.569723139446296
 10
117.69037338074668
 20
-5.0497840995681145
  0
LWPOLYLINE
  5
496
330
1F
100
AcDbEntity
  8
TopSilkLayer
100
AcDbPolyline
 90
2
 70
 0
 43
0.11988823977647957 
 10
116.06299212598424
 20
-1.6898653797306906
 10
117.01295402590813
 20
-1.6898653797306906
 10
117.16281432562869
 20
-1.8397256794513623
  0
LWPOLYLINE
  5
497
330
1F
100
AcDbEntity
  8
TopSilkLayer
100
AcDbPolyline
 90
2
 70
 0
 43
0.11988823977647957 
 10
117.16281432562869
 20
-5.789941579883134
 10
117.01295402590813
 20
-5.939801879603806
 10
116.06299212598424
 20
-5.939801879603806
  0
LWPOLYLINE
  5
498
330
1F
100
AcDbEntity
  8
TopSilkLayer
100
AcDbPolyline
 90
3
 70
 0
 43
0.11988823977647957 
 10
117.56286512573024
 20
-5.339852679705359
 10
117.81305562611124
 20
-5.089916179832358
 10
117.81305562611124
 20
-2.489966979933911
 10
117.56286512573024
 20
-2.2397764795530293
  0
LWPOLYLINE
  5
499
330
1F
100
AcDbEntity
  8
Mechanical
100
AcDbPolyline
 90
6
 70
 1
 43
0.05003810007620016 
 10
95.41275082550169
 20
-23.122682245364558
 10
95.41275082550169
 20
-21.832867665735307
 10
99.91287782575569
 20
-21.832867665735307
 10
99.91287782575569
 20
-23.06273812547613
 10
99.01295402590813
 20
-23.9626619253238
 10
96.25273050546116
 20
-23.9626619253238
 10
95.41275082550169
 20
-23.122682245364558
  0
LWPOLYLINE
  5
49a
330
1F
100
AcDbEntity
  8
Document
100
AcDbPolyline
 90
6
 70
 1
 43
0.10007620015240032 
 10
95.66294132588268
 20
-22.950215900431772
 10
95.66294132588268
 20
-22.19024638049268
 10
99.66294132588268
 20
-22.19024638049268
 10
99.66294132588268
 20
-22.950215900431772
 10
98.90297180594371
 20
-23.710185420370863
 10
96.42291084582166
 20
-23.710185420370863
 10
95.66294132588268
 20
-22.950215900431772
  0
LWPOLYLINE
  5
49b
330
1F
100
AcDbEntity
  8
Document
100
AcDbPolyline
 90
1
 70
 0
 43
0.10007620015240032 
 10
98.90297180594371
 20
-23.710185420370863
 10
96.42291084582166
 20
-23.710185420370863
  0
LWPOLYLINE
  5
49c
330
1F
100
AcDbEntity
  8
TopSilkLayer
100
AcDbPolyline
 90
2
 70
 0
 43
0.11988823977647957 
 10
99.78282956565931
 20
-22.08280416560831
 10
99.78282956565931
 20
-23.032766065532087
 10
99.63296926593853
 20
-23.18262636525276
  0
LWPOLYLINE
  5
49d
330
1F
100
AcDbEntity
  8
TopSilkLayer
100
AcDbPolyline
 90
2
 70
 0
 43
0.11988823977647957 
 10
95.68275336550687
 20
-23.18262636525276
 10
95.53289306578631
 20
-23.032766065532087
 10
95.53289306578631
 20
-22.08280416560831
  0
LWPOLYLINE
  5
49e
330
1F
100
AcDbEntity
  8
TopSilkLayer
100
AcDbPolyline
 90
3
 70
 0
 43
0.11988823977647957 
 10
96.13284226568476
 20
-23.582677165354312
 10
96.38277876555753
 20
-23.832867665735307
 10
98.98272796545598
 20
-23.832867665735307
 10
99.23291846583697
 20
-23.582677165354312
  0
LWPOLYLINE
  5
49f
330
1F
100
AcDbEntity
  8
Mechanical
100
AcDbPolyline
 90
6
 70
 1
 43
0.05003810007620016 
 10
87.91973583947174
 20
-23.122682245364558
 10
87.91973583947174
 20
-21.832867665735307
 10
92.41986283972574
 20
-21.832867665735307
 10
92.41986283972574
 20
-23.06273812547613
 10
91.51993903987818
 20
-23.9626619253238
 10
88.75971551943098
 20
-23.9626619253238
 10
87.91973583947174
 20
-23.122682245364558
  0
LWPOLYLINE
  5
4a0
330
1F
100
AcDbEntity
  8
Document
100
AcDbPolyline
 90
6
 70
 1
 43
0.10007620015240032 
 10
88.16992633985274
 20
-22.950215900431772
 10
88.16992633985274
 20
-22.19024638049268
 10
92.16992633985251
 20
-22.19024638049268
 10
92.16992633985251
 20
-22.950215900431772
 10
91.40995681991376
 20
-23.710185420370863
 10
88.92989585979171
 20
-23.710185420370863
 10
88.16992633985274
 20
-22.950215900431772
  0
LWPOLYLINE
  5
4a1
330
1F
100
AcDbEntity
  8
Document
100
AcDbPolyline
 90
1
 70
 0
 43
0.10007620015240032 
 10
91.40995681991376
 20
-23.710185420370863
 10
88.92989585979171
 20
-23.710185420370863
  0
LWPOLYLINE
  5
4a2
330
1F
100
AcDbEntity
  8
TopSilkLayer
100
AcDbPolyline
 90
2
 70
 0
 43
0.11988823977647957 
 10
92.28981457962936
 20
-22.08280416560831
 10
92.28981457962936
 20
-23.032766065532087
 10
92.13995427990858
 20
-23.18262636525276
  0
LWPOLYLINE
  5
4a3
330
1F
100
AcDbEntity
  8
TopSilkLayer
100
AcDbPolyline
 90
2
 70
 0
 43
0.11988823977647957 
 10
88.18973837947692
 20
-23.18262636525276
 10
88.03987807975636
 20
-23.032766065532087
 10
88.03987807975636
 20
-22.08280416560831
  0
LWPOLYLINE
  5
4a4
330
1F
100
AcDbEntity
  8
TopSilkLayer
100
AcDbPolyline
 90
3
 70
 0
 43
0.11988823977647957 
 10
88.63982727965458
 20
-23.582677165354312
 10
88.88976377952758
 20
-23.832867665735307
 10
91.4897129794258
 20
-23.832867665735307
 10
91.73990347980703
 20
-23.582677165354312
  0
LWPOLYLINE
  5
4a5
330
1F
100
AcDbEntity
  8
Mechanical
100
AcDbPolyline
 90
6
 70
 1
 43
0.05003810007620016 
 10
70.8569977139955
 20
-1.4325628651256466
 10
72.14681229362463
 20
-1.4325628651256466
 10
72.14681229362463
 20
-5.932689865379757
 10
70.91694183388358
 20
-5.932689865379757
 10
70.01701803403603
 20
-5.032766065532087
 10
70.01701803403603
 20
-2.272542545085116
 10
70.8569977139955
 20
-1.4325628651256466
  0
LWPOLYLINE
  5
4a6
330
1F
100
AcDbEntity
  8
Document
100
AcDbPolyline
 90
6
 70
 1
 43
0.10007620015240032 
 10
71.02946405892817
 20
-1.6827533655067555
 10
71.78943357886715
 20
-1.6827533655067555
 10
71.78943357886715
 20
-5.6827533655067555
 10
71.02946405892817
 20
-5.6827533655067555
 10
70.26949453898897
 20
-4.922783845567665
 10
70.26949453898897
 20
-2.4427228854458463
 10
71.02946405892817
 20
-1.6827533655067555
  0
LWPOLYLINE
  5
4a7
330
1F
100
AcDbEntity
  8
Document
100
AcDbPolyline
 90
1
 70
 0
 43
0.10007620015240032 
 10
70.26949453898897
 20
-4.922783845567665
 10
70.26949453898897
 20
-2.4427228854458463
  0
LWPOLYLINE
  5
4a8
330
1F
100
AcDbEntity
  8
TopSilkLayer
100
AcDbPolyline
 90
2
 70
 0
 43
0.11988823977647957 
 10
71.89687579375163
 20
-5.802641605283156
 10
70.94691389382797
 20
-5.802641605283156
 10
70.79705359410718
 20
-5.652781305562598
  0
LWPOLYLINE
  5
4a9
330
1F
100
AcDbEntity
  8
TopSilkLayer
100
AcDbPolyline
 90
2
 70
 0
 43
0.11988823977647957 
 10
70.79705359410718
 20
-1.7025654051308265
 10
70.94691389382797
 20
-1.5527051054101548
 10
71.89687579375163
 20
-1.5527051054101548
  0
LWPOLYLINE
  5
4aa
330
1F
100
AcDbEntity
  8
TopSilkLayer
100
AcDbPolyline
 90
3
 70
 0
 43
0.11988823977647957 
 10
70.39700279400563
 20
-2.1526543053086016
 10
70.14681229362463
 20
-2.402590805181603
 10
70.14681229362463
 20
-5.00254000508005
 10
70.39700279400563
 20
-5.2527305054609315
  0
LWPOLYLINE
  5
4ab
330
1F
100
AcDbEntity
  8
Mechanical
100
AcDbPolyline
 90
6
 70
 1
 43
0.05003810007620016 
 10
70.8569977139955
 20
6.060452120904301
 10
72.14681229362463
 20
6.060452120904301
 10
72.14681229362463
 20
1.5603251206503046
 10
70.91694183388358
 20
1.5603251206503046
 10
70.01701803403603
 20
2.460248920497861
 10
70.01701803403603
 20
5.220472440944832
 10
70.8569977139955
 20
6.060452120904301
  0
LWPOLYLINE
  5
4ac
330
1F
100
AcDbEntity
  8
Document
100
AcDbPolyline
 90
6
 70
 1
 43
0.10007620015240032 
 10
71.02946405892817
 20
5.810261620523306
 10
71.78943357886715
 20
5.810261620523306
 10
71.78943357886715
 20
1.8102616205231925
 10
71.02946405892817
 20
1.8102616205231925
 10
70.26949453898897
 20
2.5702311404622833
 10
70.26949453898897
 20
5.050292100584215
 10
71.02946405892817
 20
5.810261620523306
  0
LWPOLYLINE
  5
4ad
330
1F
100
AcDbEntity
  8
Document
100
AcDbPolyline
 90
1
 70
 0
 43
0.10007620015240032 
 10
70.26949453898897
 20
2.5702311404622833
 10
70.26949453898897
 20
5.050292100584215
  0
LWPOLYLINE
  5
4ae
330
1F
100
AcDbEntity
  8
TopSilkLayer
100
AcDbPolyline
 90
2
 70
 0
 43
0.11988823977647957 
 10
71.89687579375163
 20
1.6903733807467916
 10
70.94691389382797
 20
1.6903733807467916
 10
70.79705359410718
 20
1.8402336804673496
  0
LWPOLYLINE
  5
4af
330
1F
100
AcDbEntity
  8
TopSilkLayer
100
AcDbPolyline
 90
2
 70
 0
 43
0.11988823977647957 
 10
70.79705359410718
 20
5.790449580899235
 10
70.94691389382797
 20
5.940309880619793
 10
71.89687579375163
 20
5.940309880619793
  0
LWPOLYLINE
  5
4b0
330
1F
100
AcDbEntity
  8
TopSilkLayer
100
AcDbPolyline
 90
3
 70
 0
 43
0.11988823977647957 
 10
70.39700279400563
 20
5.340360680721346
 10
70.14681229362463
 20
5.0904241808484585
 10
70.14681229362463
 20
2.490474980949898
 10
70.39700279400563
 20
2.2402844805690165
  0
LWPOLYLINE
  5
4b1
330
1F
100
AcDbEntity
  8
BottomSilkLayer
100
AcDbPolyline
 90
4
 70
 0
 43
0.20320040640081283 
 10
107.31498602997203
 20
-10.032994665989236
 10
107.31498602997203
 20
-12.572999745999482
 10
117.47500635001279
 20
-12.572999745999482
 10
117.47500635001279
 20
-10.032994665989236
 10
115.57000254000513
 20
-10.032994665989236
  0
LWPOLYLINE
  5
4b2
330
1F
100
AcDbEntity
  8
BottomSilkLayer
100
AcDbPolyline
 90
1
 70
 0
 43
0.20299974599949203 
 10
107.31498602997203
 20
-10.032994665989236
 10
115.57000254000513
 20
-10.032994665989236
  0
LWPOLYLINE
  5
4b3
330
1F
100
AcDbEntity
  8
TopSilkLayer
100
AcDbPolyline
 90
4
 70
 0
 43
0.20320040640081283 
 10
89.53517907035825
 20
-11.43002286004571
 10
87.6301752603506
 20
-11.43002286004571
 10
87.6301752603506
 20
-13.970027940055843
 10
100.33020066040126
 20
-13.970027940055843
 10
100.33020066040126
 20
-11.43002286004571
  0
LWPOLYLINE
  5
4b4
330
1F
100
AcDbEntity
  8
TopSilkLayer
100
AcDbPolyline
 90
1
 70
 0
 43
0.20299974599949203 
 10
100.33020066040126
 20
-11.43002286004571
 10
89.53517907035825
 20
-11.43002286004571
  0
LWPOLYLINE
  5
4b5
330
1F
100
AcDbEntity
  8
TopSilkLayer
100
AcDbPolyline
 90
1
 70
 0
 43
0.25400050800101603 
 10
65.40513081026165
 20
3.6576073152147046
 10
62.40792481584958
 20
3.6576073152147046
  0
LWPOLYLINE
  5
4b6
330
1F
100
AcDbEntity
  8
TopSilkLayer
100
AcDbPolyline
 90
1
 70
 0
 43
0.25400050800101603 
 10
62.40792481584958
 20
3.6576073152147046
 10
62.40792481584958
 20
-3.657607315214591
  0
LWPOLYLINE
  5
4b7
330
1F
100
AcDbEntity
  8
TopSilkLayer
100
AcDbPolyline
 90
1
 70
 0
 43
0.25400050800101603 
 10
62.40792481584958
 20
-3.657607315214591
 10
65.40513081026165
 20
-3.657607315214591
  0
LWPOLYLINE
  5
4b8
330
1F
100
AcDbEntity
  8
TopSilkLayer
100
AcDbPolyline
 90
1
 70
 0
 43
0.25400050800101603 
 10
66.4211328422657
 20
-2.0066040132080616
 10
66.4211328422657
 20
2.0066040132080616
  0
LWPOLYLINE
  5
4b9
330
1F
100
AcDbEntity
  8
Document
100
AcDbPolyline
 90
1
 70
 0
 43
0.25400050800101603 
 10
60.60452120904256
 20
-1.498602997206035
 10
60.60452120904256
 20
1.498602997206035
  0
LWPOLYLINE
  5
4ba
330
1F
100
AcDbEntity
  8
Document
100
AcDbPolyline
 90
1
 70
 0
 43
0.25400050800101603 
 10
62.40792481584958
 20
3.6576073152147046
 10
67.91973583947151
 20
3.6576073152147046
  0
LWPOLYLINE
  5
4bb
330
1F
100
AcDbEntity
  8
Document
100
AcDbPolyline
 90
1
 70
 0
 43
0.25400050800101603 
 10
67.91973583947151
 20
3.6576073152147046
 10
67.91973583947151
 20
2.99720599441207
  0
LWPOLYLINE
  5
4bc
330
1F
100
AcDbEntity
  8
Document
100
AcDbPolyline
 90
1
 70
 0
 43
0.25400050800101603 
 10
67.91973583947151
 20
-2.99720599441207
 10
67.91973583947151
 20
-3.657607315214591
  0
LWPOLYLINE
  5
4bd
330
1F
100
AcDbEntity
  8
Document
100
AcDbPolyline
 90
1
 70
 0
 43
0.25400050800101603 
 10
67.91973583947151
 20
-3.657607315214591
 10
62.40792481584958
 20
-3.657607315214591
  0
LWPOLYLINE
  5
4be
330
1F
100
AcDbEntity
  8
Document
100
AcDbPolyline
 90
1
 70
 0
 43
0.25400050800101603 
 10
66.4211328422657
 20
2.99720599441207
 10
66.4211328422657
 20
-2.99720599441207
  0
LWPOLYLINE
  5
4bf
330
1F
100
AcDbEntity
  8
Document
100
AcDbPolyline
 90
1
 70
 0
 43
0.25400050800101603 
 10
66.4211328422657
 20
2.99720599441207
 10
67.91973583947151
 20
2.99720599441207
  0
LWPOLYLINE
  5
4c0
330
1F
100
AcDbEntity
  8
Document
100
AcDbPolyline
 90
1
 70
 0
 43
0.25400050800101603 
 10
66.4211328422657
 20
-2.99720599441207
 10
67.91973583947151
 20
-2.99720599441207
  0
LWPOLYLINE
  5
4c1
330
1F
100
AcDbEntity
  8
Document
100
AcDbPolyline
 90
1
 70
 0
 43
0.25400050800101603 
 10
62.40792481584958
 20
3.6576073152147046
 10
62.40792481584958
 20
1.498602997206035
  0
LWPOLYLINE
  5
4c2
330
1F
100
AcDbEntity
  8
Document
100
AcDbPolyline
 90
1
 70
 0
 43
0.25400050800101603 
 10
62.40792481584958
 20
1.498602997206035
 10
62.40792481584958
 20
-1.498602997206035
  0
LWPOLYLINE
  5
4c3
330
1F
100
AcDbEntity
  8
Document
100
AcDbPolyline
 90
1
 70
 0
 43
0.25400050800101603 
 10
62.40792481584958
 20
-1.498602997206035
 10
62.40792481584958
 20
-3.657607315214591
  0
LWPOLYLINE
  5
4c4
330
1F
100
AcDbEntity
  8
Document
100
AcDbPolyline
 90
1
 70
 0
 43
0.25400050800101603 
 10
62.40792481584958
 20
-1.498602997206035
 10
60.60452120904256
 20
-1.498602997206035
  0
LWPOLYLINE
  5
4c5
330
1F
100
AcDbEntity
  8
Document
100
AcDbPolyline
 90
1
 70
 0
 43
0.25400050800101603 
 10
62.40792481584958
 20
1.498602997206035
 10
60.60452120904256
 20
1.498602997206035
  0
LWPOLYLINE
  5
4c6
330
1F
100
AcDbEntity
  8
TopSilkLayer
100
AcDbPolyline
 90
1
 70
 0
 43
0.25400050800101603 
 10
90.32258064516145
 20
-28.575057150114276
 10
90.32258064516145
 20
-31.572263144526346
  0
LWPOLYLINE
  5
4c7
330
1F
100
AcDbEntity
  8
TopSilkLayer
100
AcDbPolyline
 90
1
 70
 0
 43
0.25400050800101603 
 10
90.32258064516145
 20
-31.572263144526346
 10
97.6377952755904
 20
-31.572263144526346
  0
LWPOLYLINE
  5
4c8
330
1F
100
AcDbEntity
  8
TopSilkLayer
100
AcDbPolyline
 90
1
 70
 0
 43
0.25400050800101603 
 10
97.6377952755904
 20
-31.572263144526346
 10
97.6377952755904
 20
-28.575057150114276
  0
LWPOLYLINE
  5
4c9
330
1F
100
AcDbEntity
  8
TopSilkLayer
100
AcDbPolyline
 90
1
 70
 0
 43
0.25400050800101603 
 10
95.98679197358388
 20
-27.559055118110223
 10
91.97358394716798
 20
-27.559055118110223
  0
LWPOLYLINE
  5
4ca
330
1F
100
AcDbEntity
  8
Document
100
AcDbPolyline
 90
1
 70
 0
 43
0.25400050800101603 
 10
95.47879095758185
 20
-33.37566675133348
 10
92.48158496317001
 20
-33.37566675133348
  0
LWPOLYLINE
  5
4cb
330
1F
100
AcDbEntity
  8
Document
100
AcDbPolyline
 90
1
 70
 0
 43
0.25400050800101603 
 10
90.32258064516145
 20
-31.572263144526346
 10
90.32258064516145
 20
-26.060452120904188
  0
LWPOLYLINE
  5
4cc
330
1F
100
AcDbEntity
  8
Document
100
AcDbPolyline
 90
1
 70
 0
 43
0.25400050800101603 
 10
90.32258064516145
 20
-26.060452120904188
 10
90.98298196596397
 20
-26.060452120904188
  0
LWPOLYLINE
  5
4cd
330
1F
100
AcDbEntity
  8
Document
100
AcDbPolyline
 90
1
 70
 0
 43
0.25400050800101603 
 10
96.97739395478789
 20
-26.060452120904188
 10
97.6377952755904
 20
-26.060452120904188
  0
LWPOLYLINE
  5
4ce
330
1F
100
AcDbEntity
  8
Document
100
AcDbPolyline
 90
1
 70
 0
 43
0.25400050800101603 
 10
97.6377952755904
 20
-26.060452120904188
 10
97.6377952755904
 20
-31.572263144526346
  0
LWPOLYLINE
  5
4cf
330
1F
100
AcDbEntity
  8
Document
100
AcDbPolyline
 90
1
 70
 0
 43
0.25400050800101603 
 10
90.98298196596397
 20
-27.559055118110223
 10
96.97739395478789
 20
-27.559055118110223
  0
LWPOLYLINE
  5
4d0
330
1F
100
AcDbEntity
  8
Document
100
AcDbPolyline
 90
1
 70
 0
 43
0.25400050800101603 
 10
90.98298196596397
 20
-27.559055118110223
 10
90.98298196596397
 20
-26.060452120904188
  0
LWPOLYLINE
  5
4d1
330
1F
100
AcDbEntity
  8
Document
100
AcDbPolyline
 90
1
 70
 0
 43
0.25400050800101603 
 10
96.97739395478789
 20
-27.559055118110223
 10
96.97739395478789
 20
-26.060452120904188
  0
LWPOLYLINE
  5
4d2
330
1F
100
AcDbEntity
  8
Document
100
AcDbPolyline
 90
1
 70
 0
 43
0.25400050800101603 
 10
90.32258064516145
 20
-31.572263144526346
 10
92.48158496317001
 20
-31.572263144526346
  0
LWPOLYLINE
  5
4d3
330
1F
100
AcDbEntity
  8
Document
100
AcDbPolyline
 90
1
 70
 0
 43
0.25400050800101603 
 10
92.48158496317001
 20
-31.572263144526346
 10
95.47879095758185
 20
-31.572263144526346
  0
LWPOLYLINE
  5
4d4
330
1F
100
AcDbEntity
  8
Document
100
AcDbPolyline
 90
1
 70
 0
 43
0.25400050800101603 
 10
95.47879095758185
 20
-31.572263144526346
 10
97.6377952755904
 20
-31.572263144526346
  0
LWPOLYLINE
  5
4d5
330
1F
100
AcDbEntity
  8
Document
100
AcDbPolyline
 90
1
 70
 0
 43
0.25400050800101603 
 10
95.47879095758185
 20
-31.572263144526346
 10
95.47879095758185
 20
-33.37566675133348
  0
LWPOLYLINE
  5
4d6
330
1F
100
AcDbEntity
  8
Document
100
AcDbPolyline
 90
1
 70
 0
 43
0.25400050800101603 
 10
92.48158496317001
 20
-31.572263144526346
 10
92.48158496317001
 20
-33.37566675133348
  0
LWPOLYLINE
  5
4d7
330
1F
100
AcDbEntity
  8
TopSilkLayer
100
AcDbPolyline
 90
1
 70
 0
 43
0.25400050800101603 
 10
122.5552451104902
 20
-3.657607315214591
 10
125.55255270510543
 20
-3.657607315214591
  0
LWPOLYLINE
  5
4d8
330
1F
100
AcDbEntity
  8
TopSilkLayer
100
AcDbPolyline
 90
1
 70
 0
 43
0.25400050800101603 
 10
125.55255270510543
 20
-3.657607315214591
 10
125.55255270510543
 20
3.6576073152147046
  0
LWPOLYLINE
  5
4d9
330
1F
100
AcDbEntity
  8
TopSilkLayer
100
AcDbPolyline
 90
1
 70
 0
 43
0.25400050800101603 
 10
125.55255270510543
 20
3.6576073152147046
 10
122.5552451104902
 20
3.6576073152147046
  0
LWPOLYLINE
  5
4da
330
1F
100
AcDbEntity
  8
TopSilkLayer
100
AcDbPolyline
 90
1
 70
 0
 43
0.25400050800101603 
 10
121.53924307848615
 20
2.0066040132080616
 10
121.53924307848615
 20
-2.0066040132080616
  0
LWPOLYLINE
  5
4db
330
1F
100
AcDbEntity
  8
Document
100
AcDbPolyline
 90
1
 70
 0
 43
0.25400050800101603 
 10
127.35590551181099
 20
1.498602997206035
 10
127.35590551181099
 20
-1.498602997206035
  0
LWPOLYLINE
  5
4dc
330
1F
100
AcDbEntity
  8
Document
100
AcDbPolyline
 90
1
 70
 0
 43
0.25400050800101603 
 10
125.55255270510543
 20
-3.657607315214591
 10
120.04071628143265
 20
-3.657607315214591
  0
LWPOLYLINE
  5
4dd
330
1F
100
AcDbEntity
  8
Document
100
AcDbPolyline
 90
1
 70
 0
 43
0.25400050800101603 
 10
120.04071628143265
 20
-3.657607315214591
 10
120.04071628143265
 20
-2.99720599441207
  0
LWPOLYLINE
  5
4de
330
1F
100
AcDbEntity
  8
Document
100
AcDbPolyline
 90
1
 70
 0
 43
0.25400050800101603 
 10
120.04071628143265
 20
2.99720599441207
 10
120.04071628143265
 20
3.6576073152147046
  0
LWPOLYLINE
  5
4df
330
1F
100
AcDbEntity
  8
Document
100
AcDbPolyline
 90
1
 70
 0
 43
0.25400050800101603 
 10
120.04071628143265
 20
3.6576073152147046
 10
125.55255270510543
 20
3.6576073152147046
  0
LWPOLYLINE
  5
4e0
330
1F
100
AcDbEntity
  8
Document
100
AcDbPolyline
 90
1
 70
 0
 43
0.25400050800101603 
 10
121.53924307848615
 20
-2.99720599441207
 10
121.53924307848615
 20
2.99720599441207
  0
LWPOLYLINE
  5
4e1
330
1F
100
AcDbEntity
  8
Document
100
AcDbPolyline
 90
1
 70
 0
 43
0.25400050800101603 
 10
121.53924307848615
 20
-2.99720599441207
 10
120.04071628143265
 20
-2.99720599441207
  0
LWPOLYLINE
  5
4e2
330
1F
100
AcDbEntity
  8
Document
100
AcDbPolyline
 90
1
 70
 0
 43
0.25400050800101603 
 10
121.53924307848615
 20
2.99720599441207
 10
120.04071628143265
 20
2.99720599441207
  0
LWPOLYLINE
  5
4e3
330
1F
100
AcDbEntity
  8
Document
100
AcDbPolyline
 90
1
 70
 0
 43
0.25400050800101603 
 10
125.55255270510543
 20
-3.657607315214591
 10
125.55255270510543
 20
-1.498602997206035
  0
LWPOLYLINE
  5
4e4
330
1F
100
AcDbEntity
  8
Document
100
AcDbPolyline
 90
1
 70
 0
 43
0.25400050800101603 
 10
125.55255270510543
 20
-1.498602997206035
 10
125.55255270510543
 20
1.498602997206035
  0
LWPOLYLINE
  5
4e5
330
1F
100
AcDbEntity
  8
Document
100
AcDbPolyline
 90
1
 70
 0
 43
0.25400050800101603 
 10
125.55255270510543
 20
1.498602997206035
 10
125.55255270510543
 20
3.6576073152147046
  0
LWPOLYLINE
  5
4e6
330
1F
100
AcDbEntity
  8
Document
100
AcDbPolyline
 90
1
 70
 0
 43
0.25400050800101603 
 10
125.55255270510543
 20
1.498602997206035
 10
127.35590551181099
 20
1.498602997206035
  0
LWPOLYLINE
  5
4e7
330
1F
100
AcDbEntity
  8
Document
100
AcDbPolyline
 90
1
 70
 0
 43
0.25400050800101603 
 10
125.55255270510543
 20
-1.498602997206035
 10
127.35590551181099
 20
-1.498602997206035
  0
ARC
  5
4e8
330
1F
100
AcDbEntity
  8
BoardOutLine
100
AcDbCircle
 10
93.95690881381756
 20
-2.161154720106879
 30
0.0
 40
33.02240284480569
100
AcDbArc
 50
261.0278282089412
 51
278.9721717910588
  0
ARC
  5
4e9
330
1F
100
AcDbEntity
  8
BoardOutLine
100
AcDbCircle
 10
93.99155767921457
 20
-0.0075341748969322
 30
0.0
 40
37.00000000000001
100
AcDbArc
 50
277.9467520519597
 51
291.909954044506
  0
ARC
  5
4ea
330
1F
100
AcDbEntity
  8
BoardOutLine
100
AcDbCircle
 10
110.24000738529276
 20
-28.150657140582553
 30
0.0
 40
5.207010414020829
100
AcDbArc
 50
29.833730767127633
 51
210.1662250032519
  0
ARC
  5
4eb
330
1F
100
AcDbEntity
  8
BoardOutLine
100
AcDbCircle
 10
93.9915812277136
 20
-0.0074978427663836555
 30
0.0
 40
37.00000000000001
100
AcDbArc
 50
308.0900271089043
 51
324.9212749382191
  0
ARC
  5
4ec
330
1F
100
AcDbEntity
  8
BoardOutLine
100
AcDbCircle
 10
122.10274325379828
 20
-16.40457203732376
 30
0.0
 40
3.111510998840345
100
AcDbArc
 50
59.74534826040281
 51
239.74534616909304
  0
ARC
  5
4ed
330
1F
100
AcDbEntity
  8
BoardOutLine
100
AcDbCircle
 10
93.99157628836474
 20
-0.007510287566560692
 30
0.0
 40
37.00000000000001
100
AcDbArc
 50
334.5692206971447
 51
351.76903490703035
  0
ARC
  5
4ee
330
1F
100
AcDbEntity
  8
BoardOutLine
100
AcDbCircle
 10
95.96351692483131
 20
-0.15457200914397617
 30
0.0
 40
33.02240284480569
100
AcDbArc
 50
351.0278282089411
 51
8.97217179105894
  0
ARC
  5
4ef
330
1F
100
AcDbEntity
  8
BoardOutLine
100
AcDbCircle
 10
93.99155802047812
 20
-0.007491353248269661
 30
0.0
 40
37.00000000000001
100
AcDbArc
 50
7.770996750119146
 51
21.90985061807811
  0
ARC
  5
4f0
330
1F
100
AcDbEntity
  8
BoardOutLine
100
AcDbCircle
 10
122.15880480224632
 20
16.254842640820584
 30
0.0
 40
5.207010414020829
100
AcDbArc
 50
120.14021043833102
 51
299.85998737965895
  0
ARC
  5
4f1
330
1F
100
AcDbEntity
  8
BoardOutLine
100
AcDbCircle
 10
93.99156831998789
 20
-0.0075320670291603165
 30
0.0
 40
37.00000000000001
100
AcDbArc
 50
38.09008160293721
 51
55.09900328956206
  0
ARC
  5
4f2
330
1F
100
AcDbEntity
  8
BoardOutLine
100
AcDbCircle
 10
110.20961927137955
 20
27.99590785958162
 30
0.0
 40
3.1115062230124466
100
AcDbArc
 50
150.02208261716353
 51
329.8238362648573
  0
ARC
  5
4f3
330
1F
100
AcDbEntity
  8
BoardOutLine
100
AcDbCircle
 10
93.9915824994398
 20
-0.00752571749001163
 30
0.0
 40
37.00000000000001
100
AcDbArc
 50
64.74691322122067
 51
111.90996374590384
  0
ARC
  5
4f4
330
1F
100
AcDbEntity
  8
BoardOutLine
100
AcDbCircle
 10
77.7321105438557
 20
28.154666646875512
 30
0.0
 40
5.207010414020829
100
AcDbArc
 50
210.07594332144885
 51
29.924114750196335
  0
ARC
  5
4f5
330
1F
100
AcDbEntity
  8
BoardOutLine
100
AcDbCircle
 10
93.99156584966136
 20
-0.00750911501313567
 30
0.0
 40
37.00000000000001
100
AcDbArc
 50
128.0901020940311
 51
145.43142030219593
  0
ARC
  5
4f6
330
1F
100
AcDbEntity
  8
BoardOutLine
100
AcDbCircle
 10
65.80332733068849
 20
16.09987483138832
 30
0.0
 40
3.1115062230124466
100
AcDbArc
 50
240.4198375074115
 51
60.090689967930835
  0
ARC
  5
4f7
330
1F
100
AcDbEntity
  8
BoardOutLine
100
AcDbCircle
 10
93.9915777724309
 20
-0.007480899158167631
 30
0.0
 40
37.00000000000001
100
AcDbArc
 50
155.07940638252742
 51
172.22901958844727
  0
ARC
  5
4f8
330
1F
100
AcDbEntity
  8
BoardOutLine
100
AcDbCircle
 10
91.95032610285489
 20
-0.15457200914397617
 30
0.0
 40
33.02240284480569
100
AcDbArc
 50
171.02782820894114
 51
188.97217179105897
  0
ARC
  5
4f9
330
1F
100
AcDbEntity
  8
BoardOutLine
100
AcDbCircle
 10
93.99156150462159
 20
-0.007533976698482547
 30
0.0
 40
37.00000000000001
100
AcDbArc
 50
188.23092802772246
 51
201.9099122077858
  0
ARC
  5
4fa
330
1F
100
AcDbEntity
  8
BoardOutLine
100
AcDbCircle
 10
65.82610866514574
 20
-16.26885762889208
 30
0.0
 40
5.207010414020829
100
AcDbArc
 50
300.1172528877583
 51
119.88256313661786
  0
ARC
  5
4fb
330
1F
100
AcDbEntity
  8
BoardOutLine
100
AcDbCircle
 10
93.99157617785954
 20
-0.007543088990018987
 30
0.0
 40
37.00000000000001
100
AcDbArc
 50
218.0900561707546
 51
235.25235664275164
  0
ARC
  5
4fc
330
1F
100
AcDbEntity
  8
BoardOutLine
100
AcDbCircle
 10
77.70208948481059
 20
-28.308766731402557
 30
0.0
 40
3.1115062230124466
100
AcDbArc
 50
330.25413081483396
 51
149.8983343737641
  0
ARC
  5
4fd
330
1F
100
AcDbEntity
  8
BoardOutLine
100
AcDbCircle
 10
93.99152593796794
 20
-0.007516376766375288
 30
0.0
 40
37.00000000000001
100
AcDbArc
 50
244.90037705107883
 51
261.9449327969963
  0
ARC
  5
4fe
330
1F
100
AcDbEntity
  8
BoardOutLine
100
AcDbCircle
 10
93.95690881381756
 20
-2.161154720106879
 30
0.0
 40
33.02240284480569
100
AcDbArc
 50
261.0278282089412
 51
278.9721717910588
  0
ARC
  5
4ff
330
1F
100
AcDbEntity
  8
BoardOutLine
100
AcDbCircle
 10
93.99155767921457
 20
-0.0075341748969322
 30
0.0
 40
37.00000000000001
100
AcDbArc
 50
277.9467520519597
 51
291.909954044506
  0
ARC
  5
500
330
1F
100
AcDbEntity
  8
BoardOutLine
100
AcDbCircle
 10
110.25511580495345
 20
-28.176825714383085
 30
0.0
 40
5.207010414020829
100
AcDbArc
 50
30.166225003251952
 51
209.83373076712763
  0
ARC
  5
501
330
1F
100
AcDbEntity
  8
BoardOutLine
100
AcDbCircle
 10
93.9915812277136
 20
-0.0074978427663836555
 30
0.0
 40
37.00000000000001
100
AcDbArc
 50
308.0900271089043
 51
324.9212749382191
  0
ARC
  5
502
330
1F
100
AcDbEntity
  8
BoardOutLine
100
AcDbCircle
 10
122.10274325379828
 20
-16.40457203732376
 30
0.0
 40
3.111510998840345
100
AcDbArc
 50
59.74534826040281
 51
239.74534616909304
  0
ARC
  5
503
330
1F
100
AcDbEntity
  8
BoardOutLine
100
AcDbCircle
 10
93.99157628836474
 20
-0.007510287566560692
 30
0.0
 40
37.00000000000001
100
AcDbArc
 50
334.5692206971447
 51
351.76903490703035
  0
ARC
  5
504
330
1F
100
AcDbEntity
  8
BoardOutLine
100
AcDbCircle
 10
95.96351692483131
 20
-0.15457200914397617
 30
0.0
 40
33.02240284480569
100
AcDbArc
 50
351.0278282089411
 51
8.97217179105894
  0
ARC
  5
505
330
1F
100
AcDbEntity
  8
BoardOutLine
100
AcDbCircle
 10
93.99155802047812
 20
-0.007491353248269661
 30
0.0
 40
37.00000000000001
100
AcDbArc
 50
7.770996750119146
 51
21.90985061807811
  0
ARC
  5
506
330
1F
100
AcDbEntity
  8
BoardOutLine
100
AcDbCircle
 10
122.15880480224632
 20
16.254842640820584
 30
0.0
 40
5.207010414020829
100
AcDbArc
 50
120.14021043833102
 51
299.85998737965895
  0
ARC
  5
507
330
1F
100
AcDbEntity
  8
BoardOutLine
100
AcDbCircle
 10
93.99156831998789
 20
-0.0075320670291603165
 30
0.0
 40
37.00000000000001
100
AcDbArc
 50
38.09008160293721
 51
55.09900328956206
  0
ARC
  5
508
330
1F
100
AcDbEntity
  8
BoardOutLine
100
AcDbCircle
 10
110.20961927137955
 20
27.99590785958162
 30
0.0
 40
3.1115062230124466
100
AcDbArc
 50
150.02208261716353
 51
329.8238362648573
  0
ARC
  5
509
330
1F
100
AcDbEntity
  8
BoardOutLine
100
AcDbCircle
 10
93.9915824994398
 20
-0.00752571749001163
 30
0.0
 40
37.00000000000001
100
AcDbArc
 50
64.74691322122067
 51
111.90996374590384
  0
ARC
  5
50a
330
1F
100
AcDbEntity
  8
BoardOutLine
100
AcDbCircle
 10
77.7321105438557
 20
28.154666646875512
 30
0.0
 40
5.207010414020829
100
AcDbArc
 50
210.07594332144885
 51
29.924114750196335
  0
ARC
  5
50b
330
1F
100
AcDbEntity
  8
BoardOutLine
100
AcDbCircle
 10
93.99156584966136
 20
-0.00750911501313567
 30
0.0
 40
37.00000000000001
100
AcDbArc
 50
128.0901020940311
 51
145.43142030219593
  0
ARC
  5
50c
330
1F
100
AcDbEntity
  8
BoardOutLine
100
AcDbCircle
 10
65.80332733068849
 20
16.09987483138832
 30
0.0
 40
3.1115062230124466
100
AcDbArc
 50
240.4198375074115
 51
60.090689967930835
  0
ARC
  5
50d
330
1F
100
AcDbEntity
  8
BoardOutLine
100
AcDbCircle
 10
93.9915777724309
 20
-0.007480899158167631
 30
0.0
 40
37.00000000000001
100
AcDbArc
 50
155.07940638252742
 51
172.22901958844727
  0
ARC
  5
50e
330
1F
100
AcDbEntity
  8
BoardOutLine
100
AcDbCircle
 10
91.95032610285489
 20
-0.15457200914397617
 30
0.0
 40
33.02240284480569
100
AcDbArc
 50
171.02782820894114
 51
188.97217179105897
  0
ARC
  5
50f
330
1F
100
AcDbEntity
  8
BoardOutLine
100
AcDbCircle
 10
93.99156150462159
 20
-0.007533976698482547
 30
0.0
 40
37.00000000000001
100
AcDbArc
 50
188.23092802772246
 51
201.9099122077858
  0
ARC
  5
510
330
1F
100
AcDbEntity
  8
BoardOutLine
100
AcDbCircle
 10
65.82610866514574
 20
-16.26885762889208
 30
0.0
 40
5.207010414020829
100
AcDbArc
 50
300.1172528877583
 51
119.88256313661786
  0
ARC
  5
511
330
1F
100
AcDbEntity
  8
BoardOutLine
100
AcDbCircle
 10
93.99157617785954
 20
-0.007543088990018987
 30
0.0
 40
37.00000000000001
100
AcDbArc
 50
218.0900561707546
 51
235.25235664275164
  0
ARC
  5
512
330
1F
100
AcDbEntity
  8
BoardOutLine
100
AcDbCircle
 10
77.70208948481059
 20
-28.308766731402557
 30
0.0
 40
3.1115062230124466
100
AcDbArc
 50
330.25413081483396
 51
149.8983343737641
  0
ARC
  5
513
330
1F
100
AcDbEntity
  8
BoardOutLine
100
AcDbCircle
 10
93.99152593796794
 20
-0.007516376766375288
 30
0.0
 40
37.00000000000001
100
AcDbArc
 50
244.90037705107883
 51
261.9449327969963
  0
ARC
  5
514
330
1F
100
AcDbEntity
  8
BottomSilkLayer
100
AcDbCircle
 10
79.50215900431795
 20
2.5400255884651415
 30
0.0
 40
2.429591059182119
100
AcDbArc
 50
324.9996339761967
 51
215.0003660238033
  0
ARC
  5
515
330
1F
100
AcDbEntity
  8
BottomSilkLayer
100
AcDbCircle
 10
79.3751587503175
 20
-2.5399845715551237
 30
0.0
 40
2.429591059182119
100
AcDbArc
 50
324.9996339761967
 51
215.0003660238033
0
TEXT
5
999
100
AcDbEntity
8
BottomSilkLayer
7

461
0.8
100
AcDbText
10
110.61696723393447
20
-9.017018034036028
30
0
40
0.8
1
LED
50
270
71
2
100
AcDbText
0
TEXT
5
99a
100
AcDbEntity
8
BottomSilkLayer
7

461
0.8
100
AcDbText
10
113.28397256794506
20
-9.017018034036028
30
0
40
0.8
1
LED5V
50
270
71
2
100
AcDbText
0
TEXT
5
99b
100
AcDbEntity
8
BottomSilkLayer
7

461
0.8
100
AcDbText
10
115.69697739395474
20
-9.144018288036591
30
0
40
0.8
1
5V
50
270
71
2
100
AcDbText
0
TEXT
5
99c
100
AcDbEntity
8
BottomSilkLayer
7

461
0.8
100
AcDbText
10
108.07696215392434
20
-9.017018034036028
30
0
40
0.8
1
GND
50
270
71
2
100
AcDbText
0
TEXT
5
99d
100
AcDbEntity
8
TopSilkLayer
7

461
0.8
100
AcDbText
10
88.42392684785364
20
-14.47802895605787
30
0
40
0.8
1
CLK
50
270
71
1
100
AcDbText
0
TEXT
5
99e
100
AcDbEntity
8
TopSilkLayer
7

461
0.8
100
AcDbText
10
90.99568199136411
20
-14.47802895605787
30
0
40
0.8
1
RX
50
270
71
1
100
AcDbText
0
TEXT
5
99f
100
AcDbEntity
8
TopSilkLayer
7

461
0.8
100
AcDbText
10
93.56743713487435
20
-14.47802895605787
30
0
40
0.8
1
SWR
50
270
71
1
100
AcDbText
0
TEXT
5
9a0
100
AcDbEntity
8
TopSilkLayer
7

461
0.8
100
AcDbText
10
96.1391922783846
20
-14.47802895605787
30
0
40
0.8
1
3V3
50
270
71
1
100
AcDbText
0
TEXT
5
9a1
100
AcDbEntity
8
TopSilkLayer
7

461
0.8
100
AcDbText
10
98.71094742189484
20
-14.47802895605787
30
0
40
0.8
1
GND
50
270
71
1
100
AcDbText
0
TEXT
5
9a2
100
AcDbEntity
8
TopSilkLayer
7
NotoSansCJKsc-DemiLight
461
1.1
100
AcDbText
10
109.3469646939293
20
-1.5240030480060796
30
0
40
1.1
1
SpaceMouse - rev 1.0
50
90
71
1
100
AcDbText
0
TEXT
5
9a3
100
AcDbEntity
8
TopSilkLayer
7
NotoSansCJKsc-DemiLight
461
1.1
100
AcDbText
10
107.82296164592321
20
-1.5240030480060796
30
0
40
1.1
1
© 2025 Ratatosk BV
50
90
71
1
100
AcDbText
0
TEXT
5
9a4
100
AcDbEntity
8
BottomSilkLayer
7

461
1.143002286004572
100
AcDbText
10
94.23418846837694
20
33.40106680213364
30
0
40
1.143002286004572
1
U1
50
0
71
2
100
AcDbText
0
TEXT
5
9a5
100
AcDbEntity
8
BottomSilkLayer
7

461
1.143002286004572
100
AcDbText
10
76.70815341630691
20
0
30
0
40
1.143002286004572
1
Q1
50
0
71
2
100
AcDbText
0
TEXT
5
9a6
100
AcDbEntity
8
BottomSilkLayer
7

461
1.143002286004572
100
AcDbText
10
76.70815341630691
20
-5.080010160020265
30
0
40
1.143002286004572
1
Q2
50
0
71
2
100
AcDbText
0
TEXT
5
9a7
100
AcDbEntity
8
BottomSilkLayer
7

461
1.143002286004572
100
AcDbText
10
72.89789179578361
20
-12.446024892049763
30
0
40
1.143002286004572
1
R1
50
0
71
2
100
AcDbText
0
TEXT
5
9a8
100
AcDbEntity
8
BottomSilkLayer
7

461
1.143002286004572
100
AcDbText
10
73.1518923037845
20
-10.03302006604008
30
0
40
1.143002286004572
1
R2
50
0
71
2
100
AcDbText
0
TEXT
5
9a9
100
AcDbEntity
8
BottomSilkLayer
7

461
1.143002286004572
100
AcDbText
10
73.15214630429273
20
8.128016256032538
30
0
40
1.143002286004572
1
R3
50
0
71
2
100
AcDbText
0
TEXT
5
9aa
100
AcDbEntity
8
TopSilkLayer
7

461
1.143002286004572
100
AcDbText
10
89.53517907035825
20
19.55803911607825
30
0
40
1.143002286004572
1
H1
50
0
71
1
100
AcDbText
0
TEXT
5
9ab
100
AcDbEntity
8
Document
7

461
0.7000254000508002
100
AcDbText
10
90.8569977139955
20
22.933197866395744
30
0
40
0.7000254000508002
1
Q1
50
180
71
1
100
AcDbText
0
TEXT
5
9ac
100
AcDbEntity
8
TopSilkLayer
7

461
1.143002286004572
100
AcDbText
10
97.0281940563882
20
19.55803911607825
30
0
40
1.143002286004572
1
H2
50
0
71
1
100
AcDbText
0
TEXT
5
9ad
100
AcDbEntity
8
Document
7

461
0.7000254000508002
100
AcDbText
10
98.35001270002545
20
22.933197866395744
30
0
40
0.7000254000508002
1
Q1
50
180
71
1
100
AcDbText
0
TEXT
5
9ae
100
AcDbEntity
8
TopSilkLayer
7

461
1.143002286004572
100
AcDbText
10
114.9352298704598
20
3.048006096012159
30
0
40
1.143002286004572
1
H3
50
90
71
1
100
AcDbText
0
TEXT
5
9af
100
AcDbEntity
8
Document
7

461
0.7000254000508002
100
AcDbText
10
116.91287782575569
20
3.250190500380995
30
0
40
0.7000254000508002
1
Q1
50
90
71
1
100
AcDbText
0
TEXT
5
9b0
100
AcDbEntity
8
TopSilkLayer
7

461
1.143002286004572
100
AcDbText
10
114.9352298704598
20
-4.572009144018239
30
0
40
1.143002286004572
1
H4
50
90
71
1
100
AcDbText
0
TEXT
5
9b1
100
AcDbEntity
8
Document
7

461
0.7000254000508002
100
AcDbText
10
116.91287782575569
20
-4.369824739649516
30
0
40
0.7000254000508002
1
Q1
50
90
71
1
100
AcDbText
0
TEXT
5
9b2
100
AcDbEntity
8
TopSilkLayer
7

461
1.143002286004572
100
AcDbText
10
97.0281940563882
20
-20.955041910083764
30
0
40
1.143002286004572
1
H5
50
0
71
1
100
AcDbText
0
TEXT
5
9b3
100
AcDbEntity
8
Document
7

461
0.7000254000508002
100
AcDbText
10
97.10287020574037
20
-22.932689865379757
30
0
40
0.7000254000508002
1
Q1
50
0
71
1
100
AcDbText
0
TEXT
5
9b4
100
AcDbEntity
8
TopSilkLayer
7

461
1.143002286004572
100
AcDbText
10
89.53517907035825
20
-20.955041910083764
30
0
40
1.143002286004572
1
H6
50
0
71
1
100
AcDbText
0
TEXT
5
9b5
100
AcDbEntity
8
Document
7

461
0.7000254000508002
100
AcDbText
10
89.60985521971043
20
-22.932689865379757
30
0
40
0.7000254000508002
1
Q1
50
0
71
1
100
AcDbText
0
TEXT
5
9b6
100
AcDbEntity
8
TopSilkLayer
7

461
1.143002286004572
100
AcDbText
10
73.02514605029205
20
-3.048006096012159
30
0
40
1.143002286004572
1
H7
50
270
71
1
100
AcDbText
0
TEXT
5
9b7
100
AcDbEntity
8
Document
7

461
0.7000254000508002
100
AcDbText
10
71.04699009398041
20
-3.1226822453644445
30
0
40
0.7000254000508002
1
Q1
50
270
71
1
100
AcDbText
0
TEXT
5
9b8
100
AcDbEntity
8
TopSilkLayer
7

461
1.143002286004572
100
AcDbText
10
73.02514605029205
20
4.445008890017789
30
0
40
1.143002286004572
1
H8
50
270
71
1
100
AcDbText
0
TEXT
5
9b9
100
AcDbEntity
8
Document
7

461
0.7000254000508002
100
AcDbText
10
71.04699009398041
20
4.3703327406655035
30
0
40
0.7000254000508002
1
Q1
50
270
71
1
100
AcDbText
0
TEXT
5
9ba
100
AcDbEntity
8
BottomSilkLayer
7

461
1.143002286004572
100
AcDbText
10
119.50698501397005
20
-11.811023622047287
30
0
40
1.143002286004572
1
J1
50
0
71
2
100
AcDbText
0
TEXT
5
9bb
100
AcDbEntity
8
TopSilkLayer
7

461
1.143002286004572
100
AcDbText
10
93.72618745237492
20
-11.176022352044697
30
0
40
1.143002286004572
1
J2
50
0
71
1
100
AcDbText
0
TEXT
5
9bc
100
AcDbEntity
8
TopSilkLayer
7

461
1.143002286004572
100
AcDbText
10
60.45212090424184
20
5.080010160020379
30
0
40
1.143002286004572
1
S1
50
270
71
1
100
AcDbText
0
TEXT
5
9bd
100
AcDbEntity
8
TopSilkLayer
7

461
1.143002286004572
100
AcDbText
10
88.39217678435352
20
-33.14706629413263
30
0
40
1.143002286004572
1
S2
50
0
71
1
100
AcDbText
0
TEXT
5
9be
100
AcDbEntity
8
TopSilkLayer
7

461
1.143002286004572
100
AcDbText
10
126.49225298450597
20
-6.3500127000253315
30
0
40
1.143002286004572
1
S3
50
90
71
1
100
AcDbText
  0
CIRCLE
  5
5a6
330
1F
100
AcDbEntity
  8
TopSolderMaskLayer
100
AcDbCircle
 10
101.6009398018798
 20
35.05207010414017
 30
0.0
 40
0.5158750317500634
  0
CIRCLE
  5
5a7
330
1F
100
AcDbEntity
  8
TopSolderMaskLayer
100
AcDbCircle
 10
101.60096520193042
 20
35.05207010414017
 30
0.0
 40
0.8254000508001016
0
HATCH
5
5a8
100
AcDbEntity
8
TopSolderMaskLayer
100
AcDbHatch
10
0
20
0
30
0
210
0
220
0
230
1
2
SOLID
70
1
71
0
91
1
92
7
72
1
73
1
93
2
10
100.77556515113032
20
35.05207010414017
42
1
10
102.42636525273052
20
35.05207010414017
42
1
97
1
330

75
0
76
1
47
0.8681437583925616
98
1
10
3.629517071192367
20
33.92795499968543
450
0
451
0
460
0
461
0
452
1
462
1
453
2
463
0
63
5
421
255
463
1
63
7
421
16777215
470
LINEAR
1001
ACAD
1010
0
1020
0
1030
0
  0
CIRCLE
  5
5a9
330
1F
100
AcDbEntity
  8
BottomSolderMaskLayer
100
AcDbCircle
 10
101.6009398018798
 20
35.05207010414017
 30
0.0
 40
0.5158750317500634
  0
CIRCLE
  5
5aa
330
1F
100
AcDbEntity
  8
BottomSolderMaskLayer
100
AcDbCircle
 10
101.60096520193042
 20
35.05207010414017
 30
0.0
 40
0.8254000508001016
0
HATCH
5
5ab
100
AcDbEntity
8
BottomSolderMaskLayer
100
AcDbHatch
10
0
20
0
30
0
210
0
220
0
230
1
2
SOLID
70
1
71
0
91
1
92
7
72
1
73
1
93
2
10
100.77556515113032
20
35.05207010414017
42
1
10
102.42636525273052
20
35.05207010414017
42
1
97
1
330

75
0
76
1
47
0.8681437583925616
98
1
10
3.629517071192367
20
33.92795499968543
450
0
451
0
460
0
461
0
452
1
462
1
453
2
463
0
63
5
421
255
463
1
63
7
421
16777215
470
LINEAR
1001
ACAD
1010
0
1020
0
1030
0
  0
CIRCLE
  5
5ac
330
1F
100
AcDbEntity
  8
Multi-Layer
100
AcDbCircle
 10
101.6009398018798
 20
35.05207010414017
 30
0.0
 40
0.5
  0
CIRCLE
  5
5ad
330
1F
100
AcDbEntity
  8
Multi-Layer
100
AcDbCircle
 10
101.60096520193042
 20
35.05207010414017
 30
0.0
 40
0.8
0
HATCH
5
5ae
100
AcDbEntity
8
Multi-Layer
100
AcDbHatch
10
0
20
0
30
0
210
0
220
0
230
1
2
SOLID
70
1
71
0
91
1
92
7
72
1
73
1
93
2
10
100.80096520193042
20
35.05207010414017
42
1
10
102.40096520193042
20
35.05207010414017
42
1
97
1
330

75
0
76
1
47
0.8681437583925616
98
1
10
3.629517071192367
20
33.92795499968543
450
0
451
0
460
0
461
0
452
1
462
1
453
2
463
0
63
5
421
255
463
1
63
7
421
16777215
470
LINEAR
1001
ACAD
1010
0
1020
0
1030
0
  0
CIRCLE
  5
5af
330
1F
100
AcDbEntity
  8
TopSolderMaskLayer
100
AcDbCircle
 10
101.6009398018798
 20
32.51206502413004
 30
0.0
 40
0.5158750317500634
  0
CIRCLE
  5
5b0
330
1F
100
AcDbEntity
  8
TopSolderMaskLayer
100
AcDbCircle
 10
101.60096520193042
 20
32.51206502413004
 30
0.0
 40
0.8254000508001016
0
HATCH
5
5b1
100
AcDbEntity
8
TopSolderMaskLayer
100
AcDbHatch
10
0
20
0
30
0
210
0
220
0
230
1
2
SOLID
70
1
71
0
91
1
92
7
72
1
73
1
93
2
10
100.77556515113032
20
32.51206502413004
42
1
10
102.42636525273052
20
32.51206502413004
42
1
97
1
330

75
0
76
1
47
0.8681437583925616
98
1
10
3.629517071192367
20
33.92795499968543
450
0
451
0
460
0
461
0
452
1
462
1
453
2
463
0
63
5
421
255
463
1
63
7
421
16777215
470
LINEAR
1001
ACAD
1010
0
1020
0
1030
0
  0
CIRCLE
  5
5b2
330
1F
100
AcDbEntity
  8
BottomSolderMaskLayer
100
AcDbCircle
 10
101.6009398018798
 20
32.51206502413004
 30
0.0
 40
0.5158750317500634
  0
CIRCLE
  5
5b3
330
1F
100
AcDbEntity
  8
BottomSolderMaskLayer
100
AcDbCircle
 10
101.60096520193042
 20
32.51206502413004
 30
0.0
 40
0.8254000508001016
0
HATCH
5
5b4
100
AcDbEntity
8
BottomSolderMaskLayer
100
AcDbHatch
10
0
20
0
30
0
210
0
220
0
230
1
2
SOLID
70
1
71
0
91
1
92
7
72
1
73
1
93
2
10
100.77556515113032
20
32.51206502413004
42
1
10
102.42636525273052
20
32.51206502413004
42
1
97
1
330

75
0
76
1
47
0.8681437583925616
98
1
10
3.629517071192367
20
33.92795499968543
450
0
451
0
460
0
461
0
452
1
462
1
453
2
463
0
63
5
421
255
463
1
63
7
421
16777215
470
LINEAR
1001
ACAD
1010
0
1020
0
1030
0
  0
CIRCLE
  5
5b5
330
1F
100
AcDbEntity
  8
Multi-Layer
100
AcDbCircle
 10
101.6009398018798
 20
32.51206502413004
 30
0.0
 40
0.5
  0
CIRCLE
  5
5b6
330
1F
100
AcDbEntity
  8
Multi-Layer
100
AcDbCircle
 10
101.60096520193042
 20
32.51206502413004
 30
0.0
 40
0.8
0
HATCH
5
5b7
100
AcDbEntity
8
Multi-Layer
100
AcDbHatch
10
0
20
0
30
0
210
0
220
0
230
1
2
SOLID
70
1
71
0
91
1
92
7
72
1
73
1
93
2
10
100.80096520193042
20
32.51206502413004
42
1
10
102.40096520193042
20
32.51206502413004
42
1
97
1
330

75
0
76
1
47
0.8681437583925616
98
1
10
3.629517071192367
20
33.92795499968543
450
0
451
0
460
0
461
0
452
1
462
1
453
2
463
0
63
5
421
255
463
1
63
7
421
16777215
470
LINEAR
1001
ACAD
1010
0
1020
0
1030
0
  0
CIRCLE
  5
5b8
330
1F
100
AcDbEntity
  8
TopSolderMaskLayer
100
AcDbCircle
 10
101.6009398018798
 20
29.972059944119906
 30
0.0
 40
0.5158750317500634
  0
CIRCLE
  5
5b9
330
1F
100
AcDbEntity
  8
TopSolderMaskLayer
100
AcDbCircle
 10
101.60096520193042
 20
29.972059944119906
 30
0.0
 40
0.8254000508001016
0
HATCH
5
5ba
100
AcDbEntity
8
TopSolderMaskLayer
100
AcDbHatch
10
0
20
0
30
0
210
0
220
0
230
1
2
SOLID
70
1
71
0
91
1
92
7
72
1
73
1
93
2
10
100.77556515113032
20
29.972059944119906
42
1
10
102.42636525273052
20
29.972059944119906
42
1
97
1
330

75
0
76
1
47
0.8681437583925616
98
1
10
3.629517071192367
20
33.92795499968543
450
0
451
0
460
0
461
0
452
1
462
1
453
2
463
0
63
5
421
255
463
1
63
7
421
16777215
470
LINEAR
1001
ACAD
1010
0
1020
0
1030
0
  0
CIRCLE
  5
5bb
330
1F
100
AcDbEntity
  8
BottomSolderMaskLayer
100
AcDbCircle
 10
101.6009398018798
 20
29.972059944119906
 30
0.0
 40
0.5158750317500634
  0
CIRCLE
  5
5bc
330
1F
100
AcDbEntity
  8
BottomSolderMaskLayer
100
AcDbCircle
 10
101.60096520193042
 20
29.972059944119906
 30
0.0
 40
0.8254000508001016
0
HATCH
5
5bd
100
AcDbEntity
8
BottomSolderMaskLayer
100
AcDbHatch
10
0
20
0
30
0
210
0
220
0
230
1
2
SOLID
70
1
71
0
91
1
92
7
72
1
73
1
93
2
10
100.77556515113032
20
29.972059944119906
42
1
10
102.42636525273052
20
29.972059944119906
42
1
97
1
330

75
0
76
1
47
0.8681437583925616
98
1
10
3.629517071192367
20
33.92795499968543
450
0
451
0
460
0
461
0
452
1
462
1
453
2
463
0
63
5
421
255
463
1
63
7
421
16777215
470
LINEAR
1001
ACAD
1010
0
1020
0
1030
0
  0
CIRCLE
  5
5be
330
1F
100
AcDbEntity
  8
Multi-Layer
100
AcDbCircle
 10
101.6009398018798
 20
29.972059944119906
 30
0.0
 40
0.5
  0
CIRCLE
  5
5bf
330
1F
100
AcDbEntity
  8
Multi-Layer
100
AcDbCircle
 10
101.60096520193042
 20
29.972059944119906
 30
0.0
 40
0.8
0
HATCH
5
5c0
100
AcDbEntity
8
Multi-Layer
100
AcDbHatch
10
0
20
0
30
0
210
0
220
0
230
1
2
SOLID
70
1
71
0
91
1
92
7
72
1
73
1
93
2
10
100.80096520193042
20
29.972059944119906
42
1
10
102.40096520193042
20
29.972059944119906
42
1
97
1
330

75
0
76
1
47
0.8681437583925616
98
1
10
3.629517071192367
20
33.92795499968543
450
0
451
0
460
0
461
0
452
1
462
1
453
2
463
0
63
5
421
255
463
1
63
7
421
16777215
470
LINEAR
1001
ACAD
1010
0
1020
0
1030
0
  0
CIRCLE
  5
5c1
330
1F
100
AcDbEntity
  8
TopSolderMaskLayer
100
AcDbCircle
 10
101.6009398018798
 20
27.432054864109773
 30
0.0
 40
0.5158750317500634
  0
CIRCLE
  5
5c2
330
1F
100
AcDbEntity
  8
TopSolderMaskLayer
100
AcDbCircle
 10
101.60096520193042
 20
27.432054864109773
 30
0.0
 40
0.8254000508001016
0
HATCH
5
5c3
100
AcDbEntity
8
TopSolderMaskLayer
100
AcDbHatch
10
0
20
0
30
0
210
0
220
0
230
1
2
SOLID
70
1
71
0
91
1
92
7
72
1
73
1
93
2
10
100.77556515113032
20
27.432054864109773
42
1
10
102.42636525273052
20
27.432054864109773
42
1
97
1
330

75
0
76
1
47
0.8681437583925616
98
1
10
3.629517071192367
20
33.92795499968543
450
0
451
0
460
0
461
0
452
1
462
1
453
2
463
0
63
5
421
255
463
1
63
7
421
16777215
470
LINEAR
1001
ACAD
1010
0
1020
0
1030
0
  0
CIRCLE
  5
5c4
330
1F
100
AcDbEntity
  8
BottomSolderMaskLayer
100
AcDbCircle
 10
101.6009398018798
 20
27.432054864109773
 30
0.0
 40
0.5158750317500634
  0
CIRCLE
  5
5c5
330
1F
100
AcDbEntity
  8
BottomSolderMaskLayer
100
AcDbCircle
 10
101.60096520193042
 20
27.432054864109773
 30
0.0
 40
0.8254000508001016
0
HATCH
5
5c6
100
AcDbEntity
8
BottomSolderMaskLayer
100
AcDbHatch
10
0
20
0
30
0
210
0
220
0
230
1
2
SOLID
70
1
71
0
91
1
92
7
72
1
73
1
93
2
10
100.77556515113032
20
27.432054864109773
42
1
10
102.42636525273052
20
27.432054864109773
42
1
97
1
330

75
0
76
1
47
0.8681437583925616
98
1
10
3.629517071192367
20
33.92795499968543
450
0
451
0
460
0
461
0
452
1
462
1
453
2
463
0
63
5
421
255
463
1
63
7
421
16777215
470
LINEAR
1001
ACAD
1010
0
1020
0
1030
0
  0
CIRCLE
  5
5c7
330
1F
100
AcDbEntity
  8
Multi-Layer
100
AcDbCircle
 10
101.6009398018798
 20
27.432054864109773
 30
0.0
 40
0.5
  0
CIRCLE
  5
5c8
330
1F
100
AcDbEntity
  8
Multi-Layer
100
AcDbCircle
 10
101.60096520193042
 20
27.432054864109773
 30
0.0
 40
0.8
0
HATCH
5
5c9
100
AcDbEntity
8
Multi-Layer
100
AcDbHatch
10
0
20
0
30
0
210
0
220
0
230
1
2
SOLID
70
1
71
0
91
1
92
7
72
1
73
1
93
2
10
100.80096520193042
20
27.432054864109773
42
1
10
102.40096520193042
20
27.432054864109773
42
1
97
1
330

75
0
76
1
47
0.8681437583925616
98
1
10
3.629517071192367
20
33.92795499968543
450
0
451
0
460
0
461
0
452
1
462
1
453
2
463
0
63
5
421
255
463
1
63
7
421
16777215
470
LINEAR
1001
ACAD
1010
0
1020
0
1030
0
  0
CIRCLE
  5
5ca
330
1F
100
AcDbEntity
  8
TopSolderMaskLayer
100
AcDbCircle
 10
101.6009398018798
 20
24.89204978409964
 30
0.0
 40
0.5158750317500634
  0
CIRCLE
  5
5cb
330
1F
100
AcDbEntity
  8
TopSolderMaskLayer
100
AcDbCircle
 10
101.60096520193042
 20
24.89204978409964
 30
0.0
 40
0.8254000508001016
0
HATCH
5
5cc
100
AcDbEntity
8
TopSolderMaskLayer
100
AcDbHatch
10
0
20
0
30
0
210
0
220
0
230
1
2
SOLID
70
1
71
0
91
1
92
7
72
1
73
1
93
2
10
100.77556515113032
20
24.89204978409964
42
1
10
102.42636525273052
20
24.89204978409964
42
1
97
1
330

75
0
76
1
47
0.8681437583925616
98
1
10
3.629517071192367
20
33.92795499968543
450
0
451
0
460
0
461
0
452
1
462
1
453
2
463
0
63
5
421
255
463
1
63
7
421
16777215
470
LINEAR
1001
ACAD
1010
0
1020
0
1030
0
  0
CIRCLE
  5
5cd
330
1F
100
AcDbEntity
  8
BottomSolderMaskLayer
100
AcDbCircle
 10
101.6009398018798
 20
24.89204978409964
 30
0.0
 40
0.5158750317500634
  0
CIRCLE
  5
5ce
330
1F
100
AcDbEntity
  8
BottomSolderMaskLayer
100
AcDbCircle
 10
101.60096520193042
 20
24.89204978409964
 30
0.0
 40
0.8254000508001016
0
HATCH
5
5cf
100
AcDbEntity
8
BottomSolderMaskLayer
100
AcDbHatch
10
0
20
0
30
0
210
0
220
0
230
1
2
SOLID
70
1
71
0
91
1
92
7
72
1
73
1
93
2
10
100.77556515113032
20
24.89204978409964
42
1
10
102.42636525273052
20
24.89204978409964
42
1
97
1
330

75
0
76
1
47
0.8681437583925616
98
1
10
3.629517071192367
20
33.92795499968543
450
0
451
0
460
0
461
0
452
1
462
1
453
2
463
0
63
5
421
255
463
1
63
7
421
16777215
470
LINEAR
1001
ACAD
1010
0
1020
0
1030
0
  0
CIRCLE
  5
5d0
330
1F
100
AcDbEntity
  8
Multi-Layer
100
AcDbCircle
 10
101.6009398018798
 20
24.89204978409964
 30
0.0
 40
0.5
  0
CIRCLE
  5
5d1
330
1F
100
AcDbEntity
  8
Multi-Layer
100
AcDbCircle
 10
101.60096520193042
 20
24.89204978409964
 30
0.0
 40
0.8
0
HATCH
5
5d2
100
AcDbEntity
8
Multi-Layer
100
AcDbHatch
10
0
20
0
30
0
210
0
220
0
230
1
2
SOLID
70
1
71
0
91
1
92
7
72
1
73
1
93
2
10
100.80096520193042
20
24.89204978409964
42
1
10
102.40096520193042
20
24.89204978409964
42
1
97
1
330

75
0
76
1
47
0.8681437583925616
98
1
10
3.629517071192367
20
33.92795499968543
450
0
451
0
460
0
461
0
452
1
462
1
453
2
463
0
63
5
421
255
463
1
63
7
421
16777215
470
LINEAR
1001
ACAD
1010
0
1020
0
1030
0
  0
CIRCLE
  5
5d3
330
1F
100
AcDbEntity
  8
TopSolderMaskLayer
100
AcDbCircle
 10
101.6009398018798
 20
22.352044704089394
 30
0.0
 40
0.5158750317500634
  0
CIRCLE
  5
5d4
330
1F
100
AcDbEntity
  8
TopSolderMaskLayer
100
AcDbCircle
 10
101.60096520193042
 20
22.352044704089394
 30
0.0
 40
0.8254000508001016
0
HATCH
5
5d5
100
AcDbEntity
8
TopSolderMaskLayer
100
AcDbHatch
10
0
20
0
30
0
210
0
220
0
230
1
2
SOLID
70
1
71
0
91
1
92
7
72
1
73
1
93
2
10
100.77556515113032
20
22.352044704089394
42
1
10
102.42636525273052
20
22.352044704089394
42
1
97
1
330

75
0
76
1
47
0.8681437583925616
98
1
10
3.629517071192367
20
33.92795499968543
450
0
451
0
460
0
461
0
452
1
462
1
453
2
463
0
63
5
421
255
463
1
63
7
421
16777215
470
LINEAR
1001
ACAD
1010
0
1020
0
1030
0
  0
CIRCLE
  5
5d6
330
1F
100
AcDbEntity
  8
BottomSolderMaskLayer
100
AcDbCircle
 10
101.6009398018798
 20
22.352044704089394
 30
0.0
 40
0.5158750317500634
  0
CIRCLE
  5
5d7
330
1F
100
AcDbEntity
  8
BottomSolderMaskLayer
100
AcDbCircle
 10
101.60096520193042
 20
22.352044704089394
 30
0.0
 40
0.8254000508001016
0
HATCH
5
5d8
100
AcDbEntity
8
BottomSolderMaskLayer
100
AcDbHatch
10
0
20
0
30
0
210
0
220
0
230
1
2
SOLID
70
1
71
0
91
1
92
7
72
1
73
1
93
2
10
100.77556515113032
20
22.352044704089394
42
1
10
102.42636525273052
20
22.352044704089394
42
1
97
1
330

75
0
76
1
47
0.8681437583925616
98
1
10
3.629517071192367
20
33.92795499968543
450
0
451
0
460
0
461
0
452
1
462
1
453
2
463
0
63
5
421
255
463
1
63
7
421
16777215
470
LINEAR
1001
ACAD
1010
0
1020
0
1030
0
  0
CIRCLE
  5
5d9
330
1F
100
AcDbEntity
  8
Multi-Layer
100
AcDbCircle
 10
101.6009398018798
 20
22.352044704089394
 30
0.0
 40
0.5
  0
CIRCLE
  5
5da
330
1F
100
AcDbEntity
  8
Multi-Layer
100
AcDbCircle
 10
101.60096520193042
 20
22.352044704089394
 30
0.0
 40
0.8
0
HATCH
5
5db
100
AcDbEntity
8
Multi-Layer
100
AcDbHatch
10
0
20
0
30
0
210
0
220
0
230
1
2
SOLID
70
1
71
0
91
1
92
7
72
1
73
1
93
2
10
100.80096520193042
20
22.352044704089394
42
1
10
102.40096520193042
20
22.352044704089394
42
1
97
1
330

75
0
76
1
47
0.8681437583925616
98
1
10
3.629517071192367
20
33.92795499968543
450
0
451
0
460
0
461
0
452
1
462
1
453
2
463
0
63
5
421
255
463
1
63
7
421
16777215
470
LINEAR
1001
ACAD
1010
0
1020
0
1030
0
  0
CIRCLE
  5
5dc
330
1F
100
AcDbEntity
  8
TopSolderMaskLayer
100
AcDbCircle
 10
101.6009398018798
 20
19.81203962407926
 30
0.0
 40
0.5158750317500634
  0
CIRCLE
  5
5dd
330
1F
100
AcDbEntity
  8
TopSolderMaskLayer
100
AcDbCircle
 10
101.60096520193042
 20
19.81203962407926
 30
0.0
 40
0.8254000508001016
0
HATCH
5
5de
100
AcDbEntity
8
TopSolderMaskLayer
100
AcDbHatch
10
0
20
0
30
0
210
0
220
0
230
1
2
SOLID
70
1
71
0
91
1
92
7
72
1
73
1
93
2
10
100.77556515113032
20
19.81203962407926
42
1
10
102.42636525273052
20
19.81203962407926
42
1
97
1
330

75
0
76
1
47
0.8681437583925616
98
1
10
3.629517071192367
20
33.92795499968543
450
0
451
0
460
0
461
0
452
1
462
1
453
2
463
0
63
5
421
255
463
1
63
7
421
16777215
470
LINEAR
1001
ACAD
1010
0
1020
0
1030
0
  0
CIRCLE
  5
5df
330
1F
100
AcDbEntity
  8
BottomSolderMaskLayer
100
AcDbCircle
 10
101.6009398018798
 20
19.81203962407926
 30
0.0
 40
0.5158750317500634
  0
CIRCLE
  5
5e0
330
1F
100
AcDbEntity
  8
BottomSolderMaskLayer
100
AcDbCircle
 10
101.60096520193042
 20
19.81203962407926
 30
0.0
 40
0.8254000508001016
0
HATCH
5
5e1
100
AcDbEntity
8
BottomSolderMaskLayer
100
AcDbHatch
10
0
20
0
30
0
210
0
220
0
230
1
2
SOLID
70
1
71
0
91
1
92
7
72
1
73
1
93
2
10
100.77556515113032
20
19.81203962407926
42
1
10
102.42636525273052
20
19.81203962407926
42
1
97
1
330

75
0
76
1
47
0.8681437583925616
98
1
10
3.629517071192367
20
33.92795499968543
450
0
451
0
460
0
461
0
452
1
462
1
453
2
463
0
63
5
421
255
463
1
63
7
421
16777215
470
LINEAR
1001
ACAD
1010
0
1020
0
1030
0
  0
CIRCLE
  5
5e2
330
1F
100
AcDbEntity
  8
Multi-Layer
100
AcDbCircle
 10
101.6009398018798
 20
19.81203962407926
 30
0.0
 40
0.5
  0
CIRCLE
  5
5e3
330
1F
100
AcDbEntity
  8
Multi-Layer
100
AcDbCircle
 10
101.60096520193042
 20
19.81203962407926
 30
0.0
 40
0.8
0
HATCH
5
5e4
100
AcDbEntity
8
Multi-Layer
100
AcDbHatch
10
0
20
0
30
0
210
0
220
0
230
1
2
SOLID
70
1
71
0
91
1
92
7
72
1
73
1
93
2
10
100.80096520193042
20
19.81203962407926
42
1
10
102.40096520193042
20
19.81203962407926
42
1
97
1
330

75
0
76
1
47
0.8681437583925616
98
1
10
3.629517071192367
20
33.92795499968543
450
0
451
0
460
0
461
0
452
1
462
1
453
2
463
0
63
5
421
255
463
1
63
7
421
16777215
470
LINEAR
1001
ACAD
1010
0
1020
0
1030
0
  0
CIRCLE
  5
5e5
330
1F
100
AcDbEntity
  8
TopSolderMaskLayer
100
AcDbCircle
 10
101.6009398018798
 20
17.27203454406913
 30
0.0
 40
0.5158750317500634
  0
CIRCLE
  5
5e6
330
1F
100
AcDbEntity
  8
TopSolderMaskLayer
100
AcDbCircle
 10
101.60096520193042
 20
17.27203454406913
 30
0.0
 40
0.8254000508001016
0
HATCH
5
5e7
100
AcDbEntity
8
TopSolderMaskLayer
100
AcDbHatch
10
0
20
0
30
0
210
0
220
0
230
1
2
SOLID
70
1
71
0
91
1
92
7
72
1
73
1
93
2
10
100.77556515113032
20
17.27203454406913
42
1
10
102.42636525273052
20
17.27203454406913
42
1
97
1
330

75
0
76
1
47
0.8681437583925616
98
1
10
3.629517071192367
20
33.92795499968543
450
0
451
0
460
0
461
0
452
1
462
1
453
2
463
0
63
5
421
255
463
1
63
7
421
16777215
470
LINEAR
1001
ACAD
1010
0
1020
0
1030
0
  0
CIRCLE
  5
5e8
330
1F
100
AcDbEntity
  8
BottomSolderMaskLayer
100
AcDbCircle
 10
101.6009398018798
 20
17.27203454406913
 30
0.0
 40
0.5158750317500634
  0
CIRCLE
  5
5e9
330
1F
100
AcDbEntity
  8
BottomSolderMaskLayer
100
AcDbCircle
 10
101.60096520193042
 20
17.27203454406913
 30
0.0
 40
0.8254000508001016
0
HATCH
5
5ea
100
AcDbEntity
8
BottomSolderMaskLayer
100
AcDbHatch
10
0
20
0
30
0
210
0
220
0
230
1
2
SOLID
70
1
71
0
91
1
92
7
72
1
73
1
93
2
10
100.77556515113032
20
17.27203454406913
42
1
10
102.42636525273052
20
17.27203454406913
42
1
97
1
330

75
0
76
1
47
0.8681437583925616
98
1
10
3.629517071192367
20
33.92795499968543
450
0
451
0
460
0
461
0
452
1
462
1
453
2
463
0
63
5
421
255
463
1
63
7
421
16777215
470
LINEAR
1001
ACAD
1010
0
1020
0
1030
0
  0
CIRCLE
  5
5eb
330
1F
100
AcDbEntity
  8
Multi-Layer
100
AcDbCircle
 10
101.6009398018798
 20
17.27203454406913
 30
0.0
 40
0.5
  0
CIRCLE
  5
5ec
330
1F
100
AcDbEntity
  8
Multi-Layer
100
AcDbCircle
 10
101.60096520193042
 20
17.27203454406913
 30
0.0
 40
0.8
0
HATCH
5
5ed
100
AcDbEntity
8
Multi-Layer
100
AcDbHatch
10
0
20
0
30
0
210
0
220
0
230
1
2
SOLID
70
1
71
0
91
1
92
7
72
1
73
1
93
2
10
100.80096520193042
20
17.27203454406913
42
1
10
102.40096520193042
20
17.27203454406913
42
1
97
1
330

75
0
76
1
47
0.8681437583925616
98
1
10
3.629517071192367
20
33.92795499968543
450
0
451
0
460
0
461
0
452
1
462
1
453
2
463
0
63
5
421
255
463
1
63
7
421
16777215
470
LINEAR
1001
ACAD
1010
0
1020
0
1030
0
  0
CIRCLE
  5
5ee
330
1F
100
AcDbEntity
  8
TopSolderMaskLayer
100
AcDbCircle
 10
101.6009398018798
 20
14.732029464058996
 30
0.0
 40
0.5158750317500634
  0
CIRCLE
  5
5ef
330
1F
100
AcDbEntity
  8
TopSolderMaskLayer
100
AcDbCircle
 10
101.60096520193042
 20
14.732029464058996
 30
0.0
 40
0.8254000508001016
0
HATCH
5
5f0
100
AcDbEntity
8
TopSolderMaskLayer
100
AcDbHatch
10
0
20
0
30
0
210
0
220
0
230
1
2
SOLID
70
1
71
0
91
1
92
7
72
1
73
1
93
2
10
100.77556515113032
20
14.732029464058996
42
1
10
102.42636525273052
20
14.732029464058996
42
1
97
1
330

75
0
76
1
47
0.8681437583925616
98
1
10
3.629517071192367
20
33.92795499968543
450
0
451
0
460
0
461
0
452
1
462
1
453
2
463
0
63
5
421
255
463
1
63
7
421
16777215
470
LINEAR
1001
ACAD
1010
0
1020
0
1030
0
  0
CIRCLE
  5
5f1
330
1F
100
AcDbEntity
  8
BottomSolderMaskLayer
100
AcDbCircle
 10
101.6009398018798
 20
14.732029464058996
 30
0.0
 40
0.5158750317500634
  0
CIRCLE
  5
5f2
330
1F
100
AcDbEntity
  8
BottomSolderMaskLayer
100
AcDbCircle
 10
101.60096520193042
 20
14.732029464058996
 30
0.0
 40
0.8254000508001016
0
HATCH
5
5f3
100
AcDbEntity
8
BottomSolderMaskLayer
100
AcDbHatch
10
0
20
0
30
0
210
0
220
0
230
1
2
SOLID
70
1
71
0
91
1
92
7
72
1
73
1
93
2
10
100.77556515113032
20
14.732029464058996
42
1
10
102.42636525273052
20
14.732029464058996
42
1
97
1
330

75
0
76
1
47
0.8681437583925616
98
1
10
3.629517071192367
20
33.92795499968543
450
0
451
0
460
0
461
0
452
1
462
1
453
2
463
0
63
5
421
255
463
1
63
7
421
16777215
470
LINEAR
1001
ACAD
1010
0
1020
0
1030
0
  0
CIRCLE
  5
5f4
330
1F
100
AcDbEntity
  8
Multi-Layer
100
AcDbCircle
 10
101.6009398018798
 20
14.732029464058996
 30
0.0
 40
0.5
  0
CIRCLE
  5
5f5
330
1F
100
AcDbEntity
  8
Multi-Layer
100
AcDbCircle
 10
101.60096520193042
 20
14.732029464058996
 30
0.0
 40
0.8
0
HATCH
5
5f6
100
AcDbEntity
8
Multi-Layer
100
AcDbHatch
10
0
20
0
30
0
210
0
220
0
230
1
2
SOLID
70
1
71
0
91
1
92
7
72
1
73
1
93
2
10
100.80096520193042
20
14.732029464058996
42
1
10
102.40096520193042
20
14.732029464058996
42
1
97
1
330

75
0
76
1
47
0.8681437583925616
98
1
10
3.629517071192367
20
33.92795499968543
450
0
451
0
460
0
461
0
452
1
462
1
453
2
463
0
63
5
421
255
463
1
63
7
421
16777215
470
LINEAR
1001
ACAD
1010
0
1020
0
1030
0
  0
CIRCLE
  5
5f7
330
1F
100
AcDbEntity
  8
TopSolderMaskLayer
100
AcDbCircle
 10
86.36096012192024
 20
14.732029464058996
 30
0.0
 40
0.5158750317500634
  0
CIRCLE
  5
5f8
330
1F
100
AcDbEntity
  8
TopSolderMaskLayer
100
AcDbCircle
 10
86.3609347218694
 20
14.732029464058996
 30
0.0
 40
0.8254000508001016
0
HATCH
5
5f9
100
AcDbEntity
8
TopSolderMaskLayer
100
AcDbHatch
10
0
20
0
30
0
210
0
220
0
230
1
2
SOLID
70
1
71
0
91
1
92
7
72
1
73
1
93
2
10
85.5355346710693
20
14.732029464058996
42
1
10
87.1863347726695
20
14.732029464058996
42
1
97
1
330

75
0
76
1
47
0.8681437583925616
98
1
10
3.629517071192367
20
33.92795499968543
450
0
451
0
460
0
461
0
452
1
462
1
453
2
463
0
63
5
421
255
463
1
63
7
421
16777215
470
LINEAR
1001
ACAD
1010
0
1020
0
1030
0
  0
CIRCLE
  5
5fa
330
1F
100
AcDbEntity
  8
BottomSolderMaskLayer
100
AcDbCircle
 10
86.36096012192024
 20
14.732029464058996
 30
0.0
 40
0.5158750317500634
  0
CIRCLE
  5
5fb
330
1F
100
AcDbEntity
  8
BottomSolderMaskLayer
100
AcDbCircle
 10
86.3609347218694
 20
14.732029464058996
 30
0.0
 40
0.8254000508001016
0
HATCH
5
5fc
100
AcDbEntity
8
BottomSolderMaskLayer
100
AcDbHatch
10
0
20
0
30
0
210
0
220
0
230
1
2
SOLID
70
1
71
0
91
1
92
7
72
1
73
1
93
2
10
85.5355346710693
20
14.732029464058996
42
1
10
87.1863347726695
20
14.732029464058996
42
1
97
1
330

75
0
76
1
47
0.8681437583925616
98
1
10
3.629517071192367
20
33.92795499968543
450
0
451
0
460
0
461
0
452
1
462
1
453
2
463
0
63
5
421
255
463
1
63
7
421
16777215
470
LINEAR
1001
ACAD
1010
0
1020
0
1030
0
  0
CIRCLE
  5
5fd
330
1F
100
AcDbEntity
  8
Multi-Layer
100
AcDbCircle
 10
86.36096012192024
 20
14.732029464058996
 30
0.0
 40
0.5
  0
CIRCLE
  5
5fe
330
1F
100
AcDbEntity
  8
Multi-Layer
100
AcDbCircle
 10
86.3609347218694
 20
14.732029464058996
 30
0.0
 40
0.8
0
HATCH
5
5ff
100
AcDbEntity
8
Multi-Layer
100
AcDbHatch
10
0
20
0
30
0
210
0
220
0
230
1
2
SOLID
70
1
71
0
91
1
92
7
72
1
73
1
93
2
10
85.5609347218694
20
14.732029464058996
42
1
10
87.1609347218694
20
14.732029464058996
42
1
97
1
330

75
0
76
1
47
0.8681437583925616
98
1
10
3.629517071192367
20
33.92795499968543
450
0
451
0
460
0
461
0
452
1
462
1
453
2
463
0
63
5
421
255
463
1
63
7
421
16777215
470
LINEAR
1001
ACAD
1010
0
1020
0
1030
0
  0
CIRCLE
  5
600
330
1F
100
AcDbEntity
  8
TopSolderMaskLayer
100
AcDbCircle
 10
86.36096012192024
 20
17.27203454406913
 30
0.0
 40
0.5158750317500634
  0
CIRCLE
  5
601
330
1F
100
AcDbEntity
  8
TopSolderMaskLayer
100
AcDbCircle
 10
86.3609347218694
 20
17.27203454406913
 30
0.0
 40
0.8254000508001016
0
HATCH
5
602
100
AcDbEntity
8
TopSolderMaskLayer
100
AcDbHatch
10
0
20
0
30
0
210
0
220
0
230
1
2
SOLID
70
1
71
0
91
1
92
7
72
1
73
1
93
2
10
85.5355346710693
20
17.27203454406913
42
1
10
87.1863347726695
20
17.27203454406913
42
1
97
1
330

75
0
76
1
47
0.8681437583925616
98
1
10
3.629517071192367
20
33.92795499968543
450
0
451
0
460
0
461
0
452
1
462
1
453
2
463
0
63
5
421
255
463
1
63
7
421
16777215
470
LINEAR
1001
ACAD
1010
0
1020
0
1030
0
  0
CIRCLE
  5
603
330
1F
100
AcDbEntity
  8
BottomSolderMaskLayer
100
AcDbCircle
 10
86.36096012192024
 20
17.27203454406913
 30
0.0
 40
0.5158750317500634
  0
CIRCLE
  5
604
330
1F
100
AcDbEntity
  8
BottomSolderMaskLayer
100
AcDbCircle
 10
86.3609347218694
 20
17.27203454406913
 30
0.0
 40
0.8254000508001016
0
HATCH
5
605
100
AcDbEntity
8
BottomSolderMaskLayer
100
AcDbHatch
10
0
20
0
30
0
210
0
220
0
230
1
2
SOLID
70
1
71
0
91
1
92
7
72
1
73
1
93
2
10
85.5355346710693
20
17.27203454406913
42
1
10
87.1863347726695
20
17.27203454406913
42
1
97
1
330

75
0
76
1
47
0.8681437583925616
98
1
10
3.629517071192367
20
33.92795499968543
450
0
451
0
460
0
461
0
452
1
462
1
453
2
463
0
63
5
421
255
463
1
63
7
421
16777215
470
LINEAR
1001
ACAD
1010
0
1020
0
1030
0
  0
CIRCLE
  5
606
330
1F
100
AcDbEntity
  8
Multi-Layer
100
AcDbCircle
 10
86.36096012192024
 20
17.27203454406913
 30
0.0
 40
0.5
  0
CIRCLE
  5
607
330
1F
100
AcDbEntity
  8
Multi-Layer
100
AcDbCircle
 10
86.3609347218694
 20
17.27203454406913
 30
0.0
 40
0.8
0
HATCH
5
608
100
AcDbEntity
8
Multi-Layer
100
AcDbHatch
10
0
20
0
30
0
210
0
220
0
230
1
2
SOLID
70
1
71
0
91
1
92
7
72
1
73
1
93
2
10
85.5609347218694
20
17.27203454406913
42
1
10
87.1609347218694
20
17.27203454406913
42
1
97
1
330

75
0
76
1
47
0.8681437583925616
98
1
10
3.629517071192367
20
33.92795499968543
450
0
451
0
460
0
461
0
452
1
462
1
453
2
463
0
63
5
421
255
463
1
63
7
421
16777215
470
LINEAR
1001
ACAD
1010
0
1020
0
1030
0
  0
CIRCLE
  5
609
330
1F
100
AcDbEntity
  8
TopSolderMaskLayer
100
AcDbCircle
 10
86.36096012192024
 20
19.81203962407926
 30
0.0
 40
0.5158750317500634
  0
CIRCLE
  5
60a
330
1F
100
AcDbEntity
  8
TopSolderMaskLayer
100
AcDbCircle
 10
86.3609347218694
 20
19.81203962407926
 30
0.0
 40
0.8254000508001016
0
HATCH
5
60b
100
AcDbEntity
8
TopSolderMaskLayer
100
AcDbHatch
10
0
20
0
30
0
210
0
220
0
230
1
2
SOLID
70
1
71
0
91
1
92
7
72
1
73
1
93
2
10
85.5355346710693
20
19.81203962407926
42
1
10
87.1863347726695
20
19.81203962407926
42
1
97
1
330

75
0
76
1
47
0.8681437583925616
98
1
10
3.629517071192367
20
33.92795499968543
450
0
451
0
460
0
461
0
452
1
462
1
453
2
463
0
63
5
421
255
463
1
63
7
421
16777215
470
LINEAR
1001
ACAD
1010
0
1020
0
1030
0
  0
CIRCLE
  5
60c
330
1F
100
AcDbEntity
  8
BottomSolderMaskLayer
100
AcDbCircle
 10
86.36096012192024
 20
19.81203962407926
 30
0.0
 40
0.5158750317500634
  0
CIRCLE
  5
60d
330
1F
100
AcDbEntity
  8
BottomSolderMaskLayer
100
AcDbCircle
 10
86.3609347218694
 20
19.81203962407926
 30
0.0
 40
0.8254000508001016
0
HATCH
5
60e
100
AcDbEntity
8
BottomSolderMaskLayer
100
AcDbHatch
10
0
20
0
30
0
210
0
220
0
230
1
2
SOLID
70
1
71
0
91
1
92
7
72
1
73
1
93
2
10
85.5355346710693
20
19.81203962407926
42
1
10
87.1863347726695
20
19.81203962407926
42
1
97
1
330

75
0
76
1
47
0.8681437583925616
98
1
10
3.629517071192367
20
33.92795499968543
450
0
451
0
460
0
461
0
452
1
462
1
453
2
463
0
63
5
421
255
463
1
63
7
421
16777215
470
LINEAR
1001
ACAD
1010
0
1020
0
1030
0
  0
CIRCLE
  5
60f
330
1F
100
AcDbEntity
  8
Multi-Layer
100
AcDbCircle
 10
86.36096012192024
 20
19.81203962407926
 30
0.0
 40
0.5
  0
CIRCLE
  5
610
330
1F
100
AcDbEntity
  8
Multi-Layer
100
AcDbCircle
 10
86.3609347218694
 20
19.81203962407926
 30
0.0
 40
0.8
0
HATCH
5
611
100
AcDbEntity
8
Multi-Layer
100
AcDbHatch
10
0
20
0
30
0
210
0
220
0
230
1
2
SOLID
70
1
71
0
91
1
92
7
72
1
73
1
93
2
10
85.5609347218694
20
19.81203962407926
42
1
10
87.1609347218694
20
19.81203962407926
42
1
97
1
330

75
0
76
1
47
0.8681437583925616
98
1
10
3.629517071192367
20
33.92795499968543
450
0
451
0
460
0
461
0
452
1
462
1
453
2
463
0
63
5
421
255
463
1
63
7
421
16777215
470
LINEAR
1001
ACAD
1010
0
1020
0
1030
0
  0
CIRCLE
  5
612
330
1F
100
AcDbEntity
  8
TopSolderMaskLayer
100
AcDbCircle
 10
86.36096012192024
 20
22.352044704089394
 30
0.0
 40
0.5158750317500634
  0
CIRCLE
  5
613
330
1F
100
AcDbEntity
  8
TopSolderMaskLayer
100
AcDbCircle
 10
86.3609347218694
 20
22.352044704089394
 30
0.0
 40
0.8254000508001016
0
HATCH
5
614
100
AcDbEntity
8
TopSolderMaskLayer
100
AcDbHatch
10
0
20
0
30
0
210
0
220
0
230
1
2
SOLID
70
1
71
0
91
1
92
7
72
1
73
1
93
2
10
85.5355346710693
20
22.352044704089394
42
1
10
87.1863347726695
20
22.352044704089394
42
1
97
1
330

75
0
76
1
47
0.8681437583925616
98
1
10
3.629517071192367
20
33.92795499968543
450
0
451
0
460
0
461
0
452
1
462
1
453
2
463
0
63
5
421
255
463
1
63
7
421
16777215
470
LINEAR
1001
ACAD
1010
0
1020
0
1030
0
  0
CIRCLE
  5
615
330
1F
100
AcDbEntity
  8
BottomSolderMaskLayer
100
AcDbCircle
 10
86.36096012192024
 20
22.352044704089394
 30
0.0
 40
0.5158750317500634
  0
CIRCLE
  5
616
330
1F
100
AcDbEntity
  8
BottomSolderMaskLayer
100
AcDbCircle
 10
86.3609347218694
 20
22.352044704089394
 30
0.0
 40
0.8254000508001016
0
HATCH
5
617
100
AcDbEntity
8
BottomSolderMaskLayer
100
AcDbHatch
10
0
20
0
30
0
210
0
220
0
230
1
2
SOLID
70
1
71
0
91
1
92
7
72
1
73
1
93
2
10
85.5355346710693
20
22.352044704089394
42
1
10
87.1863347726695
20
22.352044704089394
42
1
97
1
330

75
0
76
1
47
0.8681437583925616
98
1
10
3.629517071192367
20
33.92795499968543
450
0
451
0
460
0
461
0
452
1
462
1
453
2
463
0
63
5
421
255
463
1
63
7
421
16777215
470
LINEAR
1001
ACAD
1010
0
1020
0
1030
0
  0
CIRCLE
  5
618
330
1F
100
AcDbEntity
  8
Multi-Layer
100
AcDbCircle
 10
86.36096012192024
 20
22.352044704089394
 30
0.0
 40
0.5
  0
CIRCLE
  5
619
330
1F
100
AcDbEntity
  8
Multi-Layer
100
AcDbCircle
 10
86.3609347218694
 20
22.352044704089394
 30
0.0
 40
0.8
0
HATCH
5
61a
100
AcDbEntity
8
Multi-Layer
100
AcDbHatch
10
0
20
0
30
0
210
0
220
0
230
1
2
SOLID
70
1
71
0
91
1
92
7
72
1
73
1
93
2
10
85.5609347218694
20
22.352044704089394
42
1
10
87.1609347218694
20
22.352044704089394
42
1
97
1
330

75
0
76
1
47
0.8681437583925616
98
1
10
3.629517071192367
20
33.92795499968543
450
0
451
0
460
0
461
0
452
1
462
1
453
2
463
0
63
5
421
255
463
1
63
7
421
16777215
470
LINEAR
1001
ACAD
1010
0
1020
0
1030
0
  0
CIRCLE
  5
61b
330
1F
100
AcDbEntity
  8
TopSolderMaskLayer
100
AcDbCircle
 10
86.36096012192024
 20
24.89204978409964
 30
0.0
 40
0.5158750317500634
  0
CIRCLE
  5
61c
330
1F
100
AcDbEntity
  8
TopSolderMaskLayer
100
AcDbCircle
 10
86.3609347218694
 20
24.89204978409964
 30
0.0
 40
0.8254000508001016
0
HATCH
5
61d
100
AcDbEntity
8
TopSolderMaskLayer
100
AcDbHatch
10
0
20
0
30
0
210
0
220
0
230
1
2
SOLID
70
1
71
0
91
1
92
7
72
1
73
1
93
2
10
85.5355346710693
20
24.89204978409964
42
1
10
87.1863347726695
20
24.89204978409964
42
1
97
1
330

75
0
76
1
47
0.8681437583925616
98
1
10
3.629517071192367
20
33.92795499968543
450
0
451
0
460
0
461
0
452
1
462
1
453
2
463
0
63
5
421
255
463
1
63
7
421
16777215
470
LINEAR
1001
ACAD
1010
0
1020
0
1030
0
  0
CIRCLE
  5
61e
330
1F
100
AcDbEntity
  8
BottomSolderMaskLayer
100
AcDbCircle
 10
86.36096012192024
 20
24.89204978409964
 30
0.0
 40
0.5158750317500634
  0
CIRCLE
  5
61f
330
1F
100
AcDbEntity
  8
BottomSolderMaskLayer
100
AcDbCircle
 10
86.3609347218694
 20
24.89204978409964
 30
0.0
 40
0.8254000508001016
0
HATCH
5
620
100
AcDbEntity
8
BottomSolderMaskLayer
100
AcDbHatch
10
0
20
0
30
0
210
0
220
0
230
1
2
SOLID
70
1
71
0
91
1
92
7
72
1
73
1
93
2
10
85.5355346710693
20
24.89204978409964
42
1
10
87.1863347726695
20
24.89204978409964
42
1
97
1
330

75
0
76
1
47
0.8681437583925616
98
1
10
3.629517071192367
20
33.92795499968543
450
0
451
0
460
0
461
0
452
1
462
1
453
2
463
0
63
5
421
255
463
1
63
7
421
16777215
470
LINEAR
1001
ACAD
1010
0
1020
0
1030
0
  0
CIRCLE
  5
621
330
1F
100
AcDbEntity
  8
Multi-Layer
100
AcDbCircle
 10
86.36096012192024
 20
24.89204978409964
 30
0.0
 40
0.5
  0
CIRCLE
  5
622
330
1F
100
AcDbEntity
  8
Multi-Layer
100
AcDbCircle
 10
86.3609347218694
 20
24.89204978409964
 30
0.0
 40
0.8
0
HATCH
5
623
100
AcDbEntity
8
Multi-Layer
100
AcDbHatch
10
0
20
0
30
0
210
0
220
0
230
1
2
SOLID
70
1
71
0
91
1
92
7
72
1
73
1
93
2
10
85.5609347218694
20
24.89204978409964
42
1
10
87.1609347218694
20
24.89204978409964
42
1
97
1
330

75
0
76
1
47
0.8681437583925616
98
1
10
3.629517071192367
20
33.92795499968543
450
0
451
0
460
0
461
0
452
1
462
1
453
2
463
0
63
5
421
255
463
1
63
7
421
16777215
470
LINEAR
1001
ACAD
1010
0
1020
0
1030
0
  0
CIRCLE
  5
624
330
1F
100
AcDbEntity
  8
TopSolderMaskLayer
100
AcDbCircle
 10
86.36096012192024
 20
27.432054864109773
 30
0.0
 40
0.5158750317500634
  0
CIRCLE
  5
625
330
1F
100
AcDbEntity
  8
TopSolderMaskLayer
100
AcDbCircle
 10
86.3609347218694
 20
27.432054864109773
 30
0.0
 40
0.8254000508001016
0
HATCH
5
626
100
AcDbEntity
8
TopSolderMaskLayer
100
AcDbHatch
10
0
20
0
30
0
210
0
220
0
230
1
2
SOLID
70
1
71
0
91
1
92
7
72
1
73
1
93
2
10
85.5355346710693
20
27.432054864109773
42
1
10
87.1863347726695
20
27.432054864109773
42
1
97
1
330

75
0
76
1
47
0.8681437583925616
98
1
10
3.629517071192367
20
33.92795499968543
450
0
451
0
460
0
461
0
452
1
462
1
453
2
463
0
63
5
421
255
463
1
63
7
421
16777215
470
LINEAR
1001
ACAD
1010
0
1020
0
1030
0
  0
CIRCLE
  5
627
330
1F
100
AcDbEntity
  8
BottomSolderMaskLayer
100
AcDbCircle
 10
86.36096012192024
 20
27.432054864109773
 30
0.0
 40
0.5158750317500634
  0
CIRCLE
  5
628
330
1F
100
AcDbEntity
  8
BottomSolderMaskLayer
100
AcDbCircle
 10
86.3609347218694
 20
27.432054864109773
 30
0.0
 40
0.8254000508001016
0
HATCH
5
629
100
AcDbEntity
8
BottomSolderMaskLayer
100
AcDbHatch
10
0
20
0
30
0
210
0
220
0
230
1
2
SOLID
70
1
71
0
91
1
92
7
72
1
73
1
93
2
10
85.5355346710693
20
27.432054864109773
42
1
10
87.1863347726695
20
27.432054864109773
42
1
97
1
330

75
0
76
1
47
0.8681437583925616
98
1
10
3.629517071192367
20
33.92795499968543
450
0
451
0
460
0
461
0
452
1
462
1
453
2
463
0
63
5
421
255
463
1
63
7
421
16777215
470
LINEAR
1001
ACAD
1010
0
1020
0
1030
0
  0
CIRCLE
  5
62a
330
1F
100
AcDbEntity
  8
Multi-Layer
100
AcDbCircle
 10
86.36096012192024
 20
27.432054864109773
 30
0.0
 40
0.5
  0
CIRCLE
  5
62b
330
1F
100
AcDbEntity
  8
Multi-Layer
100
AcDbCircle
 10
86.3609347218694
 20
27.432054864109773
 30
0.0
 40
0.8
0
HATCH
5
62c
100
AcDbEntity
8
Multi-Layer
100
AcDbHatch
10
0
20
0
30
0
210
0
220
0
230
1
2
SOLID
70
1
71
0
91
1
92
7
72
1
73
1
93
2
10
85.5609347218694
20
27.432054864109773
42
1
10
87.1609347218694
20
27.432054864109773
42
1
97
1
330

75
0
76
1
47
0.8681437583925616
98
1
10
3.629517071192367
20
33.92795499968543
450
0
451
0
460
0
461
0
452
1
462
1
453
2
463
0
63
5
421
255
463
1
63
7
421
16777215
470
LINEAR
1001
ACAD
1010
0
1020
0
1030
0
  0
CIRCLE
  5
62d
330
1F
100
AcDbEntity
  8
TopSolderMaskLayer
100
AcDbCircle
 10
86.36096012192024
 20
29.972059944119906
 30
0.0
 40
0.5158750317500634
  0
CIRCLE
  5
62e
330
1F
100
AcDbEntity
  8
TopSolderMaskLayer
100
AcDbCircle
 10
86.3609347218694
 20
29.972059944119906
 30
0.0
 40
0.8254000508001016
0
HATCH
5
62f
100
AcDbEntity
8
TopSolderMaskLayer
100
AcDbHatch
10
0
20
0
30
0
210
0
220
0
230
1
2
SOLID
70
1
71
0
91
1
92
7
72
1
73
1
93
2
10
85.5355346710693
20
29.972059944119906
42
1
10
87.1863347726695
20
29.972059944119906
42
1
97
1
330

75
0
76
1
47
0.8681437583925616
98
1
10
3.629517071192367
20
33.92795499968543
450
0
451
0
460
0
461
0
452
1
462
1
453
2
463
0
63
5
421
255
463
1
63
7
421
16777215
470
LINEAR
1001
ACAD
1010
0
1020
0
1030
0
  0
CIRCLE
  5
630
330
1F
100
AcDbEntity
  8
BottomSolderMaskLayer
100
AcDbCircle
 10
86.36096012192024
 20
29.972059944119906
 30
0.0
 40
0.5158750317500634
  0
CIRCLE
  5
631
330
1F
100
AcDbEntity
  8
BottomSolderMaskLayer
100
AcDbCircle
 10
86.3609347218694
 20
29.972059944119906
 30
0.0
 40
0.8254000508001016
0
HATCH
5
632
100
AcDbEntity
8
BottomSolderMaskLayer
100
AcDbHatch
10
0
20
0
30
0
210
0
220
0
230
1
2
SOLID
70
1
71
0
91
1
92
7
72
1
73
1
93
2
10
85.5355346710693
20
29.972059944119906
42
1
10
87.1863347726695
20
29.972059944119906
42
1
97
1
330

75
0
76
1
47
0.8681437583925616
98
1
10
3.629517071192367
20
33.92795499968543
450
0
451
0
460
0
461
0
452
1
462
1
453
2
463
0
63
5
421
255
463
1
63
7
421
16777215
470
LINEAR
1001
ACAD
1010
0
1020
0
1030
0
  0
CIRCLE
  5
633
330
1F
100
AcDbEntity
  8
Multi-Layer
100
AcDbCircle
 10
86.36096012192024
 20
29.972059944119906
 30
0.0
 40
0.5
  0
CIRCLE
  5
634
330
1F
100
AcDbEntity
  8
Multi-Layer
100
AcDbCircle
 10
86.3609347218694
 20
29.972059944119906
 30
0.0
 40
0.8
0
HATCH
5
635
100
AcDbEntity
8
Multi-Layer
100
AcDbHatch
10
0
20
0
30
0
210
0
220
0
230
1
2
SOLID
70
1
71
0
91
1
92
7
72
1
73
1
93
2
10
85.5609347218694
20
29.972059944119906
42
1
10
87.1609347218694
20
29.972059944119906
42
1
97
1
330

75
0
76
1
47
0.8681437583925616
98
1
10
3.629517071192367
20
33.92795499968543
450
0
451
0
460
0
461
0
452
1
462
1
453
2
463
0
63
5
421
255
463
1
63
7
421
16777215
470
LINEAR
1001
ACAD
1010
0
1020
0
1030
0
  0
CIRCLE
  5
636
330
1F
100
AcDbEntity
  8
TopSolderMaskLayer
100
AcDbCircle
 10
86.36096012192024
 20
32.51206502413004
 30
0.0
 40
0.5158750317500634
  0
CIRCLE
  5
637
330
1F
100
AcDbEntity
  8
TopSolderMaskLayer
100
AcDbCircle
 10
86.3609347218694
 20
32.51206502413004
 30
0.0
 40
0.8254000508001016
0
HATCH
5
638
100
AcDbEntity
8
TopSolderMaskLayer
100
AcDbHatch
10
0
20
0
30
0
210
0
220
0
230
1
2
SOLID
70
1
71
0
91
1
92
7
72
1
73
1
93
2
10
85.5355346710693
20
32.51206502413004
42
1
10
87.1863347726695
20
32.51206502413004
42
1
97
1
330

75
0
76
1
47
0.8681437583925616
98
1
10
3.629517071192367
20
33.92795499968543
450
0
451
0
460
0
461
0
452
1
462
1
453
2
463
0
63
5
421
255
463
1
63
7
421
16777215
470
LINEAR
1001
ACAD
1010
0
1020
0
1030
0
  0
CIRCLE
  5
639
330
1F
100
AcDbEntity
  8
BottomSolderMaskLayer
100
AcDbCircle
 10
86.36096012192024
 20
32.51206502413004
 30
0.0
 40
0.5158750317500634
  0
CIRCLE
  5
63a
330
1F
100
AcDbEntity
  8
BottomSolderMaskLayer
100
AcDbCircle
 10
86.3609347218694
 20
32.51206502413004
 30
0.0
 40
0.8254000508001016
0
HATCH
5
63b
100
AcDbEntity
8
BottomSolderMaskLayer
100
AcDbHatch
10
0
20
0
30
0
210
0
220
0
230
1
2
SOLID
70
1
71
0
91
1
92
7
72
1
73
1
93
2
10
85.5355346710693
20
32.51206502413004
42
1
10
87.1863347726695
20
32.51206502413004
42
1
97
1
330

75
0
76
1
47
0.8681437583925616
98
1
10
3.629517071192367
20
33.92795499968543
450
0
451
0
460
0
461
0
452
1
462
1
453
2
463
0
63
5
421
255
463
1
63
7
421
16777215
470
LINEAR
1001
ACAD
1010
0
1020
0
1030
0
  0
CIRCLE
  5
63c
330
1F
100
AcDbEntity
  8
Multi-Layer
100
AcDbCircle
 10
86.36096012192024
 20
32.51206502413004
 30
0.0
 40
0.5
  0
CIRCLE
  5
63d
330
1F
100
AcDbEntity
  8
Multi-Layer
100
AcDbCircle
 10
86.3609347218694
 20
32.51206502413004
 30
0.0
 40
0.8
0
HATCH
5
63e
100
AcDbEntity
8
Multi-Layer
100
AcDbHatch
10
0
20
0
30
0
210
0
220
0
230
1
2
SOLID
70
1
71
0
91
1
92
7
72
1
73
1
93
2
10
85.5609347218694
20
32.51206502413004
42
1
10
87.1609347218694
20
32.51206502413004
42
1
97
1
330

75
0
76
1
47
0.8681437583925616
98
1
10
3.629517071192367
20
33.92795499968543
450
0
451
0
460
0
461
0
452
1
462
1
453
2
463
0
63
5
421
255
463
1
63
7
421
16777215
470
LINEAR
1001
ACAD
1010
0
1020
0
1030
0
  0
CIRCLE
  5
63f
330
1F
100
AcDbEntity
  8
TopSolderMaskLayer
100
AcDbCircle
 10
86.36096012192024
 20
35.05207010414017
 30
0.0
 40
0.5158750317500634
  0
CIRCLE
  5
640
330
1F
100
AcDbEntity
  8
TopSolderMaskLayer
100
AcDbCircle
 10
86.3609347218694
 20
35.05207010414017
 30
0.0
 40
0.8254000508001016
0
HATCH
5
641
100
AcDbEntity
8
TopSolderMaskLayer
100
AcDbHatch
10
0
20
0
30
0
210
0
220
0
230
1
2
SOLID
70
1
71
0
91
1
92
7
72
1
73
1
93
2
10
85.5355346710693
20
35.05207010414017
42
1
10
87.1863347726695
20
35.05207010414017
42
1
97
1
330

75
0
76
1
47
0.8681437583925616
98
1
10
3.629517071192367
20
33.92795499968543
450
0
451
0
460
0
461
0
452
1
462
1
453
2
463
0
63
5
421
255
463
1
63
7
421
16777215
470
LINEAR
1001
ACAD
1010
0
1020
0
1030
0
  0
CIRCLE
  5
642
330
1F
100
AcDbEntity
  8
BottomSolderMaskLayer
100
AcDbCircle
 10
86.36096012192024
 20
35.05207010414017
 30
0.0
 40
0.5158750317500634
  0
CIRCLE
  5
643
330
1F
100
AcDbEntity
  8
BottomSolderMaskLayer
100
AcDbCircle
 10
86.3609347218694
 20
35.05207010414017
 30
0.0
 40
0.8254000508001016
0
HATCH
5
644
100
AcDbEntity
8
BottomSolderMaskLayer
100
AcDbHatch
10
0
20
0
30
0
210
0
220
0
230
1
2
SOLID
70
1
71
0
91
1
92
7
72
1
73
1
93
2
10
85.5355346710693
20
35.05207010414017
42
1
10
87.1863347726695
20
35.05207010414017
42
1
97
1
330

75
0
76
1
47
0.8681437583925616
98
1
10
3.629517071192367
20
33.92795499968543
450
0
451
0
460
0
461
0
452
1
462
1
453
2
463
0
63
5
421
255
463
1
63
7
421
16777215
470
LINEAR
1001
ACAD
1010
0
1020
0
1030
0
  0
CIRCLE
  5
645
330
1F
100
AcDbEntity
  8
Multi-Layer
100
AcDbCircle
 10
86.36096012192024
 20
35.05207010414017
 30
0.0
 40
0.5
  0
CIRCLE
  5
646
330
1F
100
AcDbEntity
  8
Multi-Layer
100
AcDbCircle
 10
86.3609347218694
 20
35.05207010414017
 30
0.0
 40
0.8
0
HATCH
5
647
100
AcDbEntity
8
Multi-Layer
100
AcDbHatch
10
0
20
0
30
0
210
0
220
0
230
1
2
SOLID
70
1
71
0
91
1
92
7
72
1
73
1
93
2
10
85.5609347218694
20
35.05207010414017
42
1
10
87.1609347218694
20
35.05207010414017
42
1
97
1
330

75
0
76
1
47
0.8681437583925616
98
1
10
3.629517071192367
20
33.92795499968543
450
0
451
0
460
0
461
0
452
1
462
1
453
2
463
0
63
5
421
255
463
1
63
7
421
16777215
470
LINEAR
1001
ACAD
1010
0
1020
0
1030
0
  0
CIRCLE
  5
6ae
330
1F
100
AcDbEntity
  8
TopSolderMaskLayer
100
AcDbCircle
 10
82.29611379222752
 20
-11.175996951993852
 30
0.0
 40
0.4617317342742795
  0
CIRCLE
  5
6af
330
1F
100
AcDbEntity
  8
TopSolderMaskLayer
100
AcDbCircle
 10
82.29591059182121
 20
-11.176022352044697
 30
0.0
 40
0.9652019304038612
0
HATCH
5
6b0
100
AcDbEntity
8
TopSolderMaskLayer
100
AcDbHatch
10
0
20
0
30
0
210
0
220
0
230
1
2
SOLID
70
1
71
0
91
1
92
7
72
1
73
1
93
2
10
81.33070866141735
20
-11.176022352044697
42
1
10
83.26111252222508
20
-11.176022352044697
42
1
97
1
330

75
0
76
1
47
0.8681437583925616
98
1
10
3.629517071192367
20
33.92795499968543
450
0
451
0
460
0
461
0
452
1
462
1
453
2
463
0
63
5
421
255
463
1
63
7
421
16777215
470
LINEAR
1001
ACAD
1010
0
1020
0
1030
0
  0
CIRCLE
  5
6b1
330
1F
100
AcDbEntity
  8
BottomSolderMaskLayer
100
AcDbCircle
 10
82.29611379222752
 20
-11.175996951993852
 30
0.0
 40
0.4617317342742795
  0
CIRCLE
  5
6b2
330
1F
100
AcDbEntity
  8
BottomSolderMaskLayer
100
AcDbCircle
 10
82.29591059182121
 20
-11.176022352044697
 30
0.0
 40
0.9652019304038612
0
HATCH
5
6b3
100
AcDbEntity
8
BottomSolderMaskLayer
100
AcDbHatch
10
0
20
0
30
0
210
0
220
0
230
1
2
SOLID
70
1
71
0
91
1
92
7
72
1
73
1
93
2
10
81.33070866141735
20
-11.176022352044697
42
1
10
83.26111252222508
20
-11.176022352044697
42
1
97
1
330

75
0
76
1
47
0.8681437583925616
98
1
10
3.629517071192367
20
33.92795499968543
450
0
451
0
460
0
461
0
452
1
462
1
453
2
463
0
63
5
421
255
463
1
63
7
421
16777215
470
LINEAR
1001
ACAD
1010
0
1020
0
1030
0
  0
CIRCLE
  5
6b4
330
1F
100
AcDbEntity
  8
Multi-Layer
100
AcDbCircle
 10
82.29611379222752
 20
-11.175996951993852
 30
0.0
 40
0.4495808991617984
  0
CIRCLE
  5
6b5
330
1F
100
AcDbEntity
  8
Multi-Layer
100
AcDbCircle
 10
82.29591059182121
 20
-11.176022352044697
 30
0.0
 40
0.9398018796037594
0
HATCH
5
6b6
100
AcDbEntity
8
Multi-Layer
100
AcDbHatch
10
0
20
0
30
0
210
0
220
0
230
1
2
SOLID
70
1
71
0
91
1
92
7
72
1
73
1
93
2
10
81.35610871221745
20
-11.176022352044697
42
1
10
83.23571247142497
20
-11.176022352044697
42
1
97
1
330

75
0
76
1
47
0.8681437583925616
98
1
10
3.629517071192367
20
33.92795499968543
450
0
451
0
460
0
461
0
452
1
462
1
453
2
463
0
63
5
421
255
463
1
63
7
421
16777215
470
LINEAR
1001
ACAD
1010
0
1020
0
1030
0
  0
CIRCLE
  5
6b7
330
1F
100
AcDbEntity
  8
TopSolderMaskLayer
100
AcDbCircle
 10
74.67609855219712
 20
-11.175996951993852
 30
0.0
 40
0.4617317342742795
  0
CIRCLE
  5
6b8
330
1F
100
AcDbEntity
  8
TopSolderMaskLayer
100
AcDbCircle
 10
74.67589535179059
 20
-11.176022352044697
 30
0.0
 40
0.9652019304038612
0
HATCH
5
6b9
100
AcDbEntity
8
TopSolderMaskLayer
100
AcDbHatch
10
0
20
0
30
0
210
0
220
0
230
1
2
SOLID
70
1
71
0
91
1
92
7
72
1
73
1
93
2
10
73.71069342138672
20
-11.176022352044697
42
1
10
75.64109728219445
20
-11.176022352044697
42
1
97
1
330

75
0
76
1
47
0.8681437583925616
98
1
10
3.629517071192367
20
33.92795499968543
450
0
451
0
460
0
461
0
452
1
462
1
453
2
463
0
63
5
421
255
463
1
63
7
421
16777215
470
LINEAR
1001
ACAD
1010
0
1020
0
1030
0
  0
CIRCLE
  5
6ba
330
1F
100
AcDbEntity
  8
BottomSolderMaskLayer
100
AcDbCircle
 10
74.67609855219712
 20
-11.175996951993852
 30
0.0
 40
0.4617317342742795
  0
CIRCLE
  5
6bb
330
1F
100
AcDbEntity
  8
BottomSolderMaskLayer
100
AcDbCircle
 10
74.67589535179059
 20
-11.176022352044697
 30
0.0
 40
0.9652019304038612
0
HATCH
5
6bc
100
AcDbEntity
8
BottomSolderMaskLayer
100
AcDbHatch
10
0
20
0
30
0
210
0
220
0
230
1
2
SOLID
70
1
71
0
91
1
92
7
72
1
73
1
93
2
10
73.71069342138672
20
-11.176022352044697
42
1
10
75.64109728219445
20
-11.176022352044697
42
1
97
1
330

75
0
76
1
47
0.8681437583925616
98
1
10
3.629517071192367
20
33.92795499968543
450
0
451
0
460
0
461
0
452
1
462
1
453
2
463
0
63
5
421
255
463
1
63
7
421
16777215
470
LINEAR
1001
ACAD
1010
0
1020
0
1030
0
  0
CIRCLE
  5
6bd
330
1F
100
AcDbEntity
  8
Multi-Layer
100
AcDbCircle
 10
74.67609855219712
 20
-11.175996951993852
 30
0.0
 40
0.4495808991617984
  0
CIRCLE
  5
6be
330
1F
100
AcDbEntity
  8
Multi-Layer
100
AcDbCircle
 10
74.67589535179059
 20
-11.176022352044697
 30
0.0
 40
0.9398018796037594
0
HATCH
5
6bf
100
AcDbEntity
8
Multi-Layer
100
AcDbHatch
10
0
20
0
30
0
210
0
220
0
230
1
2
SOLID
70
1
71
0
91
1
92
7
72
1
73
1
93
2
10
73.73609347218682
20
-11.176022352044697
42
1
10
75.61569723139435
20
-11.176022352044697
42
1
97
1
330

75
0
76
1
47
0.8681437583925616
98
1
10
3.629517071192367
20
33.92795499968543
450
0
451
0
460
0
461
0
452
1
462
1
453
2
463
0
63
5
421
255
463
1
63
7
421
16777215
470
LINEAR
1001
ACAD
1010
0
1020
0
1030
0
  0
CIRCLE
  5
6c0
330
1F
100
AcDbEntity
  8
TopSolderMaskLayer
100
AcDbCircle
 10
82.29611379222752
 20
-8.63599187198372
 30
0.0
 40
0.4617317342742795
  0
CIRCLE
  5
6c1
330
1F
100
AcDbEntity
  8
TopSolderMaskLayer
100
AcDbCircle
 10
82.29591059182121
 20
-8.636017272034564
 30
0.0
 40
0.9652019304038612
0
HATCH
5
6c2
100
AcDbEntity
8
TopSolderMaskLayer
100
AcDbHatch
10
0
20
0
30
0
210
0
220
0
230
1
2
SOLID
70
1
71
0
91
1
92
7
72
1
73
1
93
2
10
81.33070866141735
20
-8.636017272034564
42
1
10
83.26111252222508
20
-8.636017272034564
42
1
97
1
330

75
0
76
1
47
0.8681437583925616
98
1
10
3.629517071192367
20
33.92795499968543
450
0
451
0
460
0
461
0
452
1
462
1
453
2
463
0
63
5
421
255
463
1
63
7
421
16777215
470
LINEAR
1001
ACAD
1010
0
1020
0
1030
0
  0
CIRCLE
  5
6c3
330
1F
100
AcDbEntity
  8
BottomSolderMaskLayer
100
AcDbCircle
 10
82.29611379222752
 20
-8.63599187198372
 30
0.0
 40
0.4617317342742795
  0
CIRCLE
  5
6c4
330
1F
100
AcDbEntity
  8
BottomSolderMaskLayer
100
AcDbCircle
 10
82.29591059182121
 20
-8.636017272034564
 30
0.0
 40
0.9652019304038612
0
HATCH
5
6c5
100
AcDbEntity
8
BottomSolderMaskLayer
100
AcDbHatch
10
0
20
0
30
0
210
0
220
0
230
1
2
SOLID
70
1
71
0
91
1
92
7
72
1
73
1
93
2
10
81.33070866141735
20
-8.636017272034564
42
1
10
83.26111252222508
20
-8.636017272034564
42
1
97
1
330

75
0
76
1
47
0.8681437583925616
98
1
10
3.629517071192367
20
33.92795499968543
450
0
451
0
460
0
461
0
452
1
462
1
453
2
463
0
63
5
421
255
463
1
63
7
421
16777215
470
LINEAR
1001
ACAD
1010
0
1020
0
1030
0
  0
CIRCLE
  5
6c6
330
1F
100
AcDbEntity
  8
Multi-Layer
100
AcDbCircle
 10
82.29611379222752
 20
-8.63599187198372
 30
0.0
 40
0.4495808991617984
  0
CIRCLE
  5
6c7
330
1F
100
AcDbEntity
  8
Multi-Layer
100
AcDbCircle
 10
82.29591059182121
 20
-8.636017272034564
 30
0.0
 40
0.9398018796037594
0
HATCH
5
6c8
100
AcDbEntity
8
Multi-Layer
100
AcDbHatch
10
0
20
0
30
0
210
0
220
0
230
1
2
SOLID
70
1
71
0
91
1
92
7
72
1
73
1
93
2
10
81.35610871221745
20
-8.636017272034564
42
1
10
83.23571247142497
20
-8.636017272034564
42
1
97
1
330

75
0
76
1
47
0.8681437583925616
98
1
10
3.629517071192367
20
33.92795499968543
450
0
451
0
460
0
461
0
452
1
462
1
453
2
463
0
63
5
421
255
463
1
63
7
421
16777215
470
LINEAR
1001
ACAD
1010
0
1020
0
1030
0
  0
CIRCLE
  5
6c9
330
1F
100
AcDbEntity
  8
TopSolderMaskLayer
100
AcDbCircle
 10
74.67609855219712
 20
-8.63599187198372
 30
0.0
 40
0.4617317342742795
  0
CIRCLE
  5
6ca
330
1F
100
AcDbEntity
  8
TopSolderMaskLayer
100
AcDbCircle
 10
74.67589535179059
 20
-8.636017272034564
 30
0.0
 40
0.9652019304038612
0
HATCH
5
6cb
100
AcDbEntity
8
TopSolderMaskLayer
100
AcDbHatch
10
0
20
0
30
0
210
0
220
0
230
1
2
SOLID
70
1
71
0
91
1
92
7
72
1
73
1
93
2
10
73.71069342138672
20
-8.636017272034564
42
1
10
75.64109728219445
20
-8.636017272034564
42
1
97
1
330

75
0
76
1
47
0.8681437583925616
98
1
10
3.629517071192367
20
33.92795499968543
450
0
451
0
460
0
461
0
452
1
462
1
453
2
463
0
63
5
421
255
463
1
63
7
421
16777215
470
LINEAR
1001
ACAD
1010
0
1020
0
1030
0
  0
CIRCLE
  5
6cc
330
1F
100
AcDbEntity
  8
BottomSolderMaskLayer
100
AcDbCircle
 10
74.67609855219712
 20
-8.63599187198372
 30
0.0
 40
0.4617317342742795
  0
CIRCLE
  5
6cd
330
1F
100
AcDbEntity
  8
BottomSolderMaskLayer
100
AcDbCircle
 10
74.67589535179059
 20
-8.636017272034564
 30
0.0
 40
0.9652019304038612
0
HATCH
5
6ce
100
AcDbEntity
8
BottomSolderMaskLayer
100
AcDbHatch
10
0
20
0
30
0
210
0
220
0
230
1
2
SOLID
70
1
71
0
91
1
92
7
72
1
73
1
93
2
10
73.71069342138672
20
-8.636017272034564
42
1
10
75.64109728219445
20
-8.636017272034564
42
1
97
1
330

75
0
76
1
47
0.8681437583925616
98
1
10
3.629517071192367
20
33.92795499968543
450
0
451
0
460
0
461
0
452
1
462
1
453
2
463
0
63
5
421
255
463
1
63
7
421
16777215
470
LINEAR
1001
ACAD
1010
0
1020
0
1030
0
  0
CIRCLE
  5
6cf
330
1F
100
AcDbEntity
  8
Multi-Layer
100
AcDbCircle
 10
74.67609855219712
 20
-8.63599187198372
 30
0.0
 40
0.4495808991617984
  0
CIRCLE
  5
6d0
330
1F
100
AcDbEntity
  8
Multi-Layer
100
AcDbCircle
 10
74.67589535179059
 20
-8.636017272034564
 30
0.0
 40
0.9398018796037594
0
HATCH
5
6d1
100
AcDbEntity
8
Multi-Layer
100
AcDbHatch
10
0
20
0
30
0
210
0
220
0
230
1
2
SOLID
70
1
71
0
91
1
92
7
72
1
73
1
93
2
10
73.73609347218682
20
-8.636017272034564
42
1
10
75.61569723139435
20
-8.636017272034564
42
1
97
1
330

75
0
76
1
47
0.8681437583925616
98
1
10
3.629517071192367
20
33.92795499968543
450
0
451
0
460
0
461
0
452
1
462
1
453
2
463
0
63
5
421
255
463
1
63
7
421
16777215
470
LINEAR
1001
ACAD
1010
0
1020
0
1030
0
  0
CIRCLE
  5
6d2
330
1F
100
AcDbEntity
  8
TopSolderMaskLayer
100
AcDbCircle
 10
82.29626619253236
 20
9.652019304038618
 30
0.0
 40
0.4617317342742795
  0
CIRCLE
  5
6d3
330
1F
100
AcDbEntity
  8
TopSolderMaskLayer
100
AcDbCircle
 10
82.2961645923292
 20
9.652019304038618
 30
0.0
 40
0.9652019304038612
0
HATCH
5
6d4
100
AcDbEntity
8
TopSolderMaskLayer
100
AcDbHatch
10
0
20
0
30
0
210
0
220
0
230
1
2
SOLID
70
1
71
0
91
1
92
7
72
1
73
1
93
2
10
81.33096266192534
20
9.652019304038618
42
1
10
83.26136652273307
20
9.652019304038618
42
1
97
1
330

75
0
76
1
47
0.8681437583925616
98
1
10
3.629517071192367
20
33.92795499968543
450
0
451
0
460
0
461
0
452
1
462
1
453
2
463
0
63
5
421
255
463
1
63
7
421
16777215
470
LINEAR
1001
ACAD
1010
0
1020
0
1030
0
  0
CIRCLE
  5
6d5
330
1F
100
AcDbEntity
  8
BottomSolderMaskLayer
100
AcDbCircle
 10
82.29626619253236
 20
9.652019304038618
 30
0.0
 40
0.4617317342742795
  0
CIRCLE
  5
6d6
330
1F
100
AcDbEntity
  8
BottomSolderMaskLayer
100
AcDbCircle
 10
82.2961645923292
 20
9.652019304038618
 30
0.0
 40
0.9652019304038612
0
HATCH
5
6d7
100
AcDbEntity
8
BottomSolderMaskLayer
100
AcDbHatch
10
0
20
0
30
0
210
0
220
0
230
1
2
SOLID
70
1
71
0
91
1
92
7
72
1
73
1
93
2
10
81.33096266192534
20
9.652019304038618
42
1
10
83.26136652273307
20
9.652019304038618
42
1
97
1
330

75
0
76
1
47
0.8681437583925616
98
1
10
3.629517071192367
20
33.92795499968543
450
0
451
0
460
0
461
0
452
1
462
1
453
2
463
0
63
5
421
255
463
1
63
7
421
16777215
470
LINEAR
1001
ACAD
1010
0
1020
0
1030
0
  0
CIRCLE
  5
6d8
330
1F
100
AcDbEntity
  8
Multi-Layer
100
AcDbCircle
 10
82.29626619253236
 20
9.652019304038618
 30
0.0
 40
0.4495808991617984
  0
CIRCLE
  5
6d9
330
1F
100
AcDbEntity
  8
Multi-Layer
100
AcDbCircle
 10
82.2961645923292
 20
9.652019304038618
 30
0.0
 40
0.9398018796037594
0
HATCH
5
6da
100
AcDbEntity
8
Multi-Layer
100
AcDbHatch
10
0
20
0
30
0
210
0
220
0
230
1
2
SOLID
70
1
71
0
91
1
92
7
72
1
73
1
93
2
10
81.35636271272544
20
9.652019304038618
42
1
10
83.23596647193297
20
9.652019304038618
42
1
97
1
330

75
0
76
1
47
0.8681437583925616
98
1
10
3.629517071192367
20
33.92795499968543
450
0
451
0
460
0
461
0
452
1
462
1
453
2
463
0
63
5
421
255
463
1
63
7
421
16777215
470
LINEAR
1001
ACAD
1010
0
1020
0
1030
0
  0
CIRCLE
  5
6db
330
1F
100
AcDbEntity
  8
TopSolderMaskLayer
100
AcDbCircle
 10
74.67625095250196
 20
9.652019304038618
 30
0.0
 40
0.4617317342742795
  0
CIRCLE
  5
6dc
330
1F
100
AcDbEntity
  8
TopSolderMaskLayer
100
AcDbCircle
 10
74.67614935229881
 20
9.652019304038618
 30
0.0
 40
0.9652019304038612
0
HATCH
5
6dd
100
AcDbEntity
8
TopSolderMaskLayer
100
AcDbHatch
10
0
20
0
30
0
210
0
220
0
230
1
2
SOLID
70
1
71
0
91
1
92
7
72
1
73
1
93
2
10
73.71094742189494
20
9.652019304038618
42
1
10
75.64135128270267
20
9.652019304038618
42
1
97
1
330

75
0
76
1
47
0.8681437583925616
98
1
10
3.629517071192367
20
33.92795499968543
450
0
451
0
460
0
461
0
452
1
462
1
453
2
463
0
63
5
421
255
463
1
63
7
421
16777215
470
LINEAR
1001
ACAD
1010
0
1020
0
1030
0
  0
CIRCLE
  5
6de
330
1F
100
AcDbEntity
  8
BottomSolderMaskLayer
100
AcDbCircle
 10
74.67625095250196
 20
9.652019304038618
 30
0.0
 40
0.4617317342742795
  0
CIRCLE
  5
6df
330
1F
100
AcDbEntity
  8
BottomSolderMaskLayer
100
AcDbCircle
 10
74.67614935229881
 20
9.652019304038618
 30
0.0
 40
0.9652019304038612
0
HATCH
5
6e0
100
AcDbEntity
8
BottomSolderMaskLayer
100
AcDbHatch
10
0
20
0
30
0
210
0
220
0
230
1
2
SOLID
70
1
71
0
91
1
92
7
72
1
73
1
93
2
10
73.71094742189494
20
9.652019304038618
42
1
10
75.64135128270267
20
9.652019304038618
42
1
97
1
330

75
0
76
1
47
0.8681437583925616
98
1
10
3.629517071192367
20
33.92795499968543
450
0
451
0
460
0
461
0
452
1
462
1
453
2
463
0
63
5
421
255
463
1
63
7
421
16777215
470
LINEAR
1001
ACAD
1010
0
1020
0
1030
0
  0
CIRCLE
  5
6e1
330
1F
100
AcDbEntity
  8
Multi-Layer
100
AcDbCircle
 10
74.67625095250196
 20
9.652019304038618
 30
0.0
 40
0.4495808991617984
  0
CIRCLE
  5
6e2
330
1F
100
AcDbEntity
  8
Multi-Layer
100
AcDbCircle
 10
74.67614935229881
 20
9.652019304038618
 30
0.0
 40
0.9398018796037594
0
HATCH
5
6e3
100
AcDbEntity
8
Multi-Layer
100
AcDbHatch
10
0
20
0
30
0
210
0
220
0
230
1
2
SOLID
70
1
71
0
91
1
92
7
72
1
73
1
93
2
10
73.73634747269504
20
9.652019304038618
42
1
10
75.61595123190257
20
9.652019304038618
42
1
97
1
330

75
0
76
1
47
0.8681437583925616
98
1
10
3.629517071192367
20
33.92795499968543
450
0
451
0
460
0
461
0
452
1
462
1
453
2
463
0
63
5
421
255
463
1
63
7
421
16777215
470
LINEAR
1001
ACAD
1010
0
1020
0
1030
0
  0
CIRCLE
  5
8e5
330
1F
100
AcDbEntity
  8
TopSolderMaskLayer
100
AcDbCircle
 10
113.66499872999748
 20
-11.302997205994302
 30
0.0
 40
0.45883962735667416
  0
CIRCLE
  5
8e6
330
1F
100
AcDbEntity
  8
TopSolderMaskLayer
100
AcDbCircle
 10
113.66497332994663
 20
-11.303022606045147
 30
0.0
 40
0.8128016256032513
0
HATCH
5
8e7
100
AcDbEntity
8
TopSolderMaskLayer
100
AcDbHatch
10
0
20
0
30
0
210
0
220
0
230
1
2
SOLID
70
1
71
0
91
1
92
7
72
1
73
1
93
2
10
112.85217170434338
20
-11.303022606045147
42
1
10
114.47777495554989
20
-11.303022606045147
42
1
97
1
330

75
0
76
1
47
0.8681437583925616
98
1
10
3.629517071192367
20
33.92795499968543
450
0
451
0
460
0
461
0
452
1
462
1
453
2
463
0
63
5
421
255
463
1
63
7
421
16777215
470
LINEAR
1001
ACAD
1010
0
1020
0
1030
0
  0
CIRCLE
  5
8e8
330
1F
100
AcDbEntity
  8
BottomSolderMaskLayer
100
AcDbCircle
 10
113.66499872999748
 20
-11.302997205994302
 30
0.0
 40
0.45883962735667416
  0
CIRCLE
  5
8e9
330
1F
100
AcDbEntity
  8
BottomSolderMaskLayer
100
AcDbCircle
 10
113.66497332994663
 20
-11.303022606045147
 30
0.0
 40
0.8128016256032513
0
HATCH
5
8ea
100
AcDbEntity
8
BottomSolderMaskLayer
100
AcDbHatch
10
0
20
0
30
0
210
0
220
0
230
1
2
SOLID
70
1
71
0
91
1
92
7
72
1
73
1
93
2
10
112.85217170434338
20
-11.303022606045147
42
1
10
114.47777495554989
20
-11.303022606045147
42
1
97
1
330

75
0
76
1
47
0.8681437583925616
98
1
10
3.629517071192367
20
33.92795499968543
450
0
451
0
460
0
461
0
452
1
462
1
453
2
463
0
63
5
421
255
463
1
63
7
421
16777215
470
LINEAR
1001
ACAD
1010
0
1020
0
1030
0
  0
CIRCLE
  5
8eb
330
1F
100
AcDbEntity
  8
Multi-Layer
100
AcDbCircle
 10
113.66499872999748
 20
-11.302997205994302
 30
0.0
 40
0.4445008890017781
  0
CIRCLE
  5
8ec
330
1F
100
AcDbEntity
  8
Multi-Layer
100
AcDbCircle
 10
113.66497332994663
 20
-11.303022606045147
 30
0.0
 40
0.7874015748031498
0
HATCH
5
8ed
100
AcDbEntity
8
Multi-Layer
100
AcDbHatch
10
0
20
0
30
0
210
0
220
0
230
1
2
SOLID
70
1
71
0
91
1
92
7
72
1
73
1
93
2
10
112.87757175514348
20
-11.303022606045147
42
1
10
114.45237490474979
20
-11.303022606045147
42
1
97
1
330

75
0
76
1
47
0.8681437583925616
98
1
10
3.629517071192367
20
33.92795499968543
450
0
451
0
460
0
461
0
452
1
462
1
453
2
463
0
63
5
421
255
463
1
63
7
421
16777215
470
LINEAR
1001
ACAD
1010
0
1020
0
1030
0
  0
CIRCLE
  5
8ee
330
1F
100
AcDbEntity
  8
TopSolderMaskLayer
100
AcDbCircle
 10
111.12499364998735
 20
-11.302997205994302
 30
0.0
 40
0.45883962735667416
  0
CIRCLE
  5
8ef
330
1F
100
AcDbEntity
  8
TopSolderMaskLayer
100
AcDbCircle
 10
111.1249682499365
 20
-11.303022606045147
 30
0.0
 40
0.8128016256032513
0
HATCH
5
8f0
100
AcDbEntity
8
TopSolderMaskLayer
100
AcDbHatch
10
0
20
0
30
0
210
0
220
0
230
1
2
SOLID
70
1
71
0
91
1
92
7
72
1
73
1
93
2
10
110.31216662433324
20
-11.303022606045147
42
1
10
111.93776987553976
20
-11.303022606045147
42
1
97
1
330

75
0
76
1
47
0.8681437583925616
98
1
10
3.629517071192367
20
33.92795499968543
450
0
451
0
460
0
461
0
452
1
462
1
453
2
463
0
63
5
421
255
463
1
63
7
421
16777215
470
LINEAR
1001
ACAD
1010
0
1020
0
1030
0
  0
CIRCLE
  5
8f1
330
1F
100
AcDbEntity
  8
BottomSolderMaskLayer
100
AcDbCircle
 10
111.12499364998735
 20
-11.302997205994302
 30
0.0
 40
0.45883962735667416
  0
CIRCLE
  5
8f2
330
1F
100
AcDbEntity
  8
BottomSolderMaskLayer
100
AcDbCircle
 10
111.1249682499365
 20
-11.303022606045147
 30
0.0
 40
0.8128016256032513
0
HATCH
5
8f3
100
AcDbEntity
8
BottomSolderMaskLayer
100
AcDbHatch
10
0
20
0
30
0
210
0
220
0
230
1
2
SOLID
70
1
71
0
91
1
92
7
72
1
73
1
93
2
10
110.31216662433324
20
-11.303022606045147
42
1
10
111.93776987553976
20
-11.303022606045147
42
1
97
1
330

75
0
76
1
47
0.8681437583925616
98
1
10
3.629517071192367
20
33.92795499968543
450
0
451
0
460
0
461
0
452
1
462
1
453
2
463
0
63
5
421
255
463
1
63
7
421
16777215
470
LINEAR
1001
ACAD
1010
0
1020
0
1030
0
  0
CIRCLE
  5
8f4
330
1F
100
AcDbEntity
  8
Multi-Layer
100
AcDbCircle
 10
111.12499364998735
 20
-11.302997205994302
 30
0.0
 40
0.4445008890017781
  0
CIRCLE
  5
8f5
330
1F
100
AcDbEntity
  8
Multi-Layer
100
AcDbCircle
 10
111.1249682499365
 20
-11.303022606045147
 30
0.0
 40
0.7874015748031498
0
HATCH
5
8f6
100
AcDbEntity
8
Multi-Layer
100
AcDbHatch
10
0
20
0
30
0
210
0
220
0
230
1
2
SOLID
70
1
71
0
91
1
92
7
72
1
73
1
93
2
10
110.33756667513335
20
-11.303022606045147
42
1
10
111.91236982473966
20
-11.303022606045147
42
1
97
1
330

75
0
76
1
47
0.8681437583925616
98
1
10
3.629517071192367
20
33.92795499968543
450
0
451
0
460
0
461
0
452
1
462
1
453
2
463
0
63
5
421
255
463
1
63
7
421
16777215
470
LINEAR
1001
ACAD
1010
0
1020
0
1030
0
  0
CIRCLE
  5
8f7
330
1F
100
AcDbEntity
  8
TopSolderMaskLayer
100
AcDbCircle
 10
108.58498856997721
 20
-11.302997205994302
 30
0.0
 40
0.45883962735667416
  0
CIRCLE
  5
8f8
330
1F
100
AcDbEntity
  8
TopSolderMaskLayer
100
AcDbCircle
 10
108.58496316992637
 20
-11.303022606045147
 30
0.0
 40
0.8128016256032513
0
HATCH
5
8f9
100
AcDbEntity
8
TopSolderMaskLayer
100
AcDbHatch
10
0
20
0
30
0
210
0
220
0
230
1
2
SOLID
70
1
71
0
91
1
92
7
72
1
73
1
93
2
10
107.77216154432311
20
-11.303022606045147
42
1
10
109.39776479552962
20
-11.303022606045147
42
1
97
1
330

75
0
76
1
47
0.8681437583925616
98
1
10
3.629517071192367
20
33.92795499968543
450
0
451
0
460
0
461
0
452
1
462
1
453
2
463
0
63
5
421
255
463
1
63
7
421
16777215
470
LINEAR
1001
ACAD
1010
0
1020
0
1030
0
  0
CIRCLE
  5
8fa
330
1F
100
AcDbEntity
  8
BottomSolderMaskLayer
100
AcDbCircle
 10
108.58498856997721
 20
-11.302997205994302
 30
0.0
 40
0.45883962735667416
  0
CIRCLE
  5
8fb
330
1F
100
AcDbEntity
  8
BottomSolderMaskLayer
100
AcDbCircle
 10
108.58496316992637
 20
-11.303022606045147
 30
0.0
 40
0.8128016256032513
0
HATCH
5
8fc
100
AcDbEntity
8
BottomSolderMaskLayer
100
AcDbHatch
10
0
20
0
30
0
210
0
220
0
230
1
2
SOLID
70
1
71
0
91
1
92
7
72
1
73
1
93
2
10
107.77216154432311
20
-11.303022606045147
42
1
10
109.39776479552962
20
-11.303022606045147
42
1
97
1
330

75
0
76
1
47
0.8681437583925616
98
1
10
3.629517071192367
20
33.92795499968543
450
0
451
0
460
0
461
0
452
1
462
1
453
2
463
0
63
5
421
255
463
1
63
7
421
16777215
470
LINEAR
1001
ACAD
1010
0
1020
0
1030
0
  0
CIRCLE
  5
8fd
330
1F
100
AcDbEntity
  8
Multi-Layer
100
AcDbCircle
 10
108.58498856997721
 20
-11.302997205994302
 30
0.0
 40
0.4445008890017781
  0
CIRCLE
  5
8fe
330
1F
100
AcDbEntity
  8
Multi-Layer
100
AcDbCircle
 10
108.58496316992637
 20
-11.303022606045147
 30
0.0
 40
0.7874015748031498
0
HATCH
5
8ff
100
AcDbEntity
8
Multi-Layer
100
AcDbHatch
10
0
20
0
30
0
210
0
220
0
230
1
2
SOLID
70
1
71
0
91
1
92
7
72
1
73
1
93
2
10
107.79756159512321
20
-11.303022606045147
42
1
10
109.37236474472952
20
-11.303022606045147
42
1
97
1
330

75
0
76
1
47
0.8681437583925616
98
1
10
3.629517071192367
20
33.92795499968543
450
0
451
0
460
0
461
0
452
1
462
1
453
2
463
0
63
5
421
255
463
1
63
7
421
16777215
470
LINEAR
1001
ACAD
1010
0
1020
0
1030
0
  0
CIRCLE
  5
900
330
1F
100
AcDbEntity
  8
TopSolderMaskLayer
100
AcDbCircle
 10
99.06019812039631
 20
-12.700025400050777
 30
0.0
 40
0.45883962735667416
  0
CIRCLE
  5
901
330
1F
100
AcDbEntity
  8
TopSolderMaskLayer
100
AcDbCircle
 10
99.06019812039631
 20
-12.700025400050777
 30
0.0
 40
0.8128016256032513
0
HATCH
5
902
100
AcDbEntity
8
TopSolderMaskLayer
100
AcDbHatch
10
0
20
0
30
0
210
0
220
0
230
1
2
SOLID
70
1
71
0
91
1
92
7
72
1
73
1
93
2
10
98.24739649479305
20
-12.700025400050777
42
1
10
99.87299974599956
20
-12.700025400050777
42
1
97
1
330

75
0
76
1
47
0.8681437583925616
98
1
10
3.629517071192367
20
33.92795499968543
450
0
451
0
460
0
461
0
452
1
462
1
453
2
463
0
63
5
421
255
463
1
63
7
421
16777215
470
LINEAR
1001
ACAD
1010
0
1020
0
1030
0
  0
CIRCLE
  5
903
330
1F
100
AcDbEntity
  8
BottomSolderMaskLayer
100
AcDbCircle
 10
99.06019812039631
 20
-12.700025400050777
 30
0.0
 40
0.45883962735667416
  0
CIRCLE
  5
904
330
1F
100
AcDbEntity
  8
BottomSolderMaskLayer
100
AcDbCircle
 10
99.06019812039631
 20
-12.700025400050777
 30
0.0
 40
0.8128016256032513
0
HATCH
5
905
100
AcDbEntity
8
BottomSolderMaskLayer
100
AcDbHatch
10
0
20
0
30
0
210
0
220
0
230
1
2
SOLID
70
1
71
0
91
1
92
7
72
1
73
1
93
2
10
98.24739649479305
20
-12.700025400050777
42
1
10
99.87299974599956
20
-12.700025400050777
42
1
97
1
330

75
0
76
1
47
0.8681437583925616
98
1
10
3.629517071192367
20
33.92795499968543
450
0
451
0
460
0
461
0
452
1
462
1
453
2
463
0
63
5
421
255
463
1
63
7
421
16777215
470
LINEAR
1001
ACAD
1010
0
1020
0
1030
0
  0
CIRCLE
  5
906
330
1F
100
AcDbEntity
  8
Multi-Layer
100
AcDbCircle
 10
99.06019812039631
 20
-12.700025400050777
 30
0.0
 40
0.4445008890017781
  0
CIRCLE
  5
907
330
1F
100
AcDbEntity
  8
Multi-Layer
100
AcDbCircle
 10
99.06019812039631
 20
-12.700025400050777
 30
0.0
 40
0.7874015748031498
0
HATCH
5
908
100
AcDbEntity
8
Multi-Layer
100
AcDbHatch
10
0
20
0
30
0
210
0
220
0
230
1
2
SOLID
70
1
71
0
91
1
92
7
72
1
73
1
93
2
10
98.27279654559315
20
-12.700025400050777
42
1
10
99.84759969519946
20
-12.700025400050777
42
1
97
1
330

75
0
76
1
47
0.8681437583925616
98
1
10
3.629517071192367
20
33.92795499968543
450
0
451
0
460
0
461
0
452
1
462
1
453
2
463
0
63
5
421
255
463
1
63
7
421
16777215
470
LINEAR
1001
ACAD
1010
0
1020
0
1030
0
  0
CIRCLE
  5
909
330
1F
100
AcDbEntity
  8
TopSolderMaskLayer
100
AcDbCircle
 10
96.52019304038618
 20
-12.700025400050777
 30
0.0
 40
0.45883962735667416
  0
CIRCLE
  5
90a
330
1F
100
AcDbEntity
  8
TopSolderMaskLayer
100
AcDbCircle
 10
96.52019304038618
 20
-12.700025400050777
 30
0.0
 40
0.8128016256032513
0
HATCH
5
90b
100
AcDbEntity
8
TopSolderMaskLayer
100
AcDbHatch
10
0
20
0
30
0
210
0
220
0
230
1
2
SOLID
70
1
71
0
91
1
92
7
72
1
73
1
93
2
10
95.70739141478292
20
-12.700025400050777
42
1
10
97.33299466598943
20
-12.700025400050777
42
1
97
1
330

75
0
76
1
47
0.8681437583925616
98
1
10
3.629517071192367
20
33.92795499968543
450
0
451
0
460
0
461
0
452
1
462
1
453
2
463
0
63
5
421
255
463
1
63
7
421
16777215
470
LINEAR
1001
ACAD
1010
0
1020
0
1030
0
  0
CIRCLE
  5
90c
330
1F
100
AcDbEntity
  8
BottomSolderMaskLayer
100
AcDbCircle
 10
96.52019304038618
 20
-12.700025400050777
 30
0.0
 40
0.45883962735667416
  0
CIRCLE
  5
90d
330
1F
100
AcDbEntity
  8
BottomSolderMaskLayer
100
AcDbCircle
 10
96.52019304038618
 20
-12.700025400050777
 30
0.0
 40
0.8128016256032513
0
HATCH
5
90e
100
AcDbEntity
8
BottomSolderMaskLayer
100
AcDbHatch
10
0
20
0
30
0
210
0
220
0
230
1
2
SOLID
70
1
71
0
91
1
92
7
72
1
73
1
93
2
10
95.70739141478292
20
-12.700025400050777
42
1
10
97.33299466598943
20
-12.700025400050777
42
1
97
1
330

75
0
76
1
47
0.8681437583925616
98
1
10
3.629517071192367
20
33.92795499968543
450
0
451
0
460
0
461
0
452
1
462
1
453
2
463
0
63
5
421
255
463
1
63
7
421
16777215
470
LINEAR
1001
ACAD
1010
0
1020
0
1030
0
  0
CIRCLE
  5
90f
330
1F
100
AcDbEntity
  8
Multi-Layer
100
AcDbCircle
 10
96.52019304038618
 20
-12.700025400050777
 30
0.0
 40
0.4445008890017781
  0
CIRCLE
  5
910
330
1F
100
AcDbEntity
  8
Multi-Layer
100
AcDbCircle
 10
96.52019304038618
 20
-12.700025400050777
 30
0.0
 40
0.7874015748031498
0
HATCH
5
911
100
AcDbEntity
8
Multi-Layer
100
AcDbHatch
10
0
20
0
30
0
210
0
220
0
230
1
2
SOLID
70
1
71
0
91
1
92
7
72
1
73
1
93
2
10
95.73279146558302
20
-12.700025400050777
42
1
10
97.30759461518933
20
-12.700025400050777
42
1
97
1
330

75
0
76
1
47
0.8681437583925616
98
1
10
3.629517071192367
20
33.92795499968543
450
0
451
0
460
0
461
0
452
1
462
1
453
2
463
0
63
5
421
255
463
1
63
7
421
16777215
470
LINEAR
1001
ACAD
1010
0
1020
0
1030
0
  0
CIRCLE
  5
912
330
1F
100
AcDbEntity
  8
TopSolderMaskLayer
100
AcDbCircle
 10
93.98018796037604
 20
-12.700025400050777
 30
0.0
 40
0.45883962735667416
  0
CIRCLE
  5
913
330
1F
100
AcDbEntity
  8
TopSolderMaskLayer
100
AcDbCircle
 10
93.98018796037604
 20
-12.700025400050777
 30
0.0
 40
0.8128016256032513
0
HATCH
5
914
100
AcDbEntity
8
TopSolderMaskLayer
100
AcDbHatch
10
0
20
0
30
0
210
0
220
0
230
1
2
SOLID
70
1
71
0
91
1
92
7
72
1
73
1
93
2
10
93.16738633477279
20
-12.700025400050777
42
1
10
94.7929895859793
20
-12.700025400050777
42
1
97
1
330

75
0
76
1
47
0.8681437583925616
98
1
10
3.629517071192367
20
33.92795499968543
450
0
451
0
460
0
461
0
452
1
462
1
453
2
463
0
63
5
421
255
463
1
63
7
421
16777215
470
LINEAR
1001
ACAD
1010
0
1020
0
1030
0
  0
CIRCLE
  5
915
330
1F
100
AcDbEntity
  8
BottomSolderMaskLayer
100
AcDbCircle
 10
93.98018796037604
 20
-12.700025400050777
 30
0.0
 40
0.45883962735667416
  0
CIRCLE
  5
916
330
1F
100
AcDbEntity
  8
BottomSolderMaskLayer
100
AcDbCircle
 10
93.98018796037604
 20
-12.700025400050777
 30
0.0
 40
0.8128016256032513
0
HATCH
5
917
100
AcDbEntity
8
BottomSolderMaskLayer
100
AcDbHatch
10
0
20
0
30
0
210
0
220
0
230
1
2
SOLID
70
1
71
0
91
1
92
7
72
1
73
1
93
2
10
93.16738633477279
20
-12.700025400050777
42
1
10
94.7929895859793
20
-12.700025400050777
42
1
97
1
330

75
0
76
1
47
0.8681437583925616
98
1
10
3.629517071192367
20
33.92795499968543
450
0
451
0
460
0
461
0
452
1
462
1
453
2
463
0
63
5
421
255
463
1
63
7
421
16777215
470
LINEAR
1001
ACAD
1010
0
1020
0
1030
0
  0
CIRCLE
  5
918
330
1F
100
AcDbEntity
  8
Multi-Layer
100
AcDbCircle
 10
93.98018796037604
 20
-12.700025400050777
 30
0.0
 40
0.4445008890017781
  0
CIRCLE
  5
919
330
1F
100
AcDbEntity
  8
Multi-Layer
100
AcDbCircle
 10
93.98018796037604
 20
-12.700025400050777
 30
0.0
 40
0.7874015748031498
0
HATCH
5
91a
100
AcDbEntity
8
Multi-Layer
100
AcDbHatch
10
0
20
0
30
0
210
0
220
0
230
1
2
SOLID
70
1
71
0
91
1
92
7
72
1
73
1
93
2
10
93.19278638557289
20
-12.700025400050777
42
1
10
94.7675895351792
20
-12.700025400050777
42
1
97
1
330

75
0
76
1
47
0.8681437583925616
98
1
10
3.629517071192367
20
33.92795499968543
450
0
451
0
460
0
461
0
452
1
462
1
453
2
463
0
63
5
421
255
463
1
63
7
421
16777215
470
LINEAR
1001
ACAD
1010
0
1020
0
1030
0
  0
CIRCLE
  5
91b
330
1F
100
AcDbEntity
  8
TopSolderMaskLayer
100
AcDbCircle
 10
91.44018288036568
 20
-12.700025400050777
 30
0.0
 40
0.45883962735667416
  0
CIRCLE
  5
91c
330
1F
100
AcDbEntity
  8
TopSolderMaskLayer
100
AcDbCircle
 10
91.44018288036568
 20
-12.700025400050777
 30
0.0
 40
0.8128016256032513
0
HATCH
5
91d
100
AcDbEntity
8
TopSolderMaskLayer
100
AcDbHatch
10
0
20
0
30
0
210
0
220
0
230
1
2
SOLID
70
1
71
0
91
1
92
7
72
1
73
1
93
2
10
90.62738125476243
20
-12.700025400050777
42
1
10
92.25298450596894
20
-12.700025400050777
42
1
97
1
330

75
0
76
1
47
0.8681437583925616
98
1
10
3.629517071192367
20
33.92795499968543
450
0
451
0
460
0
461
0
452
1
462
1
453
2
463
0
63
5
421
255
463
1
63
7
421
16777215
470
LINEAR
1001
ACAD
1010
0
1020
0
1030
0
  0
CIRCLE
  5
91e
330
1F
100
AcDbEntity
  8
BottomSolderMaskLayer
100
AcDbCircle
 10
91.44018288036568
 20
-12.700025400050777
 30
0.0
 40
0.45883962735667416
  0
CIRCLE
  5
91f
330
1F
100
AcDbEntity
  8
BottomSolderMaskLayer
100
AcDbCircle
 10
91.44018288036568
 20
-12.700025400050777
 30
0.0
 40
0.8128016256032513
0
HATCH
5
920
100
AcDbEntity
8
BottomSolderMaskLayer
100
AcDbHatch
10
0
20
0
30
0
210
0
220
0
230
1
2
SOLID
70
1
71
0
91
1
92
7
72
1
73
1
93
2
10
90.62738125476243
20
-12.700025400050777
42
1
10
92.25298450596894
20
-12.700025400050777
42
1
97
1
330

75
0
76
1
47
0.8681437583925616
98
1
10
3.629517071192367
20
33.92795499968543
450
0
451
0
460
0
461
0
452
1
462
1
453
2
463
0
63
5
421
255
463
1
63
7
421
16777215
470
LINEAR
1001
ACAD
1010
0
1020
0
1030
0
  0
CIRCLE
  5
921
330
1F
100
AcDbEntity
  8
Multi-Layer
100
AcDbCircle
 10
91.44018288036568
 20
-12.700025400050777
 30
0.0
 40
0.4445008890017781
  0
CIRCLE
  5
922
330
1F
100
AcDbEntity
  8
Multi-Layer
100
AcDbCircle
 10
91.44018288036568
 20
-12.700025400050777
 30
0.0
 40
0.7874015748031498
0
HATCH
5
923
100
AcDbEntity
8
Multi-Layer
100
AcDbHatch
10
0
20
0
30
0
210
0
220
0
230
1
2
SOLID
70
1
71
0
91
1
92
7
72
1
73
1
93
2
10
90.65278130556253
20
-12.700025400050777
42
1
10
92.22758445516884
20
-12.700025400050777
42
1
97
1
330

75
0
76
1
47
0.8681437583925616
98
1
10
3.629517071192367
20
33.92795499968543
450
0
451
0
460
0
461
0
452
1
462
1
453
2
463
0
63
5
421
255
463
1
63
7
421
16777215
470
LINEAR
1001
ACAD
1010
0
1020
0
1030
0
  0
CIRCLE
  5
92d
330
1F
100
AcDbEntity
  8
TopSolderMaskLayer
100
AcDbCircle
 10
66.90363220726431
 20
3.5052070104140967
 30
0.0
 40
0.6132851064778342
  0
CIRCLE
  5
92e
330
1F
100
AcDbEntity
  8
TopSolderMaskLayer
100
AcDbCircle
 10
66.90373380746746
 20
3.5052070104140967
 30
0.0
 40
1.125222250444501
0
HATCH
5
92f
100
AcDbEntity
8
TopSolderMaskLayer
100
AcDbHatch
10
0
20
0
30
0
210
0
220
0
230
1
2
SOLID
70
1
71
0
91
1
92
7
72
1
73
1
93
2
10
65.77851155702297
20
3.5052070104140967
42
1
10
68.02895605791196
20
3.5052070104140967
42
1
97
1
330

75
0
76
1
47
0.8681437583925616
98
1
10
3.629517071192367
20
33.92795499968543
450
0
451
0
460
0
461
0
452
1
462
1
453
2
463
0
63
5
421
255
463
1
63
7
421
16777215
470
LINEAR
1001
ACAD
1010
0
1020
0
1030
0
  0
CIRCLE
  5
930
330
1F
100
AcDbEntity
  8
BottomSolderMaskLayer
100
AcDbCircle
 10
66.90363220726431
 20
3.5052070104140967
 30
0.0
 40
0.6132851064778342
  0
CIRCLE
  5
931
330
1F
100
AcDbEntity
  8
BottomSolderMaskLayer
100
AcDbCircle
 10
66.90373380746746
 20
3.5052070104140967
 30
0.0
 40
1.125222250444501
0
HATCH
5
932
100
AcDbEntity
8
BottomSolderMaskLayer
100
AcDbHatch
10
0
20
0
30
0
210
0
220
0
230
1
2
SOLID
70
1
71
0
91
1
92
7
72
1
73
1
93
2
10
65.77851155702297
20
3.5052070104140967
42
1
10
68.02895605791196
20
3.5052070104140967
42
1
97
1
330

75
0
76
1
47
0.8681437583925616
98
1
10
3.629517071192367
20
33.92795499968543
450
0
451
0
460
0
461
0
452
1
462
1
453
2
463
0
63
5
421
255
463
1
63
7
421
16777215
470
LINEAR
1001
ACAD
1010
0
1020
0
1030
0
  0
CIRCLE
  5
933
330
1F
100
AcDbEntity
  8
Multi-Layer
100
AcDbCircle
 10
66.90363220726431
 20
3.5052070104140967
 30
0.0
 40
0.5994411988823978
  0
CIRCLE
  5
934
330
1F
100
AcDbEntity
  8
Multi-Layer
100
AcDbCircle
 10
66.90373380746746
 20
3.5052070104140967
 30
0.0
 40
1.0998221996443995
0
HATCH
5
935
100
AcDbEntity
8
Multi-Layer
100
AcDbHatch
10
0
20
0
30
0
210
0
220
0
230
1
2
SOLID
70
1
71
0
91
1
92
7
72
1
73
1
93
2
10
65.80391160782307
20
3.5052070104140967
42
1
10
68.00355600711185
20
3.5052070104140967
42
1
97
1
330

75
0
76
1
47
0.8681437583925616
98
1
10
3.629517071192367
20
33.92795499968543
450
0
451
0
460
0
461
0
452
1
462
1
453
2
463
0
63
5
421
255
463
1
63
7
421
16777215
470
LINEAR
1001
ACAD
1010
0
1020
0
1030
0
  0
CIRCLE
  5
936
330
1F
100
AcDbEntity
  8
TopSolderMaskLayer
100
AcDbCircle
 10
66.90363220726431
 20
-3.5052070104140967
 30
0.0
 40
0.6132851064778342
  0
CIRCLE
  5
937
330
1F
100
AcDbEntity
  8
TopSolderMaskLayer
100
AcDbCircle
 10
66.90373380746746
 20
-3.5052070104140967
 30
0.0
 40
1.125222250444501
0
HATCH
5
938
100
AcDbEntity
8
TopSolderMaskLayer
100
AcDbHatch
10
0
20
0
30
0
210
0
220
0
230
1
2
SOLID
70
1
71
0
91
1
92
7
72
1
73
1
93
2
10
65.77851155702297
20
-3.5052070104140967
42
1
10
68.02895605791196
20
-3.5052070104140967
42
1
97
1
330

75
0
76
1
47
0.8681437583925616
98
1
10
3.629517071192367
20
33.92795499968543
450
0
451
0
460
0
461
0
452
1
462
1
453
2
463
0
63
5
421
255
463
1
63
7
421
16777215
470
LINEAR
1001
ACAD
1010
0
1020
0
1030
0
  0
CIRCLE
  5
939
330
1F
100
AcDbEntity
  8
BottomSolderMaskLayer
100
AcDbCircle
 10
66.90363220726431
 20
-3.5052070104140967
 30
0.0
 40
0.6132851064778342
  0
CIRCLE
  5
93a
330
1F
100
AcDbEntity
  8
BottomSolderMaskLayer
100
AcDbCircle
 10
66.90373380746746
 20
-3.5052070104140967
 30
0.0
 40
1.125222250444501
0
HATCH
5
93b
100
AcDbEntity
8
BottomSolderMaskLayer
100
AcDbHatch
10
0
20
0
30
0
210
0
220
0
230
1
2
SOLID
70
1
71
0
91
1
92
7
72
1
73
1
93
2
10
65.77851155702297
20
-3.5052070104140967
42
1
10
68.02895605791196
20
-3.5052070104140967
42
1
97
1
330

75
0
76
1
47
0.8681437583925616
98
1
10
3.629517071192367
20
33.92795499968543
450
0
451
0
460
0
461
0
452
1
462
1
453
2
463
0
63
5
421
255
463
1
63
7
421
16777215
470
LINEAR
1001
ACAD
1010
0
1020
0
1030
0
  0
CIRCLE
  5
93c
330
1F
100
AcDbEntity
  8
Multi-Layer
100
AcDbCircle
 10
66.90363220726431
 20
-3.5052070104140967
 30
0.0
 40
0.5994411988823978
  0
CIRCLE
  5
93d
330
1F
100
AcDbEntity
  8
Multi-Layer
100
AcDbCircle
 10
66.90373380746746
 20
-3.5052070104140967
 30
0.0
 40
1.0998221996443995
0
HATCH
5
93e
100
AcDbEntity
8
Multi-Layer
100
AcDbHatch
10
0
20
0
30
0
210
0
220
0
230
1
2
SOLID
70
1
71
0
91
1
92
7
72
1
73
1
93
2
10
65.80391160782307
20
-3.5052070104140967
42
1
10
68.00355600711185
20
-3.5052070104140967
42
1
97
1
330

75
0
76
1
47
0.8681437583925616
98
1
10
3.629517071192367
20
33.92795499968543
450
0
451
0
460
0
461
0
452
1
462
1
453
2
463
0
63
5
421
255
463
1
63
7
421
16777215
470
LINEAR
1001
ACAD
1010
0
1020
0
1030
0
  0
CIRCLE
  5
93f
330
1F
100
AcDbEntity
  8
TopSolderMaskLayer
100
AcDbCircle
 10
64.41442722885427
 20
2.4892049784100436
 30
0.0
 40
0.41070249554549937
  0
CIRCLE
  5
940
330
1F
100
AcDbEntity
  8
TopSolderMaskLayer
100
AcDbCircle
 10
64.41452882905787
 20
2.4892049784100436
 30
0.0
 40
0.8750317500635003
0
HATCH
5
941
100
AcDbEntity
8
TopSolderMaskLayer
100
AcDbHatch
10
0
20
0
30
0
210
0
220
0
230
1
2
SOLID
70
1
71
0
91
1
92
7
72
1
73
1
93
2
10
63.53949707899437
20
2.4892049784100436
42
1
10
65.28956057912137
20
2.4892049784100436
42
1
97
1
330

75
0
76
1
47
0.8681437583925616
98
1
10
3.629517071192367
20
33.92795499968543
450
0
451
0
460
0
461
0
452
1
462
1
453
2
463
0
63
5
421
255
463
1
63
7
421
16777215
470
LINEAR
1001
ACAD
1010
0
1020
0
1030
0
  0
CIRCLE
  5
942
330
1F
100
AcDbEntity
  8
BottomSolderMaskLayer
100
AcDbCircle
 10
64.41442722885427
 20
2.4892049784100436
 30
0.0
 40
0.41070249554549937
  0
CIRCLE
  5
943
330
1F
100
AcDbEntity
  8
BottomSolderMaskLayer
100
AcDbCircle
 10
64.41452882905787
 20
2.4892049784100436
 30
0.0
 40
0.8750317500635003
0
HATCH
5
944
100
AcDbEntity
8
BottomSolderMaskLayer
100
AcDbHatch
10
0
20
0
30
0
210
0
220
0
230
1
2
SOLID
70
1
71
0
91
1
92
7
72
1
73
1
93
2
10
63.53949707899437
20
2.4892049784100436
42
1
10
65.28956057912137
20
2.4892049784100436
42
1
97
1
330

75
0
76
1
47
0.8681437583925616
98
1
10
3.629517071192367
20
33.92795499968543
450
0
451
0
460
0
461
0
452
1
462
1
453
2
463
0
63
5
421
255
463
1
63
7
421
16777215
470
LINEAR
1001
ACAD
1010
0
1020
0
1030
0
  0
CIRCLE
  5
945
330
1F
100
AcDbEntity
  8
Multi-Layer
100
AcDbCircle
 10
64.41442722885427
 20
2.4892049784100436
 30
0.0
 40
0.3987807975615952
  0
CIRCLE
  5
946
330
1F
100
AcDbEntity
  8
Multi-Layer
100
AcDbCircle
 10
64.41452882905787
 20
2.4892049784100436
 30
0.0
 40
0.8496316992633987
0
HATCH
5
947
100
AcDbEntity
8
Multi-Layer
100
AcDbHatch
10
0
20
0
30
0
210
0
220
0
230
1
2
SOLID
70
1
71
0
91
1
92
7
72
1
73
1
93
2
10
63.564897129794474
20
2.4892049784100436
42
1
10
65.26416052832127
20
2.4892049784100436
42
1
97
1
330

75
0
76
1
47
0.8681437583925616
98
1
10
3.629517071192367
20
33.92795499968543
450
0
451
0
460
0
461
0
452
1
462
1
453
2
463
0
63
5
421
255
463
1
63
7
421
16777215
470
LINEAR
1001
ACAD
1010
0
1020
0
1030
0
  0
CIRCLE
  5
948
330
1F
100
AcDbEntity
  8
TopSolderMaskLayer
100
AcDbCircle
 10
64.41442722885427
 20
-2.4892049784100436
 30
0.0
 40
0.41070249554549937
  0
CIRCLE
  5
949
330
1F
100
AcDbEntity
  8
TopSolderMaskLayer
100
AcDbCircle
 10
64.41452882905787
 20
-2.4892049784100436
 30
0.0
 40
0.8750317500635003
0
HATCH
5
94a
100
AcDbEntity
8
TopSolderMaskLayer
100
AcDbHatch
10
0
20
0
30
0
210
0
220
0
230
1
2
SOLID
70
1
71
0
91
1
92
7
72
1
73
1
93
2
10
63.53949707899437
20
-2.4892049784100436
42
1
10
65.28956057912137
20
-2.4892049784100436
42
1
97
1
330

75
0
76
1
47
0.8681437583925616
98
1
10
3.629517071192367
20
33.92795499968543
450
0
451
0
460
0
461
0
452
1
462
1
453
2
463
0
63
5
421
255
463
1
63
7
421
16777215
470
LINEAR
1001
ACAD
1010
0
1020
0
1030
0
  0
CIRCLE
  5
94b
330
1F
100
AcDbEntity
  8
BottomSolderMaskLayer
100
AcDbCircle
 10
64.41442722885427
 20
-2.4892049784100436
 30
0.0
 40
0.41070249554549937
  0
CIRCLE
  5
94c
330
1F
100
AcDbEntity
  8
BottomSolderMaskLayer
100
AcDbCircle
 10
64.41452882905787
 20
-2.4892049784100436
 30
0.0
 40
0.8750317500635003
0
HATCH
5
94d
100
AcDbEntity
8
BottomSolderMaskLayer
100
AcDbHatch
10
0
20
0
30
0
210
0
220
0
230
1
2
SOLID
70
1
71
0
91
1
92
7
72
1
73
1
93
2
10
63.53949707899437
20
-2.4892049784100436
42
1
10
65.28956057912137
20
-2.4892049784100436
42
1
97
1
330

75
0
76
1
47
0.8681437583925616
98
1
10
3.629517071192367
20
33.92795499968543
450
0
451
0
460
0
461
0
452
1
462
1
453
2
463
0
63
5
421
255
463
1
63
7
421
16777215
470
LINEAR
1001
ACAD
1010
0
1020
0
1030
0
  0
CIRCLE
  5
94e
330
1F
100
AcDbEntity
  8
Multi-Layer
100
AcDbCircle
 10
64.41442722885427
 20
-2.4892049784100436
 30
0.0
 40
0.3987807975615952
  0
CIRCLE
  5
94f
330
1F
100
AcDbEntity
  8
Multi-Layer
100
AcDbCircle
 10
64.41452882905787
 20
-2.4892049784100436
 30
0.0
 40
0.8496316992633987
0
HATCH
5
950
100
AcDbEntity
8
Multi-Layer
100
AcDbHatch
10
0
20
0
30
0
210
0
220
0
230
1
2
SOLID
70
1
71
0
91
1
92
7
72
1
73
1
93
2
10
63.564897129794474
20
-2.4892049784100436
42
1
10
65.26416052832127
20
-2.4892049784100436
42
1
97
1
330

75
0
76
1
47
0.8681437583925616
98
1
10
3.629517071192367
20
33.92795499968543
450
0
451
0
460
0
461
0
452
1
462
1
453
2
463
0
63
5
421
255
463
1
63
7
421
16777215
470
LINEAR
1001
ACAD
1010
0
1020
0
1030
0
  0
CIRCLE
  5
951
330
1F
100
AcDbEntity
  8
TopSolderMaskLayer
100
AcDbCircle
 10
90.4748793497588
 20
-27.07645415290824
 30
0.0
 40
0.6132851064778342
  0
CIRCLE
  5
952
330
1F
100
AcDbEntity
  8
TopSolderMaskLayer
100
AcDbCircle
 10
90.47498094996195
 20
-27.07645415290824
 30
0.0
 40
1.125222250444501
0
HATCH
5
953
100
AcDbEntity
8
TopSolderMaskLayer
100
AcDbHatch
10
0
20
0
30
0
210
0
220
0
230
1
2
SOLID
70
1
71
0
91
1
92
7
72
1
73
1
93
2
10
89.34975869951745
20
-27.07645415290824
42
1
10
91.60020320040644
20
-27.07645415290824
42
1
97
1
330

75
0
76
1
47
0.8681437583925616
98
1
10
3.629517071192367
20
33.92795499968543
450
0
451
0
460
0
461
0
452
1
462
1
453
2
463
0
63
5
421
255
463
1
63
7
421
16777215
470
LINEAR
1001
ACAD
1010
0
1020
0
1030
0
  0
CIRCLE
  5
954
330
1F
100
AcDbEntity
  8
BottomSolderMaskLayer
100
AcDbCircle
 10
90.4748793497588
 20
-27.07645415290824
 30
0.0
 40
0.6132851064778342
  0
CIRCLE
  5
955
330
1F
100
AcDbEntity
  8
BottomSolderMaskLayer
100
AcDbCircle
 10
90.47498094996195
 20
-27.07645415290824
 30
0.0
 40
1.125222250444501
0
HATCH
5
956
100
AcDbEntity
8
BottomSolderMaskLayer
100
AcDbHatch
10
0
20
0
30
0
210
0
220
0
230
1
2
SOLID
70
1
71
0
91
1
92
7
72
1
73
1
93
2
10
89.34975869951745
20
-27.07645415290824
42
1
10
91.60020320040644
20
-27.07645415290824
42
1
97
1
330

75
0
76
1
47
0.8681437583925616
98
1
10
3.629517071192367
20
33.92795499968543
450
0
451
0
460
0
461
0
452
1
462
1
453
2
463
0
63
5
421
255
463
1
63
7
421
16777215
470
LINEAR
1001
ACAD
1010
0
1020
0
1030
0
  0
CIRCLE
  5
957
330
1F
100
AcDbEntity
  8
Multi-Layer
100
AcDbCircle
 10
90.4748793497588
 20
-27.07645415290824
 30
0.0
 40
0.5994411988823978
  0
CIRCLE
  5
958
330
1F
100
AcDbEntity
  8
Multi-Layer
100
AcDbCircle
 10
90.47498094996195
 20
-27.07645415290824
 30
0.0
 40
1.0998221996443995
0
HATCH
5
959
100
AcDbEntity
8
Multi-Layer
100
AcDbHatch
10
0
20
0
30
0
210
0
220
0
230
1
2
SOLID
70
1
71
0
91
1
92
7
72
1
73
1
93
2
10
89.37515875031755
20
-27.07645415290824
42
1
10
91.57480314960634
20
-27.07645415290824
42
1
97
1
330

75
0
76
1
47
0.8681437583925616
98
1
10
3.629517071192367
20
33.92795499968543
450
0
451
0
460
0
461
0
452
1
462
1
453
2
463
0
63
5
421
255
463
1
63
7
421
16777215
470
LINEAR
1001
ACAD
1010
0
1020
0
1030
0
  0
CIRCLE
  5
95a
330
1F
100
AcDbEntity
  8
TopSolderMaskLayer
100
AcDbCircle
 10
97.48529337058676
 20
-27.07645415290824
 30
0.0
 40
0.6132851064778342
  0
CIRCLE
  5
95b
330
1F
100
AcDbEntity
  8
TopSolderMaskLayer
100
AcDbCircle
 10
97.48539497078991
 20
-27.07645415290824
 30
0.0
 40
1.125222250444501
0
HATCH
5
95c
100
AcDbEntity
8
TopSolderMaskLayer
100
AcDbHatch
10
0
20
0
30
0
210
0
220
0
230
1
2
SOLID
70
1
71
0
91
1
92
7
72
1
73
1
93
2
10
96.36017272034542
20
-27.07645415290824
42
1
10
98.6106172212344
20
-27.07645415290824
42
1
97
1
330

75
0
76
1
47
0.8681437583925616
98
1
10
3.629517071192367
20
33.92795499968543
450
0
451
0
460
0
461
0
452
1
462
1
453
2
463
0
63
5
421
255
463
1
63
7
421
16777215
470
LINEAR
1001
ACAD
1010
0
1020
0
1030
0
  0
CIRCLE
  5
95d
330
1F
100
AcDbEntity
  8
BottomSolderMaskLayer
100
AcDbCircle
 10
97.48529337058676
 20
-27.07645415290824
 30
0.0
 40
0.6132851064778342
  0
CIRCLE
  5
95e
330
1F
100
AcDbEntity
  8
BottomSolderMaskLayer
100
AcDbCircle
 10
97.48539497078991
 20
-27.07645415290824
 30
0.0
 40
1.125222250444501
0
HATCH
5
95f
100
AcDbEntity
8
BottomSolderMaskLayer
100
AcDbHatch
10
0
20
0
30
0
210
0
220
0
230
1
2
SOLID
70
1
71
0
91
1
92
7
72
1
73
1
93
2
10
96.36017272034542
20
-27.07645415290824
42
1
10
98.6106172212344
20
-27.07645415290824
42
1
97
1
330

75
0
76
1
47
0.8681437583925616
98
1
10
3.629517071192367
20
33.92795499968543
450
0
451
0
460
0
461
0
452
1
462
1
453
2
463
0
63
5
421
255
463
1
63
7
421
16777215
470
LINEAR
1001
ACAD
1010
0
1020
0
1030
0
  0
CIRCLE
  5
960
330
1F
100
AcDbEntity
  8
Multi-Layer
100
AcDbCircle
 10
97.48529337058676
 20
-27.07645415290824
 30
0.0
 40
0.5994411988823978
  0
CIRCLE
  5
961
330
1F
100
AcDbEntity
  8
Multi-Layer
100
AcDbCircle
 10
97.48539497078991
 20
-27.07645415290824
 30
0.0
 40
1.0998221996443995
0
HATCH
5
962
100
AcDbEntity
8
Multi-Layer
100
AcDbHatch
10
0
20
0
30
0
210
0
220
0
230
1
2
SOLID
70
1
71
0
91
1
92
7
72
1
73
1
93
2
10
96.38557277114552
20
-27.07645415290824
42
1
10
98.5852171704343
20
-27.07645415290824
42
1
97
1
330

75
0
76
1
47
0.8681437583925616
98
1
10
3.629517071192367
20
33.92795499968543
450
0
451
0
460
0
461
0
452
1
462
1
453
2
463
0
63
5
421
255
463
1
63
7
421
16777215
470
LINEAR
1001
ACAD
1010
0
1020
0
1030
0
  0
CIRCLE
  5
963
330
1F
100
AcDbEntity
  8
TopSolderMaskLayer
100
AcDbCircle
 10
91.49088138176285
 20
-29.565659131318284
 30
0.0
 40
0.41070249554549937
  0
CIRCLE
  5
964
330
1F
100
AcDbEntity
  8
TopSolderMaskLayer
100
AcDbCircle
 10
91.490982981966
 20
-29.565659131318284
 30
0.0
 40
0.8750317500635003
0
HATCH
5
965
100
AcDbEntity
8
TopSolderMaskLayer
100
AcDbHatch
10
0
20
0
30
0
210
0
220
0
230
1
2
SOLID
70
1
71
0
91
1
92
7
72
1
73
1
93
2
10
90.6159512319025
20
-29.565659131318284
42
1
10
92.3660147320295
20
-29.565659131318284
42
1
97
1
330

75
0
76
1
47
0.8681437583925616
98
1
10
3.629517071192367
20
33.92795499968543
450
0
451
0
460
0
461
0
452
1
462
1
453
2
463
0
63
5
421
255
463
1
63
7
421
16777215
470
LINEAR
1001
ACAD
1010
0
1020
0
1030
0
  0
CIRCLE
  5
966
330
1F
100
AcDbEntity
  8
BottomSolderMaskLayer
100
AcDbCircle
 10
91.49088138176285
 20
-29.565659131318284
 30
0.0
 40
0.41070249554549937
  0
CIRCLE
  5
967
330
1F
100
AcDbEntity
  8
BottomSolderMaskLayer
100
AcDbCircle
 10
91.490982981966
 20
-29.565659131318284
 30
0.0
 40
0.8750317500635003
0
HATCH
5
968
100
AcDbEntity
8
BottomSolderMaskLayer
100
AcDbHatch
10
0
20
0
30
0
210
0
220
0
230
1
2
SOLID
70
1
71
0
91
1
92
7
72
1
73
1
93
2
10
90.6159512319025
20
-29.565659131318284
42
1
10
92.3660147320295
20
-29.565659131318284
42
1
97
1
330

75
0
76
1
47
0.8681437583925616
98
1
10
3.629517071192367
20
33.92795499968543
450
0
451
0
460
0
461
0
452
1
462
1
453
2
463
0
63
5
421
255
463
1
63
7
421
16777215
470
LINEAR
1001
ACAD
1010
0
1020
0
1030
0
  0
CIRCLE
  5
969
330
1F
100
AcDbEntity
  8
Multi-Layer
100
AcDbCircle
 10
91.49088138176285
 20
-29.565659131318284
 30
0.0
 40
0.3987807975615952
  0
CIRCLE
  5
96a
330
1F
100
AcDbEntity
  8
Multi-Layer
100
AcDbCircle
 10
91.490982981966
 20
-29.565659131318284
 30
0.0
 40
0.8496316992633987
0
HATCH
5
96b
100
AcDbEntity
8
Multi-Layer
100
AcDbHatch
10
0
20
0
30
0
210
0
220
0
230
1
2
SOLID
70
1
71
0
91
1
92
7
72
1
73
1
93
2
10
90.6413512827026
20
-29.565659131318284
42
1
10
92.3406146812294
20
-29.565659131318284
42
1
97
1
330

75
0
76
1
47
0.8681437583925616
98
1
10
3.629517071192367
20
33.92795499968543
450
0
451
0
460
0
461
0
452
1
462
1
453
2
463
0
63
5
421
255
463
1
63
7
421
16777215
470
LINEAR
1001
ACAD
1010
0
1020
0
1030
0
  0
CIRCLE
  5
96c
330
1F
100
AcDbEntity
  8
TopSolderMaskLayer
100
AcDbCircle
 10
96.4692913385827
 20
-29.565659131318284
 30
0.0
 40
0.41070249554549937
  0
CIRCLE
  5
96d
330
1F
100
AcDbEntity
  8
TopSolderMaskLayer
100
AcDbCircle
 10
96.46939293878586
 20
-29.565659131318284
 30
0.0
 40
0.8750317500635003
0
HATCH
5
96e
100
AcDbEntity
8
TopSolderMaskLayer
100
AcDbHatch
10
0
20
0
30
0
210
0
220
0
230
1
2
SOLID
70
1
71
0
91
1
92
7
72
1
73
1
93
2
10
95.59436118872236
20
-29.565659131318284
42
1
10
97.34442468884936
20
-29.565659131318284
42
1
97
1
330

75
0
76
1
47
0.8681437583925616
98
1
10
3.629517071192367
20
33.92795499968543
450
0
451
0
460
0
461
0
452
1
462
1
453
2
463
0
63
5
421
255
463
1
63
7
421
16777215
470
LINEAR
1001
ACAD
1010
0
1020
0
1030
0
  0
CIRCLE
  5
96f
330
1F
100
AcDbEntity
  8
BottomSolderMaskLayer
100
AcDbCircle
 10
96.4692913385827
 20
-29.565659131318284
 30
0.0
 40
0.41070249554549937
  0
CIRCLE
  5
970
330
1F
100
AcDbEntity
  8
BottomSolderMaskLayer
100
AcDbCircle
 10
96.46939293878586
 20
-29.565659131318284
 30
0.0
 40
0.8750317500635003
0
HATCH
5
971
100
AcDbEntity
8
BottomSolderMaskLayer
100
AcDbHatch
10
0
20
0
30
0
210
0
220
0
230
1
2
SOLID
70
1
71
0
91
1
92
7
72
1
73
1
93
2
10
95.59436118872236
20
-29.565659131318284
42
1
10
97.34442468884936
20
-29.565659131318284
42
1
97
1
330

75
0
76
1
47
0.8681437583925616
98
1
10
3.629517071192367
20
33.92795499968543
450
0
451
0
460
0
461
0
452
1
462
1
453
2
463
0
63
5
421
255
463
1
63
7
421
16777215
470
LINEAR
1001
ACAD
1010
0
1020
0
1030
0
  0
CIRCLE
  5
972
330
1F
100
AcDbEntity
  8
Multi-Layer
100
AcDbCircle
 10
96.4692913385827
 20
-29.565659131318284
 30
0.0
 40
0.3987807975615952
  0
CIRCLE
  5
973
330
1F
100
AcDbEntity
  8
Multi-Layer
100
AcDbCircle
 10
96.46939293878586
 20
-29.565659131318284
 30
0.0
 40
0.8496316992633987
0
HATCH
5
974
100
AcDbEntity
8
Multi-Layer
100
AcDbHatch
10
0
20
0
30
0
210
0
220
0
230
1
2
SOLID
70
1
71
0
91
1
92
7
72
1
73
1
93
2
10
95.61976123952246
20
-29.565659131318284
42
1
10
97.31902463804926
20
-29.565659131318284
42
1
97
1
330

75
0
76
1
47
0.8681437583925616
98
1
10
3.629517071192367
20
33.92795499968543
450
0
451
0
460
0
461
0
452
1
462
1
453
2
463
0
63
5
421
255
463
1
63
7
421
16777215
470
LINEAR
1001
ACAD
1010
0
1020
0
1030
0
  0
CIRCLE
  5
975
330
1F
100
AcDbEntity
  8
TopSolderMaskLayer
100
AcDbCircle
 10
121.05666751333501
 20
-3.5052070104140967
 30
0.0
 40
0.6132851064778342
  0
CIRCLE
  5
976
330
1F
100
AcDbEntity
  8
TopSolderMaskLayer
100
AcDbCircle
 10
121.0566421132844
 20
-3.5052070104140967
 30
0.0
 40
1.125222250444501
0
HATCH
5
977
100
AcDbEntity
8
TopSolderMaskLayer
100
AcDbHatch
10
0
20
0
30
0
210
0
220
0
230
1
2
SOLID
70
1
71
0
91
1
92
7
72
1
73
1
93
2
10
119.9314198628399
20
-3.5052070104140967
42
1
10
122.18186436372889
20
-3.5052070104140967
42
1
97
1
330

75
0
76
1
47
0.8681437583925616
98
1
10
3.629517071192367
20
33.92795499968543
450
0
451
0
460
0
461
0
452
1
462
1
453
2
463
0
63
5
421
255
463
1
63
7
421
16777215
470
LINEAR
1001
ACAD
1010
0
1020
0
1030
0
  0
CIRCLE
  5
978
330
1F
100
AcDbEntity
  8
BottomSolderMaskLayer
100
AcDbCircle
 10
121.05666751333501
 20
-3.5052070104140967
 30
0.0
 40
0.6132851064778342
  0
CIRCLE
  5
979
330
1F
100
AcDbEntity
  8
BottomSolderMaskLayer
100
AcDbCircle
 10
121.0566421132844
 20
-3.5052070104140967
 30
0.0
 40
1.125222250444501
0
HATCH
5
97a
100
AcDbEntity
8
BottomSolderMaskLayer
100
AcDbHatch
10
0
20
0
30
0
210
0
220
0
230
1
2
SOLID
70
1
71
0
91
1
92
7
72
1
73
1
93
2
10
119.9314198628399
20
-3.5052070104140967
42
1
10
122.18186436372889
20
-3.5052070104140967
42
1
97
1
330

75
0
76
1
47
0.8681437583925616
98
1
10
3.629517071192367
20
33.92795499968543
450
0
451
0
460
0
461
0
452
1
462
1
453
2
463
0
63
5
421
255
463
1
63
7
421
16777215
470
LINEAR
1001
ACAD
1010
0
1020
0
1030
0
  0
CIRCLE
  5
97b
330
1F
100
AcDbEntity
  8
Multi-Layer
100
AcDbCircle
 10
121.05666751333501
 20
-3.5052070104140967
 30
0.0
 40
0.5994411988823978
  0
CIRCLE
  5
97c
330
1F
100
AcDbEntity
  8
Multi-Layer
100
AcDbCircle
 10
121.0566421132844
 20
-3.5052070104140967
 30
0.0
 40
1.0998221996443995
0
HATCH
5
97d
100
AcDbEntity
8
Multi-Layer
100
AcDbHatch
10
0
20
0
30
0
210
0
220
0
230
1
2
SOLID
70
1
71
0
91
1
92
7
72
1
73
1
93
2
10
119.95681991364
20
-3.5052070104140967
42
1
10
122.15646431292879
20
-3.5052070104140967
42
1
97
1
330

75
0
76
1
47
0.8681437583925616
98
1
10
3.629517071192367
20
33.92795499968543
450
0
451
0
460
0
461
0
452
1
462
1
453
2
463
0
63
5
421
255
463
1
63
7
421
16777215
470
LINEAR
1001
ACAD
1010
0
1020
0
1030
0
  0
CIRCLE
  5
97e
330
1F
100
AcDbEntity
  8
TopSolderMaskLayer
100
AcDbCircle
 10
121.05666751333501
 20
3.5052070104140967
 30
0.0
 40
0.6132851064778342
  0
CIRCLE
  5
97f
330
1F
100
AcDbEntity
  8
TopSolderMaskLayer
100
AcDbCircle
 10
121.0566421132844
 20
3.5052070104140967
 30
0.0
 40
1.125222250444501
0
HATCH
5
980
100
AcDbEntity
8
TopSolderMaskLayer
100
AcDbHatch
10
0
20
0
30
0
210
0
220
0
230
1
2
SOLID
70
1
71
0
91
1
92
7
72
1
73
1
93
2
10
119.9314198628399
20
3.5052070104140967
42
1
10
122.18186436372889
20
3.5052070104140967
42
1
97
1
330

75
0
76
1
47
0.8681437583925616
98
1
10
3.629517071192367
20
33.92795499968543
450
0
451
0
460
0
461
0
452
1
462
1
453
2
463
0
63
5
421
255
463
1
63
7
421
16777215
470
LINEAR
1001
ACAD
1010
0
1020
0
1030
0
  0
CIRCLE
  5
981
330
1F
100
AcDbEntity
  8
BottomSolderMaskLayer
100
AcDbCircle
 10
121.05666751333501
 20
3.5052070104140967
 30
0.0
 40
0.6132851064778342
  0
CIRCLE
  5
982
330
1F
100
AcDbEntity
  8
BottomSolderMaskLayer
100
AcDbCircle
 10
121.0566421132844
 20
3.5052070104140967
 30
0.0
 40
1.125222250444501
0
HATCH
5
983
100
AcDbEntity
8
BottomSolderMaskLayer
100
AcDbHatch
10
0
20
0
30
0
210
0
220
0
230
1
2
SOLID
70
1
71
0
91
1
92
7
72
1
73
1
93
2
10
119.9314198628399
20
3.5052070104140967
42
1
10
122.18186436372889
20
3.5052070104140967
42
1
97
1
330

75
0
76
1
47
0.8681437583925616
98
1
10
3.629517071192367
20
33.92795499968543
450
0
451
0
460
0
461
0
452
1
462
1
453
2
463
0
63
5
421
255
463
1
63
7
421
16777215
470
LINEAR
1001
ACAD
1010
0
1020
0
1030
0
  0
CIRCLE
  5
984
330
1F
100
AcDbEntity
  8
Multi-Layer
100
AcDbCircle
 10
121.05666751333501
 20
3.5052070104140967
 30
0.0
 40
0.5994411988823978
  0
CIRCLE
  5
985
330
1F
100
AcDbEntity
  8
Multi-Layer
100
AcDbCircle
 10
121.0566421132844
 20
3.5052070104140967
 30
0.0
 40
1.0998221996443995
0
HATCH
5
986
100
AcDbEntity
8
Multi-Layer
100
AcDbHatch
10
0
20
0
30
0
210
0
220
0
230
1
2
SOLID
70
1
71
0
91
1
92
7
72
1
73
1
93
2
10
119.95681991364
20
3.5052070104140967
42
1
10
122.15646431292879
20
3.5052070104140967
42
1
97
1
330

75
0
76
1
47
0.8681437583925616
98
1
10
3.629517071192367
20
33.92795499968543
450
0
451
0
460
0
461
0
452
1
462
1
453
2
463
0
63
5
421
255
463
1
63
7
421
16777215
470
LINEAR
1001
ACAD
1010
0
1020
0
1030
0
  0
CIRCLE
  5
987
330
1F
100
AcDbEntity
  8
TopSolderMaskLayer
100
AcDbCircle
 10
123.54587249174506
 20
-2.4892049784100436
 30
0.0
 40
0.41070249554549937
  0
CIRCLE
  5
988
330
1F
100
AcDbEntity
  8
TopSolderMaskLayer
100
AcDbCircle
 10
123.54584709169421
 20
-2.4892049784100436
 30
0.0
 40
0.8750317500635003
0
HATCH
5
989
100
AcDbEntity
8
TopSolderMaskLayer
100
AcDbHatch
10
0
20
0
30
0
210
0
220
0
230
1
2
SOLID
70
1
71
0
91
1
92
7
72
1
73
1
93
2
10
122.67081534163071
20
-2.4892049784100436
42
1
10
124.42087884175771
20
-2.4892049784100436
42
1
97
1
330

75
0
76
1
47
0.8681437583925616
98
1
10
3.629517071192367
20
33.92795499968543
450
0
451
0
460
0
461
0
452
1
462
1
453
2
463
0
63
5
421
255
463
1
63
7
421
16777215
470
LINEAR
1001
ACAD
1010
0
1020
0
1030
0
  0
CIRCLE
  5
98a
330
1F
100
AcDbEntity
  8
BottomSolderMaskLayer
100
AcDbCircle
 10
123.54587249174506
 20
-2.4892049784100436
 30
0.0
 40
0.41070249554549937
  0
CIRCLE
  5
98b
330
1F
100
AcDbEntity
  8
BottomSolderMaskLayer
100
AcDbCircle
 10
123.54584709169421
 20
-2.4892049784100436
 30
0.0
 40
0.8750317500635003
0
HATCH
5
98c
100
AcDbEntity
8
BottomSolderMaskLayer
100
AcDbHatch
10
0
20
0
30
0
210
0
220
0
230
1
2
SOLID
70
1
71
0
91
1
92
7
72
1
73
1
93
2
10
122.67081534163071
20
-2.4892049784100436
42
1
10
124.42087884175771
20
-2.4892049784100436
42
1
97
1
330

75
0
76
1
47
0.8681437583925616
98
1
10
3.629517071192367
20
33.92795499968543
450
0
451
0
460
0
461
0
452
1
462
1
453
2
463
0
63
5
421
255
463
1
63
7
421
16777215
470
LINEAR
1001
ACAD
1010
0
1020
0
1030
0
  0
CIRCLE
  5
98d
330
1F
100
AcDbEntity
  8
Multi-Layer
100
AcDbCircle
 10
123.54587249174506
 20
-2.4892049784100436
 30
0.0
 40
0.3987807975615952
  0
CIRCLE
  5
98e
330
1F
100
AcDbEntity
  8
Multi-Layer
100
AcDbCircle
 10
123.54584709169421
 20
-2.4892049784100436
 30
0.0
 40
0.8496316992633987
0
HATCH
5
98f
100
AcDbEntity
8
Multi-Layer
100
AcDbHatch
10
0
20
0
30
0
210
0
220
0
230
1
2
SOLID
70
1
71
0
91
1
92
7
72
1
73
1
93
2
10
122.69621539243082
20
-2.4892049784100436
42
1
10
124.39547879095761
20
-2.4892049784100436
42
1
97
1
330

75
0
76
1
47
0.8681437583925616
98
1
10
3.629517071192367
20
33.92795499968543
450
0
451
0
460
0
461
0
452
1
462
1
453
2
463
0
63
5
421
255
463
1
63
7
421
16777215
470
LINEAR
1001
ACAD
1010
0
1020
0
1030
0
  0
CIRCLE
  5
990
330
1F
100
AcDbEntity
  8
TopSolderMaskLayer
100
AcDbCircle
 10
123.54587249174506
 20
2.4892049784100436
 30
0.0
 40
0.41070249554549937
  0
CIRCLE
  5
991
330
1F
100
AcDbEntity
  8
TopSolderMaskLayer
100
AcDbCircle
 10
123.54584709169421
 20
2.4892049784100436
 30
0.0
 40
0.8750317500635003
0
HATCH
5
992
100
AcDbEntity
8
TopSolderMaskLayer
100
AcDbHatch
10
0
20
0
30
0
210
0
220
0
230
1
2
SOLID
70
1
71
0
91
1
92
7
72
1
73
1
93
2
10
122.67081534163071
20
2.4892049784100436
42
1
10
124.42087884175771
20
2.4892049784100436
42
1
97
1
330

75
0
76
1
47
0.8681437583925616
98
1
10
3.629517071192367
20
33.92795499968543
450
0
451
0
460
0
461
0
452
1
462
1
453
2
463
0
63
5
421
255
463
1
63
7
421
16777215
470
LINEAR
1001
ACAD
1010
0
1020
0
1030
0
  0
CIRCLE
  5
993
330
1F
100
AcDbEntity
  8
BottomSolderMaskLayer
100
AcDbCircle
 10
123.54587249174506
 20
2.4892049784100436
 30
0.0
 40
0.41070249554549937
  0
CIRCLE
  5
994
330
1F
100
AcDbEntity
  8
BottomSolderMaskLayer
100
AcDbCircle
 10
123.54584709169421
 20
2.4892049784100436
 30
0.0
 40
0.8750317500635003
0
HATCH
5
995
100
AcDbEntity
8
BottomSolderMaskLayer
100
AcDbHatch
10
0
20
0
30
0
210
0
220
0
230
1
2
SOLID
70
1
71
0
91
1
92
7
72
1
73
1
93
2
10
122.67081534163071
20
2.4892049784100436
42
1
10
124.42087884175771
20
2.4892049784100436
42
1
97
1
330

75
0
76
1
47
0.8681437583925616
98
1
10
3.629517071192367
20
33.92795499968543
450
0
451
0
460
0
461
0
452
1
462
1
453
2
463
0
63
5
421
255
463
1
63
7
421
16777215
470
LINEAR
1001
ACAD
1010
0
1020
0
1030
0
  0
CIRCLE
  5
996
330
1F
100
AcDbEntity
  8
Multi-Layer
100
AcDbCircle
 10
123.54587249174506
 20
2.4892049784100436
 30
0.0
 40
0.3987807975615952
  0
CIRCLE
  5
997
330
1F
100
AcDbEntity
  8
Multi-Layer
100
AcDbCircle
 10
123.54584709169421
 20
2.4892049784100436
 30
0.0
 40
0.8496316992633987
0
HATCH
5
998
100
AcDbEntity
8
Multi-Layer
100
AcDbHatch
10
0
20
0
30
0
210
0
220
0
230
1
2
SOLID
70
1
71
0
91
1
92
7
72
1
73
1
93
2
10
122.69621539243082
20
2.4892049784100436
42
1
10
124.39547879095761
20
2.4892049784100436
42
1
97
1
330

75
0
76
1
47
0.8681437583925616
98
1
10
3.629517071192367
20
33.92795499968543
450
0
451
0
460
0
461
0
452
1
462
1
453
2
463
0
63
5
421
255
463
1
63
7
421
16777215
470
LINEAR
1001
ACAD
1010
0
1020
0
1030
0
0
HATCH
5
518
100
AcDbEntity
8
BottomSolderMaskLayer
100
AcDbHatch
10
0
20
0
30
0
210
0
220
0
230
1
2
SOLID
70
1
71
0
91
1
92
7
72
0
73
1
93
4
10
104.00635001270007
20
33.2874256845289
10
101.95554991109975
20
33.2874256845289
10
101.95554991109975
20
31.73662558292847
10
104.00635001270007
20
31.73662558292847
97
1
330

75
0
76
1
47
0.4128176842155181
98
1
10
34.90568961886538
20
22.81183545379326
450
0
451
0
460
0
461
0
452
1
462
1
453
2
463
0
63
5
421
255
463
1
63
7
421
16777215
470
LINEAR
1001
ACAD
1010
0
1020
0
1030
0
0
HATCH
5
51b
100
AcDbEntity
8
BottomPasteMaskLayer
100
AcDbHatch
10
0
20
0
30
0
210
0
220
0
230
1
2
SOLID
70
1
71
0
91
1
92
7
72
0
73
1
93
4
10
103.9809499618998
20
33.262026924053885
10
101.9809499618998
20
33.262026924053885
10
101.9809499618998
20
31.76202692405377
10
103.9809499618998
20
31.76202692405377
97
1
330

75
0
76
1
47
0.4128176842155181
98
1
10
34.90568961886538
20
22.81183545379326
450
0
451
0
460
0
461
0
452
1
462
1
453
2
463
0
63
5
421
255
463
1
63
7
421
16777215
470
LINEAR
1001
ACAD
1010
0
1020
0
1030
0
0
HATCH
5
51e
100
AcDbEntity
8
BottomLayer
100
AcDbHatch
10
0
20
0
30
0
210
0
220
0
230
1
2
SOLID
70
1
71
0
91
1
92
7
72
0
73
1
93
4
10
103.9809499618998
20
33.262026924053885
10
101.9809499618998
20
33.262026924053885
10
101.9809499618998
20
31.76202692405377
10
103.9809499618998
20
31.76202692405377
97
1
330

75
0
76
1
47
0.4128176842155181
98
1
10
34.90568961886538
20
22.81183545379326
450
0
451
0
460
0
461
0
452
1
462
1
453
2
463
0
63
5
421
255
463
1
63
7
421
16777215
470
LINEAR
1001
ACAD
1010
0
1020
0
1030
0
0
HATCH
5
521
100
AcDbEntity
8
BottomSolderMaskLayer
100
AcDbHatch
10
0
20
0
30
0
210
0
220
0
230
1
2
SOLID
70
1
71
0
91
1
92
7
72
0
73
1
93
4
10
104.00635001270007
20
30.747446864786184
10
101.95554991109975
20
30.747446864786184
10
101.95554991109975
20
29.19664676318598
10
104.00635001270007
20
29.19664676318598
97
1
330

75
0
76
1
47
0.4128176842155181
98
1
10
34.90568961886538
20
22.81183545379326
450
0
451
0
460
0
461
0
452
1
462
1
453
2
463
0
63
5
421
255
463
1
63
7
421
16777215
470
LINEAR
1001
ACAD
1010
0
1020
0
1030
0
0
HATCH
5
524
100
AcDbEntity
8
BottomPasteMaskLayer
100
AcDbHatch
10
0
20
0
30
0
210
0
220
0
230
1
2
SOLID
70
1
71
0
91
1
92
7
72
0
73
1
93
4
10
103.9809499618998
20
30.722047244094483
10
101.9809499618998
20
30.722047244094483
10
101.9809499618998
20
29.222047244094483
10
103.9809499618998
20
29.222047244094483
97
1
330

75
0
76
1
47
0.4128176842155181
98
1
10
34.90568961886538
20
22.81183545379326
450
0
451
0
460
0
461
0
452
1
462
1
453
2
463
0
63
5
421
255
463
1
63
7
421
16777215
470
LINEAR
1001
ACAD
1010
0
1020
0
1030
0
0
HATCH
5
527
100
AcDbEntity
8
BottomLayer
100
AcDbHatch
10
0
20
0
30
0
210
0
220
0
230
1
2
SOLID
70
1
71
0
91
1
92
7
72
0
73
1
93
4
10
103.9809499618998
20
30.722047244094483
10
101.9809499618998
20
30.722047244094483
10
101.9809499618998
20
29.222047244094483
10
103.9809499618998
20
29.222047244094483
97
1
330

75
0
76
1
47
0.4128176842155181
98
1
10
34.90568961886538
20
22.81183545379326
450
0
451
0
460
0
461
0
452
1
462
1
453
2
463
0
63
5
421
255
463
1
63
7
421
16777215
470
LINEAR
1001
ACAD
1010
0
1020
0
1030
0
0
HATCH
5
52a
100
AcDbEntity
8
BottomSolderMaskLayer
100
AcDbHatch
10
0
20
0
30
0
210
0
220
0
230
1
2
SOLID
70
1
71
0
91
1
92
7
72
0
73
1
93
4
10
104.00635001270007
20
28.207441784775938
10
101.95554991109975
20
28.207441784775938
10
101.95554991109975
20
26.65664168317585
10
104.00635001270007
20
26.65664168317585
97
1
330

75
0
76
1
47
0.4128176842155181
98
1
10
34.90568961886538
20
22.81183545379326
450
0
451
0
460
0
461
0
452
1
462
1
453
2
463
0
63
5
421
255
463
1
63
7
421
16777215
470
LINEAR
1001
ACAD
1010
0
1020
0
1030
0
0
HATCH
5
52d
100
AcDbEntity
8
BottomPasteMaskLayer
100
AcDbHatch
10
0
20
0
30
0
210
0
220
0
230
1
2
SOLID
70
1
71
0
91
1
92
7
72
0
73
1
93
4
10
103.9809499618998
20
28.18204216408435
10
101.9809499618998
20
28.18204216408435
10
101.9809499618998
20
26.68204216408435
10
103.9809499618998
20
26.68204216408435
97
1
330

75
0
76
1
47
0.4128176842155181
98
1
10
34.90568961886538
20
22.81183545379326
450
0
451
0
460
0
461
0
452
1
462
1
453
2
463
0
63
5
421
255
463
1
63
7
421
16777215
470
LINEAR
1001
ACAD
1010
0
1020
0
1030
0
0
HATCH
5
530
100
AcDbEntity
8
BottomLayer
100
AcDbHatch
10
0
20
0
30
0
210
0
220
0
230
1
2
SOLID
70
1
71
0
91
1
92
7
72
0
73
1
93
4
10
103.9809499618998
20
28.18204216408435
10
101.9809499618998
20
28.18204216408435
10
101.9809499618998
20
26.68204216408435
10
103.9809499618998
20
26.68204216408435
97
1
330

75
0
76
1
47
0.4128176842155181
98
1
10
34.90568961886538
20
22.81183545379326
450
0
451
0
460
0
461
0
452
1
462
1
453
2
463
0
63
5
421
255
463
1
63
7
421
16777215
470
LINEAR
1001
ACAD
1010
0
1020
0
1030
0
0
HATCH
5
533
100
AcDbEntity
8
BottomSolderMaskLayer
100
AcDbHatch
10
0
20
0
30
0
210
0
220
0
230
1
2
SOLID
70
1
71
0
91
1
92
7
72
0
73
1
93
4
10
104.00635001270007
20
25.667436704765805
10
101.95554991109975
20
25.667436704765805
10
101.95554991109975
20
24.116636603165716
10
104.00635001270007
20
24.116636603165716
97
1
330

75
0
76
1
47
0.4128176842155181
98
1
10
34.90568961886538
20
22.81183545379326
450
0
451
0
460
0
461
0
452
1
462
1
453
2
463
0
63
5
421
255
463
1
63
7
421
16777215
470
LINEAR
1001
ACAD
1010
0
1020
0
1030
0
0
HATCH
5
536
100
AcDbEntity
8
BottomPasteMaskLayer
100
AcDbHatch
10
0
20
0
30
0
210
0
220
0
230
1
2
SOLID
70
1
71
0
91
1
92
7
72
0
73
1
93
4
10
103.9809499618998
20
25.642037084074104
10
101.9809499618998
20
25.642037084074104
10
101.9809499618998
20
24.142037084074218
10
103.9809499618998
20
24.142037084074218
97
1
330

75
0
76
1
47
0.4128176842155181
98
1
10
34.90568961886538
20
22.81183545379326
450
0
451
0
460
0
461
0
452
1
462
1
453
2
463
0
63
5
421
255
463
1
63
7
421
16777215
470
LINEAR
1001
ACAD
1010
0
1020
0
1030
0
0
HATCH
5
539
100
AcDbEntity
8
BottomLayer
100
AcDbHatch
10
0
20
0
30
0
210
0
220
0
230
1
2
SOLID
70
1
71
0
91
1
92
7
72
0
73
1
93
4
10
103.9809499618998
20
25.642037084074104
10
101.9809499618998
20
25.642037084074104
10
101.9809499618998
20
24.142037084074218
10
103.9809499618998
20
24.142037084074218
97
1
330

75
0
76
1
47
0.4128176842155181
98
1
10
34.90568961886538
20
22.81183545379326
450
0
451
0
460
0
461
0
452
1
462
1
453
2
463
0
63
5
421
255
463
1
63
7
421
16777215
470
LINEAR
1001
ACAD
1010
0
1020
0
1030
0
0
HATCH
5
53c
100
AcDbEntity
8
BottomSolderMaskLayer
100
AcDbHatch
10
0
20
0
30
0
210
0
220
0
230
1
2
SOLID
70
1
71
0
91
1
92
7
72
0
73
1
93
4
10
104.00635001270007
20
23.127431624755673
10
101.95554991109975
20
23.127431624755673
10
101.95554991109975
20
21.576631523155584
10
104.00635001270007
20
21.576631523155584
97
1
330

75
0
76
1
47
0.4128176842155181
98
1
10
34.90568961886538
20
22.81183545379326
450
0
451
0
460
0
461
0
452
1
462
1
453
2
463
0
63
5
421
255
463
1
63
7
421
16777215
470
LINEAR
1001
ACAD
1010
0
1020
0
1030
0
0
HATCH
5
53f
100
AcDbEntity
8
BottomPasteMaskLayer
100
AcDbHatch
10
0
20
0
30
0
210
0
220
0
230
1
2
SOLID
70
1
71
0
91
1
92
7
72
0
73
1
93
4
10
103.9809499618998
20
23.10203200406397
10
101.9809499618998
20
23.10203200406397
10
101.9809499618998
20
21.60203200406397
10
103.9809499618998
20
21.60203200406397
97
1
330

75
0
76
1
47
0.4128176842155181
98
1
10
34.90568961886538
20
22.81183545379326
450
0
451
0
460
0
461
0
452
1
462
1
453
2
463
0
63
5
421
255
463
1
63
7
421
16777215
470
LINEAR
1001
ACAD
1010
0
1020
0
1030
0
0
HATCH
5
542
100
AcDbEntity
8
BottomLayer
100
AcDbHatch
10
0
20
0
30
0
210
0
220
0
230
1
2
SOLID
70
1
71
0
91
1
92
7
72
0
73
1
93
4
10
103.9809499618998
20
23.10203200406397
10
101.9809499618998
20
23.10203200406397
10
101.9809499618998
20
21.60203200406397
10
103.9809499618998
20
21.60203200406397
97
1
330

75
0
76
1
47
0.4128176842155181
98
1
10
34.90568961886538
20
22.81183545379326
450
0
451
0
460
0
461
0
452
1
462
1
453
2
463
0
63
5
421
255
463
1
63
7
421
16777215
470
LINEAR
1001
ACAD
1010
0
1020
0
1030
0
0
HATCH
5
545
100
AcDbEntity
8
BottomSolderMaskLayer
100
AcDbHatch
10
0
20
0
30
0
210
0
220
0
230
1
2
SOLID
70
1
71
0
91
1
92
7
72
0
73
1
93
4
10
104.00635001270007
20
20.58742654474554
10
101.95554991109975
20
20.58742654474554
10
101.95554991109975
20
19.036626443145337
10
104.00635001270007
20
19.036626443145337
97
1
330

75
0
76
1
47
0.4128176842155181
98
1
10
34.90568961886538
20
22.81183545379326
450
0
451
0
460
0
461
0
452
1
462
1
453
2
463
0
63
5
421
255
463
1
63
7
421
16777215
470
LINEAR
1001
ACAD
1010
0
1020
0
1030
0
0
HATCH
5
548
100
AcDbEntity
8
BottomPasteMaskLayer
100
AcDbHatch
10
0
20
0
30
0
210
0
220
0
230
1
2
SOLID
70
1
71
0
91
1
92
7
72
0
73
1
93
4
10
103.9809499618998
20
20.56202692405384
10
101.9809499618998
20
20.56202692405384
10
101.9809499618998
20
19.06202692405384
10
103.9809499618998
20
19.06202692405384
97
1
330

75
0
76
1
47
0.4128176842155181
98
1
10
34.90568961886538
20
22.81183545379326
450
0
451
0
460
0
461
0
452
1
462
1
453
2
463
0
63
5
421
255
463
1
63
7
421
16777215
470
LINEAR
1001
ACAD
1010
0
1020
0
1030
0
0
HATCH
5
54b
100
AcDbEntity
8
BottomLayer
100
AcDbHatch
10
0
20
0
30
0
210
0
220
0
230
1
2
SOLID
70
1
71
0
91
1
92
7
72
0
73
1
93
4
10
103.9809499618998
20
20.56202692405384
10
101.9809499618998
20
20.56202692405384
10
101.9809499618998
20
19.06202692405384
10
103.9809499618998
20
19.06202692405384
97
1
330

75
0
76
1
47
0.4128176842155181
98
1
10
34.90568961886538
20
22.81183545379326
450
0
451
0
460
0
461
0
452
1
462
1
453
2
463
0
63
5
421
255
463
1
63
7
421
16777215
470
LINEAR
1001
ACAD
1010
0
1020
0
1030
0
0
HATCH
5
54e
100
AcDbEntity
8
BottomSolderMaskLayer
100
AcDbHatch
10
0
20
0
30
0
210
0
220
0
230
1
2
SOLID
70
1
71
0
91
1
92
7
72
0
73
1
93
4
10
104.00635001270007
20
18.04744772500294
10
101.95554991109975
20
18.04744772500294
10
101.95554991109975
20
16.49667388367027
10
104.00635001270007
20
16.49667388367027
97
1
330

75
0
76
1
47
0.4128176842155181
98
1
10
34.90568961886538
20
22.81183545379326
450
0
451
0
460
0
461
0
452
1
462
1
453
2
463
0
63
5
421
255
463
1
63
7
421
16777215
470
LINEAR
1001
ACAD
1010
0
1020
0
1030
0
0
HATCH
5
551
100
AcDbEntity
8
BottomPasteMaskLayer
100
AcDbHatch
10
0
20
0
30
0
210
0
220
0
230
1
2
SOLID
70
1
71
0
91
1
92
7
72
0
73
1
93
4
10
103.9809499618998
20
18.02204724409455
10
101.9809499618998
20
18.02204724409455
10
101.9809499618998
20
16.522072644145283
10
103.9809499618998
20
16.522072644145283
97
1
330

75
0
76
1
47
0.4128176842155181
98
1
10
34.90568961886538
20
22.81183545379326
450
0
451
0
460
0
461
0
452
1
462
1
453
2
463
0
63
5
421
255
463
1
63
7
421
16777215
470
LINEAR
1001
ACAD
1010
0
1020
0
1030
0
0
HATCH
5
554
100
AcDbEntity
8
BottomLayer
100
AcDbHatch
10
0
20
0
30
0
210
0
220
0
230
1
2
SOLID
70
1
71
0
91
1
92
7
72
0
73
1
93
4
10
103.9809499618998
20
18.02204724409455
10
101.9809499618998
20
18.02204724409455
10
101.9809499618998
20
16.522072644145283
10
103.9809499618998
20
16.522072644145283
97
1
330

75
0
76
1
47
0.4128176842155181
98
1
10
34.90568961886538
20
22.81183545379326
450
0
451
0
460
0
461
0
452
1
462
1
453
2
463
0
63
5
421
255
463
1
63
7
421
16777215
470
LINEAR
1001
ACAD
1010
0
1020
0
1030
0
0
HATCH
5
557
100
AcDbEntity
8
BottomSolderMaskLayer
100
AcDbHatch
10
0
20
0
30
0
210
0
220
0
230
1
2
SOLID
70
1
71
0
91
1
92
7
72
0
73
1
93
4
10
104.00635001270007
20
15.507442644992807
10
101.95554991109975
20
15.507442644992807
10
101.95554991109975
20
13.956668803660136
10
104.00635001270007
20
13.956668803660136
97
1
330

75
0
76
1
47
0.4128176842155181
98
1
10
34.90568961886538
20
22.81183545379326
450
0
451
0
460
0
461
0
452
1
462
1
453
2
463
0
63
5
421
255
463
1
63
7
421
16777215
470
LINEAR
1001
ACAD
1010
0
1020
0
1030
0
0
HATCH
5
55a
100
AcDbEntity
8
BottomPasteMaskLayer
100
AcDbHatch
10
0
20
0
30
0
210
0
220
0
230
1
2
SOLID
70
1
71
0
91
1
92
7
72
0
73
1
93
4
10
103.9809499618998
20
15.482042164084305
10
101.9809499618998
20
15.482042164084305
10
101.9809499618998
20
13.98206756413515
10
103.9809499618998
20
13.98206756413515
97
1
330

75
0
76
1
47
0.4128176842155181
98
1
10
34.90568961886538
20
22.81183545379326
450
0
451
0
460
0
461
0
452
1
462
1
453
2
463
0
63
5
421
255
463
1
63
7
421
16777215
470
LINEAR
1001
ACAD
1010
0
1020
0
1030
0
0
HATCH
5
55d
100
AcDbEntity
8
BottomLayer
100
AcDbHatch
10
0
20
0
30
0
210
0
220
0
230
1
2
SOLID
70
1
71
0
91
1
92
7
72
0
73
1
93
4
10
103.9809499618998
20
15.482042164084305
10
101.9809499618998
20
15.482042164084305
10
101.9809499618998
20
13.98206756413515
10
103.9809499618998
20
13.98206756413515
97
1
330

75
0
76
1
47
0.4128176842155181
98
1
10
34.90568961886538
20
22.81183545379326
450
0
451
0
460
0
461
0
452
1
462
1
453
2
463
0
63
5
421
255
463
1
63
7
421
16777215
470
LINEAR
1001
ACAD
1010
0
1020
0
1030
0
0
HATCH
5
560
100
AcDbEntity
8
BottomSolderMaskLayer
100
AcDbHatch
10
0
20
0
30
0
210
0
220
0
230
1
2
SOLID
70
1
71
0
91
1
92
7
72
0
73
1
93
4
10
86.00635001270007
20
15.507442644992807
10
83.95554991109975
20
15.507442644992807
10
83.95554991109975
20
13.956668803660136
10
86.00635001270007
20
13.956668803660136
97
1
330

75
0
76
1
47
0.4128176842155181
98
1
10
34.90568961886538
20
22.81183545379326
450
0
451
0
460
0
461
0
452
1
462
1
453
2
463
0
63
5
421
255
463
1
63
7
421
16777215
470
LINEAR
1001
ACAD
1010
0
1020
0
1030
0
0
HATCH
5
563
100
AcDbEntity
8
BottomPasteMaskLayer
100
AcDbHatch
10
0
20
0
30
0
210
0
220
0
230
1
2
SOLID
70
1
71
0
91
1
92
7
72
0
73
1
93
4
10
85.9809499618998
20
15.482042164084305
10
83.9809499618998
20
15.482042164084305
10
83.9809499618998
20
13.98206756413515
10
85.9809499618998
20
13.98206756413515
97
1
330

75
0
76
1
47
0.4128176842155181
98
1
10
34.90568961886538
20
22.81183545379326
450
0
451
0
460
0
461
0
452
1
462
1
453
2
463
0
63
5
421
255
463
1
63
7
421
16777215
470
LINEAR
1001
ACAD
1010
0
1020
0
1030
0
0
HATCH
5
566
100
AcDbEntity
8
BottomLayer
100
AcDbHatch
10
0
20
0
30
0
210
0
220
0
230
1
2
SOLID
70
1
71
0
91
1
92
7
72
0
73
1
93
4
10
85.9809499618998
20
15.482042164084305
10
83.9809499618998
20
15.482042164084305
10
83.9809499618998
20
13.98206756413515
10
85.9809499618998
20
13.98206756413515
97
1
330

75
0
76
1
47
0.4128176842155181
98
1
10
34.90568961886538
20
22.81183545379326
450
0
451
0
460
0
461
0
452
1
462
1
453
2
463
0
63
5
421
255
463
1
63
7
421
16777215
470
LINEAR
1001
ACAD
1010
0
1020
0
1030
0
0
HATCH
5
569
100
AcDbEntity
8
BottomSolderMaskLayer
100
AcDbHatch
10
0
20
0
30
0
210
0
220
0
230
1
2
SOLID
70
1
71
0
91
1
92
7
72
0
73
1
93
4
10
86.00635001270007
20
18.04744772500294
10
83.95554991109975
20
18.04744772500294
10
83.95554991109975
20
16.49667388367027
10
86.00635001270007
20
16.49667388367027
97
1
330

75
0
76
1
47
0.4128176842155181
98
1
10
34.90568961886538
20
22.81183545379326
450
0
451
0
460
0
461
0
452
1
462
1
453
2
463
0
63
5
421
255
463
1
63
7
421
16777215
470
LINEAR
1001
ACAD
1010
0
1020
0
1030
0
0
HATCH
5
56c
100
AcDbEntity
8
BottomPasteMaskLayer
100
AcDbHatch
10
0
20
0
30
0
210
0
220
0
230
1
2
SOLID
70
1
71
0
91
1
92
7
72
0
73
1
93
4
10
85.9809499618998
20
18.02204724409455
10
83.9809499618998
20
18.02204724409455
10
83.9809499618998
20
16.522072644145283
10
85.9809499618998
20
16.522072644145283
97
1
330

75
0
76
1
47
0.4128176842155181
98
1
10
34.90568961886538
20
22.81183545379326
450
0
451
0
460
0
461
0
452
1
462
1
453
2
463
0
63
5
421
255
463
1
63
7
421
16777215
470
LINEAR
1001
ACAD
1010
0
1020
0
1030
0
0
HATCH
5
56f
100
AcDbEntity
8
BottomLayer
100
AcDbHatch
10
0
20
0
30
0
210
0
220
0
230
1
2
SOLID
70
1
71
0
91
1
92
7
72
0
73
1
93
4
10
85.9809499618998
20
18.02204724409455
10
83.9809499618998
20
18.02204724409455
10
83.9809499618998
20
16.522072644145283
10
85.9809499618998
20
16.522072644145283
97
1
330

75
0
76
1
47
0.4128176842155181
98
1
10
34.90568961886538
20
22.81183545379326
450
0
451
0
460
0
461
0
452
1
462
1
453
2
463
0
63
5
421
255
463
1
63
7
421
16777215
470
LINEAR
1001
ACAD
1010
0
1020
0
1030
0
0
HATCH
5
572
100
AcDbEntity
8
BottomSolderMaskLayer
100
AcDbHatch
10
0
20
0
30
0
210
0
220
0
230
1
2
SOLID
70
1
71
0
91
1
92
7
72
0
73
1
93
4
10
86.00635001270007
20
20.58742654474554
10
83.95554991109975
20
20.58742654474554
10
83.95554991109975
20
19.036626443145337
10
86.00635001270007
20
19.036626443145337
97
1
330

75
0
76
1
47
0.4128176842155181
98
1
10
34.90568961886538
20
22.81183545379326
450
0
451
0
460
0
461
0
452
1
462
1
453
2
463
0
63
5
421
255
463
1
63
7
421
16777215
470
LINEAR
1001
ACAD
1010
0
1020
0
1030
0
0
HATCH
5
575
100
AcDbEntity
8
BottomPasteMaskLayer
100
AcDbHatch
10
0
20
0
30
0
210
0
220
0
230
1
2
SOLID
70
1
71
0
91
1
92
7
72
0
73
1
93
4
10
85.9809499618998
20
20.56202692405384
10
83.9809499618998
20
20.56202692405384
10
83.9809499618998
20
19.06202692405384
10
85.9809499618998
20
19.06202692405384
97
1
330

75
0
76
1
47
0.4128176842155181
98
1
10
34.90568961886538
20
22.81183545379326
450
0
451
0
460
0
461
0
452
1
462
1
453
2
463
0
63
5
421
255
463
1
63
7
421
16777215
470
LINEAR
1001
ACAD
1010
0
1020
0
1030
0
0
HATCH
5
578
100
AcDbEntity
8
BottomLayer
100
AcDbHatch
10
0
20
0
30
0
210
0
220
0
230
1
2
SOLID
70
1
71
0
91
1
92
7
72
0
73
1
93
4
10
85.9809499618998
20
20.56202692405384
10
83.9809499618998
20
20.56202692405384
10
83.9809499618998
20
19.06202692405384
10
85.9809499618998
20
19.06202692405384
97
1
330

75
0
76
1
47
0.4128176842155181
98
1
10
34.90568961886538
20
22.81183545379326
450
0
451
0
460
0
461
0
452
1
462
1
453
2
463
0
63
5
421
255
463
1
63
7
421
16777215
470
LINEAR
1001
ACAD
1010
0
1020
0
1030
0
0
HATCH
5
57b
100
AcDbEntity
8
BottomSolderMaskLayer
100
AcDbHatch
10
0
20
0
30
0
210
0
220
0
230
1
2
SOLID
70
1
71
0
91
1
92
7
72
0
73
1
93
4
10
86.00635001270007
20
23.127431624755673
10
83.95554991109975
20
23.127431624755673
10
83.95554991109975
20
21.576631523155584
10
86.00635001270007
20
21.576631523155584
97
1
330

75
0
76
1
47
0.4128176842155181
98
1
10
34.90568961886538
20
22.81183545379326
450
0
451
0
460
0
461
0
452
1
462
1
453
2
463
0
63
5
421
255
463
1
63
7
421
16777215
470
LINEAR
1001
ACAD
1010
0
1020
0
1030
0
0
HATCH
5
57e
100
AcDbEntity
8
BottomPasteMaskLayer
100
AcDbHatch
10
0
20
0
30
0
210
0
220
0
230
1
2
SOLID
70
1
71
0
91
1
92
7
72
0
73
1
93
4
10
85.9809499618998
20
23.10203200406397
10
83.9809499618998
20
23.10203200406397
10
83.9809499618998
20
21.60203200406397
10
85.9809499618998
20
21.60203200406397
97
1
330

75
0
76
1
47
0.4128176842155181
98
1
10
34.90568961886538
20
22.81183545379326
450
0
451
0
460
0
461
0
452
1
462
1
453
2
463
0
63
5
421
255
463
1
63
7
421
16777215
470
LINEAR
1001
ACAD
1010
0
1020
0
1030
0
0
HATCH
5
581
100
AcDbEntity
8
BottomLayer
100
AcDbHatch
10
0
20
0
30
0
210
0
220
0
230
1
2
SOLID
70
1
71
0
91
1
92
7
72
0
73
1
93
4
10
85.9809499618998
20
23.10203200406397
10
83.9809499618998
20
23.10203200406397
10
83.9809499618998
20
21.60203200406397
10
85.9809499618998
20
21.60203200406397
97
1
330

75
0
76
1
47
0.4128176842155181
98
1
10
34.90568961886538
20
22.81183545379326
450
0
451
0
460
0
461
0
452
1
462
1
453
2
463
0
63
5
421
255
463
1
63
7
421
16777215
470
LINEAR
1001
ACAD
1010
0
1020
0
1030
0
0
HATCH
5
584
100
AcDbEntity
8
BottomSolderMaskLayer
100
AcDbHatch
10
0
20
0
30
0
210
0
220
0
230
1
2
SOLID
70
1
71
0
91
1
92
7
72
0
73
1
93
4
10
86.00635001270007
20
25.667436704765805
10
83.95554991109975
20
25.667436704765805
10
83.95554991109975
20
24.116636603165716
10
86.00635001270007
20
24.116636603165716
97
1
330

75
0
76
1
47
0.4128176842155181
98
1
10
34.90568961886538
20
22.81183545379326
450
0
451
0
460
0
461
0
452
1
462
1
453
2
463
0
63
5
421
255
463
1
63
7
421
16777215
470
LINEAR
1001
ACAD
1010
0
1020
0
1030
0
0
HATCH
5
587
100
AcDbEntity
8
BottomPasteMaskLayer
100
AcDbHatch
10
0
20
0
30
0
210
0
220
0
230
1
2
SOLID
70
1
71
0
91
1
92
7
72
0
73
1
93
4
10
85.9809499618998
20
25.642037084074104
10
83.9809499618998
20
25.642037084074104
10
83.9809499618998
20
24.142037084074218
10
85.9809499618998
20
24.142037084074218
97
1
330

75
0
76
1
47
0.4128176842155181
98
1
10
34.90568961886538
20
22.81183545379326
450
0
451
0
460
0
461
0
452
1
462
1
453
2
463
0
63
5
421
255
463
1
63
7
421
16777215
470
LINEAR
1001
ACAD
1010
0
1020
0
1030
0
0
HATCH
5
58a
100
AcDbEntity
8
BottomLayer
100
AcDbHatch
10
0
20
0
30
0
210
0
220
0
230
1
2
SOLID
70
1
71
0
91
1
92
7
72
0
73
1
93
4
10
85.9809499618998
20
25.642037084074104
10
83.9809499618998
20
25.642037084074104
10
83.9809499618998
20
24.142037084074218
10
85.9809499618998
20
24.142037084074218
97
1
330

75
0
76
1
47
0.4128176842155181
98
1
10
34.90568961886538
20
22.81183545379326
450
0
451
0
460
0
461
0
452
1
462
1
453
2
463
0
63
5
421
255
463
1
63
7
421
16777215
470
LINEAR
1001
ACAD
1010
0
1020
0
1030
0
0
HATCH
5
58d
100
AcDbEntity
8
BottomSolderMaskLayer
100
AcDbHatch
10
0
20
0
30
0
210
0
220
0
230
1
2
SOLID
70
1
71
0
91
1
92
7
72
0
73
1
93
4
10
86.00635001270007
20
28.207441784775938
10
83.95554991109975
20
28.207441784775938
10
83.95554991109975
20
26.65664168317585
10
86.00635001270007
20
26.65664168317585
97
1
330

75
0
76
1
47
0.4128176842155181
98
1
10
34.90568961886538
20
22.81183545379326
450
0
451
0
460
0
461
0
452
1
462
1
453
2
463
0
63
5
421
255
463
1
63
7
421
16777215
470
LINEAR
1001
ACAD
1010
0
1020
0
1030
0
0
HATCH
5
590
100
AcDbEntity
8
BottomPasteMaskLayer
100
AcDbHatch
10
0
20
0
30
0
210
0
220
0
230
1
2
SOLID
70
1
71
0
91
1
92
7
72
0
73
1
93
4
10
85.9809499618998
20
28.18204216408435
10
83.9809499618998
20
28.18204216408435
10
83.9809499618998
20
26.68204216408435
10
85.9809499618998
20
26.68204216408435
97
1
330

75
0
76
1
47
0.4128176842155181
98
1
10
34.90568961886538
20
22.81183545379326
450
0
451
0
460
0
461
0
452
1
462
1
453
2
463
0
63
5
421
255
463
1
63
7
421
16777215
470
LINEAR
1001
ACAD
1010
0
1020
0
1030
0
0
HATCH
5
593
100
AcDbEntity
8
BottomLayer
100
AcDbHatch
10
0
20
0
30
0
210
0
220
0
230
1
2
SOLID
70
1
71
0
91
1
92
7
72
0
73
1
93
4
10
85.9809499618998
20
28.18204216408435
10
83.9809499618998
20
28.18204216408435
10
83.9809499618998
20
26.68204216408435
10
85.9809499618998
20
26.68204216408435
97
1
330

75
0
76
1
47
0.4128176842155181
98
1
10
34.90568961886538
20
22.81183545379326
450
0
451
0
460
0
461
0
452
1
462
1
453
2
463
0
63
5
421
255
463
1
63
7
421
16777215
470
LINEAR
1001
ACAD
1010
0
1020
0
1030
0
0
HATCH
5
596
100
AcDbEntity
8
BottomSolderMaskLayer
100
AcDbHatch
10
0
20
0
30
0
210
0
220
0
230
1
2
SOLID
70
1
71
0
91
1
92
7
72
0
73
1
93
4
10
86.00635001270007
20
30.747446864786184
10
83.95554991109975
20
30.747446864786184
10
83.95554991109975
20
29.19664676318598
10
86.00635001270007
20
29.19664676318598
97
1
330

75
0
76
1
47
0.4128176842155181
98
1
10
34.90568961886538
20
22.81183545379326
450
0
451
0
460
0
461
0
452
1
462
1
453
2
463
0
63
5
421
255
463
1
63
7
421
16777215
470
LINEAR
1001
ACAD
1010
0
1020
0
1030
0
0
HATCH
5
599
100
AcDbEntity
8
BottomPasteMaskLayer
100
AcDbHatch
10
0
20
0
30
0
210
0
220
0
230
1
2
SOLID
70
1
71
0
91
1
92
7
72
0
73
1
93
4
10
85.9809499618998
20
30.722047244094483
10
83.9809499618998
20
30.722047244094483
10
83.9809499618998
20
29.222047244094483
10
85.9809499618998
20
29.222047244094483
97
1
330

75
0
76
1
47
0.4128176842155181
98
1
10
34.90568961886538
20
22.81183545379326
450
0
451
0
460
0
461
0
452
1
462
1
453
2
463
0
63
5
421
255
463
1
63
7
421
16777215
470
LINEAR
1001
ACAD
1010
0
1020
0
1030
0
0
HATCH
5
59c
100
AcDbEntity
8
BottomLayer
100
AcDbHatch
10
0
20
0
30
0
210
0
220
0
230
1
2
SOLID
70
1
71
0
91
1
92
7
72
0
73
1
93
4
10
85.9809499618998
20
30.722047244094483
10
83.9809499618998
20
30.722047244094483
10
83.9809499618998
20
29.222047244094483
10
85.9809499618998
20
29.222047244094483
97
1
330

75
0
76
1
47
0.4128176842155181
98
1
10
34.90568961886538
20
22.81183545379326
450
0
451
0
460
0
461
0
452
1
462
1
453
2
463
0
63
5
421
255
463
1
63
7
421
16777215
470
LINEAR
1001
ACAD
1010
0
1020
0
1030
0
0
HATCH
5
59f
100
AcDbEntity
8
BottomSolderMaskLayer
100
AcDbHatch
10
0
20
0
30
0
210
0
220
0
230
1
2
SOLID
70
1
71
0
91
1
92
7
72
0
73
1
93
4
10
86.00635001270007
20
33.2874256845289
10
83.95554991109975
20
33.2874256845289
10
83.95554991109975
20
31.73662558292847
10
86.00635001270007
20
31.73662558292847
97
1
330

75
0
76
1
47
0.4128176842155181
98
1
10
34.90568961886538
20
22.81183545379326
450
0
451
0
460
0
461
0
452
1
462
1
453
2
463
0
63
5
421
255
463
1
63
7
421
16777215
470
LINEAR
1001
ACAD
1010
0
1020
0
1030
0
0
HATCH
5
5a2
100
AcDbEntity
8
BottomPasteMaskLayer
100
AcDbHatch
10
0
20
0
30
0
210
0
220
0
230
1
2
SOLID
70
1
71
0
91
1
92
7
72
0
73
1
93
4
10
85.9809499618998
20
33.262026924053885
10
83.9809499618998
20
33.262026924053885
10
83.9809499618998
20
31.76202692405377
10
85.9809499618998
20
31.76202692405377
97
1
330

75
0
76
1
47
0.4128176842155181
98
1
10
34.90568961886538
20
22.81183545379326
450
0
451
0
460
0
461
0
452
1
462
1
453
2
463
0
63
5
421
255
463
1
63
7
421
16777215
470
LINEAR
1001
ACAD
1010
0
1020
0
1030
0
0
HATCH
5
5a5
100
AcDbEntity
8
BottomLayer
100
AcDbHatch
10
0
20
0
30
0
210
0
220
0
230
1
2
SOLID
70
1
71
0
91
1
92
7
72
0
73
1
93
4
10
85.9809499618998
20
33.262026924053885
10
83.9809499618998
20
33.262026924053885
10
83.9809499618998
20
31.76202692405377
10
85.9809499618998
20
31.76202692405377
97
1
330

75
0
76
1
47
0.4128176842155181
98
1
10
34.90568961886538
20
22.81183545379326
450
0
451
0
460
0
461
0
452
1
462
1
453
2
463
0
63
5
421
255
463
1
63
7
421
16777215
470
LINEAR
1001
ACAD
1010
0
1020
0
1030
0
  0
CIRCLE
  5
648
330
1F
100
AcDbEntity
  8
TopSolderMaskLayer
100
AcDbCircle
 10
78.23225806451615
 20
2.5399796799592878
 30
0.0
 40
0.39314933121750417
0
HATCH
5
64e
100
AcDbEntity
8
TopSolderMaskLayer
100
AcDbHatch
10
0
20
0
30
0
210
0
220
0
230
1
2
SOLID
70
1
71
0
91
1
92
7
72
1
73
1
93
4
10
78.7825628651258
20
2.823729795846589
42
-0.7853981633974483
10
77.68175006350019
20
2.823729795846589
42
0
10
77.68175006350019
20
2.25628036417379
42
-0.7853981633974483
10
78.7825628651258
20
2.25628036417379
42
0
97
1
330

75
0
76
1
47
0.4128176842155181
98
1
10
34.90568961886538
20
22.81183545379326
450
0
451
0
460
0
461
0
452
1
462
1
453
2
463
0
63
5
421
255
463
1
63
7
421
16777215
470
LINEAR
1001
ACAD
1010
0
1020
0
1030
0
  0
CIRCLE
  5
64f
330
1F
100
AcDbEntity
  8
BottomSolderMaskLayer
100
AcDbCircle
 10
78.23225806451615
 20
2.5399796799592878
 30
0.0
 40
0.39314933121750417
0
HATCH
5
655
100
AcDbEntity
8
BottomSolderMaskLayer
100
AcDbHatch
10
0
20
0
30
0
210
0
220
0
230
1
2
SOLID
70
1
71
0
91
1
92
7
72
1
73
1
93
4
10
78.7825628651258
20
2.823729795846589
42
-0.7853981633974483
10
77.68175006350019
20
2.823729795846589
42
0
10
77.68175006350019
20
2.25628036417379
42
-0.7853981633974483
10
78.7825628651258
20
2.25628036417379
42
0
97
1
330

75
0
76
1
47
0.4128176842155181
98
1
10
34.90568961886538
20
22.81183545379326
450
0
451
0
460
0
461
0
452
1
462
1
453
2
463
0
63
5
421
255
463
1
63
7
421
16777215
470
LINEAR
1001
ACAD
1010
0
1020
0
1030
0
  0
CIRCLE
  5
656
330
1F
100
AcDbEntity
  8
Multi-Layer
100
AcDbCircle
 10
78.23225806451615
 20
2.5399796799592878
 30
0.0
 40
0.37500635001270005
0
HATCH
5
65c
100
AcDbEntity
8
Multi-Layer
100
AcDbHatch
10
0
20
0
30
0
210
0
220
0
230
1
2
SOLID
70
1
71
0
91
1
92
7
72
1
73
1
93
4
10
78.7571628143257
20
2.8149987299974555
42
-0.7853981633974483
10
77.70715011430029
20
2.8149987299974555
42
0
10
77.70715011430029
20
2.2650114300229234
42
-0.7853981633974483
10
78.7571628143257
20
2.2650114300229234
42
0
97
1
330

75
0
76
1
47
0.4128176842155181
98
1
10
34.90568961886538
20
22.81183545379326
450
0
451
0
460
0
461
0
452
1
462
1
453
2
463
0
63
5
421
255
463
1
63
7
421
16777215
470
LINEAR
1001
ACAD
1010
0
1020
0
1030
0
  0
CIRCLE
  5
65d
330
1F
100
AcDbEntity
  8
TopSolderMaskLayer
100
AcDbCircle
 10
79.5022606045211
 20
2.5399796799592878
 30
0.0
 40
0.39314933121750417
0
HATCH
5
663
100
AcDbEntity
8
TopSolderMaskLayer
100
AcDbHatch
10
0
20
0
30
0
210
0
220
0
230
1
2
SOLID
70
1
71
0
91
1
92
7
72
1
73
1
93
4
10
80.05256540513075
20
2.823729795846589
42
-0.7853981633974483
10
78.95175260350514
20
2.823729795846589
42
0
10
78.95175260350514
20
2.25628036417379
42
-0.7853981633974483
10
80.05256540513075
20
2.25628036417379
42
0
97
1
330

75
0
76
1
47
0.4128176842155181
98
1
10
34.90568961886538
20
22.81183545379326
450
0
451
0
460
0
461
0
452
1
462
1
453
2
463
0
63
5
421
255
463
1
63
7
421
16777215
470
LINEAR
1001
ACAD
1010
0
1020
0
1030
0
  0
CIRCLE
  5
664
330
1F
100
AcDbEntity
  8
BottomSolderMaskLayer
100
AcDbCircle
 10
79.5022606045211
 20
2.5399796799592878
 30
0.0
 40
0.39314933121750417
0
HATCH
5
66a
100
AcDbEntity
8
BottomSolderMaskLayer
100
AcDbHatch
10
0
20
0
30
0
210
0
220
0
230
1
2
SOLID
70
1
71
0
91
1
92
7
72
1
73
1
93
4
10
80.05256540513075
20
2.823729795846589
42
-0.7853981633974483
10
78.95175260350514
20
2.823729795846589
42
0
10
78.95175260350514
20
2.25628036417379
42
-0.7853981633974483
10
80.05256540513075
20
2.25628036417379
42
0
97
1
330

75
0
76
1
47
0.4128176842155181
98
1
10
34.90568961886538
20
22.81183545379326
450
0
451
0
460
0
461
0
452
1
462
1
453
2
463
0
63
5
421
255
463
1
63
7
421
16777215
470
LINEAR
1001
ACAD
1010
0
1020
0
1030
0
  0
CIRCLE
  5
66b
330
1F
100
AcDbEntity
  8
Multi-Layer
100
AcDbCircle
 10
79.5022606045211
 20
2.5399796799592878
 30
0.0
 40
0.37500635001270005
0
HATCH
5
671
100
AcDbEntity
8
Multi-Layer
100
AcDbHatch
10
0
20
0
30
0
210
0
220
0
230
1
2
SOLID
70
1
71
0
91
1
92
7
72
1
73
1
93
4
10
80.02716535433065
20
2.8149987299974555
42
-0.7853981633974483
10
78.97715265430524
20
2.8149987299974555
42
0
10
78.97715265430524
20
2.2650114300229234
42
-0.7853981633974483
10
80.02716535433065
20
2.2650114300229234
42
0
97
1
330

75
0
76
1
47
0.4128176842155181
98
1
10
34.90568961886538
20
22.81183545379326
450
0
451
0
460
0
461
0
452
1
462
1
453
2
463
0
63
5
421
255
463
1
63
7
421
16777215
470
LINEAR
1001
ACAD
1010
0
1020
0
1030
0
  0
CIRCLE
  5
672
330
1F
100
AcDbEntity
  8
TopSolderMaskLayer
100
AcDbCircle
 10
80.77226314452628
 20
2.5399796799592878
 30
0.0
 40
0.39314933121750417
0
HATCH
5
674
100
AcDbEntity
8
TopSolderMaskLayer
100
AcDbHatch
10
0
20
0
30
0
210
0
220
0
230
1
2
SOLID
70
1
71
0
91
1
92
7
72
0
73
1
93
4
10
81.32255463067713
20
3.3654051308102453
10
80.22176845796889
20
3.3654051308102453
10
80.22176845796889
20
1.71460502921002
10
81.32255463067713
20
1.71460502921002
97
1
330

75
0
76
1
47
0.4128176842155181
98
1
10
34.90568961886538
20
22.81183545379326
450
0
451
0
460
0
461
0
452
1
462
1
453
2
463
0
63
5
421
255
463
1
63
7
421
16777215
470
LINEAR
1001
ACAD
1010
0
1020
0
1030
0
  0
CIRCLE
  5
675
330
1F
100
AcDbEntity
  8
BottomSolderMaskLayer
100
AcDbCircle
 10
80.77226314452628
 20
2.5399796799592878
 30
0.0
 40
0.39314933121750417
0
HATCH
5
677
100
AcDbEntity
8
BottomSolderMaskLayer
100
AcDbHatch
10
0
20
0
30
0
210
0
220
0
230
1
2
SOLID
70
1
71
0
91
1
92
7
72
0
73
1
93
4
10
81.32255463067713
20
3.3654051308102453
10
80.22176845796889
20
3.3654051308102453
10
80.22176845796889
20
1.71460502921002
10
81.32255463067713
20
1.71460502921002
97
1
330

75
0
76
1
47
0.4128176842155181
98
1
10
34.90568961886538
20
22.81183545379326
450
0
451
0
460
0
461
0
452
1
462
1
453
2
463
0
63
5
421
255
463
1
63
7
421
16777215
470
LINEAR
1001
ACAD
1010
0
1020
0
1030
0
  0
CIRCLE
  5
678
330
1F
100
AcDbEntity
  8
Multi-Layer
100
AcDbCircle
 10
80.77226314452628
 20
2.5399796799592878
 30
0.0
 40
0.37500635001270005
0
HATCH
5
67a
100
AcDbEntity
8
Multi-Layer
100
AcDbHatch
10
0
20
0
30
0
210
0
220
0
230
1
2
SOLID
70
1
71
0
91
1
92
7
72
0
73
1
93
4
10
81.29715519431033
20
3.340005080010201
10
80.24716789433592
20
3.340005080010201
10
80.24716789433592
20
1.740005080010178
10
81.29715519431033
20
1.740005080010178
97
1
330

75
0
76
1
47
0.4128176842155181
98
1
10
34.90568961886538
20
22.81183545379326
450
0
451
0
460
0
461
0
452
1
462
1
453
2
463
0
63
5
421
255
463
1
63
7
421
16777215
470
LINEAR
1001
ACAD
1010
0
1020
0
1030
0
  0
CIRCLE
  5
67b
330
1F
100
AcDbEntity
  8
TopSolderMaskLayer
100
AcDbCircle
 10
78.1052578105157
 20
-2.5400304800609774
 30
0.0
 40
0.39314933121750417
0
HATCH
5
681
100
AcDbEntity
8
TopSolderMaskLayer
100
AcDbHatch
10
0
20
0
30
0
210
0
220
0
230
1
2
SOLID
70
1
71
0
91
1
92
7
72
1
73
1
93
4
10
78.65556261112535
20
-2.2562803641736764
42
-0.7853981633974483
10
77.55474980949974
20
-2.2562803641736764
42
0
10
77.55474980949974
20
-2.823729795846589
42
-0.7853981633974483
10
78.65556261112535
20
-2.823729795846589
42
0
97
1
330

75
0
76
1
47
0.4128176842155181
98
1
10
34.90568961886538
20
22.81183545379326
450
0
451
0
460
0
461
0
452
1
462
1
453
2
463
0
63
5
421
255
463
1
63
7
421
16777215
470
LINEAR
1001
ACAD
1010
0
1020
0
1030
0
  0
CIRCLE
  5
682
330
1F
100
AcDbEntity
  8
BottomSolderMaskLayer
100
AcDbCircle
 10
78.1052578105157
 20
-2.5400304800609774
 30
0.0
 40
0.39314933121750417
0
HATCH
5
688
100
AcDbEntity
8
BottomSolderMaskLayer
100
AcDbHatch
10
0
20
0
30
0
210
0
220
0
230
1
2
SOLID
70
1
71
0
91
1
92
7
72
1
73
1
93
4
10
78.65556261112535
20
-2.2562803641736764
42
-0.7853981633974483
10
77.55474980949974
20
-2.2562803641736764
42
0
10
77.55474980949974
20
-2.823729795846589
42
-0.7853981633974483
10
78.65556261112535
20
-2.823729795846589
42
0
97
1
330

75
0
76
1
47
0.4128176842155181
98
1
10
34.90568961886538
20
22.81183545379326
450
0
451
0
460
0
461
0
452
1
462
1
453
2
463
0
63
5
421
255
463
1
63
7
421
16777215
470
LINEAR
1001
ACAD
1010
0
1020
0
1030
0
  0
CIRCLE
  5
689
330
1F
100
AcDbEntity
  8
Multi-Layer
100
AcDbCircle
 10
78.1052578105157
 20
-2.5400304800609774
 30
0.0
 40
0.37500635001270005
0
HATCH
5
68f
100
AcDbEntity
8
Multi-Layer
100
AcDbHatch
10
0
20
0
30
0
210
0
220
0
230
1
2
SOLID
70
1
71
0
91
1
92
7
72
1
73
1
93
4
10
78.63016256032525
20
-2.2650114300229234
42
-0.7853981633974483
10
77.58014986029984
20
-2.2650114300229234
42
0
10
77.58014986029984
20
-2.8149987299974555
42
-0.7853981633974483
10
78.63016256032525
20
-2.8149987299974555
42
0
97
1
330

75
0
76
1
47
0.4128176842155181
98
1
10
34.90568961886538
20
22.81183545379326
450
0
451
0
460
0
461
0
452
1
462
1
453
2
463
0
63
5
421
255
463
1
63
7
421
16777215
470
LINEAR
1001
ACAD
1010
0
1020
0
1030
0
  0
CIRCLE
  5
690
330
1F
100
AcDbEntity
  8
TopSolderMaskLayer
100
AcDbCircle
 10
79.37526035052065
 20
-2.5400304800609774
 30
0.0
 40
0.39314933121750417
0
HATCH
5
696
100
AcDbEntity
8
TopSolderMaskLayer
100
AcDbHatch
10
0
20
0
30
0
210
0
220
0
230
1
2
SOLID
70
1
71
0
91
1
92
7
72
1
73
1
93
4
10
79.9255651511303
20
-2.2562803641736764
42
-0.7853981633974483
10
78.82475234950469
20
-2.2562803641736764
42
0
10
78.82475234950469
20
-2.823729795846589
42
-0.7853981633974483
10
79.9255651511303
20
-2.823729795846589
42
0
97
1
330

75
0
76
1
47
0.4128176842155181
98
1
10
34.90568961886538
20
22.81183545379326
450
0
451
0
460
0
461
0
452
1
462
1
453
2
463
0
63
5
421
255
463
1
63
7
421
16777215
470
LINEAR
1001
ACAD
1010
0
1020
0
1030
0
  0
CIRCLE
  5
697
330
1F
100
AcDbEntity
  8
BottomSolderMaskLayer
100
AcDbCircle
 10
79.37526035052065
 20
-2.5400304800609774
 30
0.0
 40
0.39314933121750417
0
HATCH
5
69d
100
AcDbEntity
8
BottomSolderMaskLayer
100
AcDbHatch
10
0
20
0
30
0
210
0
220
0
230
1
2
SOLID
70
1
71
0
91
1
92
7
72
1
73
1
93
4
10
79.9255651511303
20
-2.2562803641736764
42
-0.7853981633974483
10
78.82475234950469
20
-2.2562803641736764
42
0
10
78.82475234950469
20
-2.823729795846589
42
-0.7853981633974483
10
79.9255651511303
20
-2.823729795846589
42
0
97
1
330

75
0
76
1
47
0.4128176842155181
98
1
10
34.90568961886538
20
22.81183545379326
450
0
451
0
460
0
461
0
452
1
462
1
453
2
463
0
63
5
421
255
463
1
63
7
421
16777215
470
LINEAR
1001
ACAD
1010
0
1020
0
1030
0
  0
CIRCLE
  5
69e
330
1F
100
AcDbEntity
  8
Multi-Layer
100
AcDbCircle
 10
79.37526035052065
 20
-2.5400304800609774
 30
0.0
 40
0.37500635001270005
0
HATCH
5
6a4
100
AcDbEntity
8
Multi-Layer
100
AcDbHatch
10
0
20
0
30
0
210
0
220
0
230
1
2
SOLID
70
1
71
0
91
1
92
7
72
1
73
1
93
4
10
79.9001651003302
20
-2.2650114300229234
42
-0.7853981633974483
10
78.8501524003048
20
-2.2650114300229234
42
0
10
78.8501524003048
20
-2.8149987299974555
42
-0.7853981633974483
10
79.9001651003302
20
-2.8149987299974555
42
0
97
1
330

75
0
76
1
47
0.4128176842155181
98
1
10
34.90568961886538
20
22.81183545379326
450
0
451
0
460
0
461
0
452
1
462
1
453
2
463
0
63
5
421
255
463
1
63
7
421
16777215
470
LINEAR
1001
ACAD
1010
0
1020
0
1030
0
  0
CIRCLE
  5
6a5
330
1F
100
AcDbEntity
  8
TopSolderMaskLayer
100
AcDbCircle
 10
80.64526289052583
 20
-2.5400304800609774
 30
0.0
 40
0.39314933121750417
0
HATCH
5
6a7
100
AcDbEntity
8
TopSolderMaskLayer
100
AcDbHatch
10
0
20
0
30
0
210
0
220
0
230
1
2
SOLID
70
1
71
0
91
1
92
7
72
0
73
1
93
4
10
81.19555437667668
20
-1.71460502921002
10
80.09476820396844
20
-1.71460502921002
10
80.09476820396844
20
-3.3654051308102453
10
81.19555437667668
20
-3.3654051308102453
97
1
330

75
0
76
1
47
0.4128176842155181
98
1
10
34.90568961886538
20
22.81183545379326
450
0
451
0
460
0
461
0
452
1
462
1
453
2
463
0
63
5
421
255
463
1
63
7
421
16777215
470
LINEAR
1001
ACAD
1010
0
1020
0
1030
0
  0
CIRCLE
  5
6a8
330
1F
100
AcDbEntity
  8
BottomSolderMaskLayer
100
AcDbCircle
 10
80.64526289052583
 20
-2.5400304800609774
 30
0.0
 40
0.39314933121750417
0
HATCH
5
6aa
100
AcDbEntity
8
BottomSolderMaskLayer
100
AcDbHatch
10
0
20
0
30
0
210
0
220
0
230
1
2
SOLID
70
1
71
0
91
1
92
7
72
0
73
1
93
4
10
81.19555437667668
20
-1.71460502921002
10
80.09476820396844
20
-1.71460502921002
10
80.09476820396844
20
-3.3654051308102453
10
81.19555437667668
20
-3.3654051308102453
97
1
330

75
0
76
1
47
0.4128176842155181
98
1
10
34.90568961886538
20
22.81183545379326
450
0
451
0
460
0
461
0
452
1
462
1
453
2
463
0
63
5
421
255
463
1
63
7
421
16777215
470
LINEAR
1001
ACAD
1010
0
1020
0
1030
0
  0
CIRCLE
  5
6ab
330
1F
100
AcDbEntity
  8
Multi-Layer
100
AcDbCircle
 10
80.64526289052583
 20
-2.5400304800609774
 30
0.0
 40
0.37500635001270005
0
HATCH
5
6ad
100
AcDbEntity
8
Multi-Layer
100
AcDbHatch
10
0
20
0
30
0
210
0
220
0
230
1
2
SOLID
70
1
71
0
91
1
92
7
72
0
73
1
93
4
10
81.17015494030989
20
-1.7400050800100644
10
80.12016764033547
20
-1.7400050800100644
10
80.12016764033547
20
-3.340005080010201
10
81.17015494030989
20
-3.340005080010201
97
1
330

75
0
76
1
47
0.4128176842155181
98
1
10
34.90568961886538
20
22.81183545379326
450
0
451
0
460
0
461
0
452
1
462
1
453
2
463
0
63
5
421
255
463
1
63
7
421
16777215
470
LINEAR
1001
ACAD
1010
0
1020
0
1030
0
 0
ARC
  5
6e6
330
1F
100
AcDbEntity
  8
TopSolderMaskLayer
100
AcDbCircle
 10
91.578035914976
 20
22.733299466598965
 30
0.0
 40
0.3895781255358989
100
AcDbArc
 50
270
 51
450
 0
ARC
  5
6e7
330
1F
100
AcDbEntity
  8
TopSolderMaskLayer
100
AcDbCircle
 10
91.57777197315636
 20
22.733299466598965
 30
0.0
 40
0.3895781255358989
100
AcDbArc
 50
450
 51
270
 0
LWPOLYLINE
  5
6e8
330
1F
100
AcDbEntity
  8
TopSolderMaskLayer
100
AcDbPolyline
 90
1
 70
 1
 43
0
 10
91.57777197315636
 20
22.343721341063066
 10
91.578035914976
 20
22.343721341063066
 0
LWPOLYLINE
  5
6e9
330
1F
100
AcDbEntity
  8
TopSolderMaskLayer
100
AcDbPolyline
 90
1
 70
 1
 43
0
 10
91.57777197315636
 20
23.122877592134863
 10
91.578035914976
 20
23.122877592134863
0
HATCH
5
6ea
100
AcDbEntity
8
TopSolderMaskLayer
100
AcDbHatch
10
0
20
0
30
0
210
0
220
0
230
1
2
SOLID
70
1
71
0
91
1
92
7
72
0
73
1
93
52
10
91.0323362032243
20
22.864313592197504
10
91.03682321415499
20
22.933282410348056
10
91.04949242148996
20
23.00118607300601
10
91.07087170886666
20
23.06695942467843
10
91.09990530900836
20
23.129537309872944
10
91.13659322191438
20
23.18785457309673
10
91.18040756394612
20
23.241112347730223
10
91.2302925678257
20
23.28851176715409
10
91.2857203499143
20
23.328987675875737
10
91.34563514293359
20
23.36227378502167
10
91.4095090632452
20
23.38783751684582
10
91.47575845993197
20
23.404880004728625
10
91.54385544935485
20
23.41366753754312
10
91.61221638059715
20
23.41366753754312
10
91.68031337002003
20
23.404880004728625
10
91.7465627667068
20
23.38783751684582
10
91.81017274519877
20
23.36227378502167
10
91.8703514800377
20
23.328987675875737
10
91.92577926212607
20
23.28851176715409
10
91.97566426600565
20
23.241112347730223
10
92.01947860803739
20
23.18785457309673
10
92.05616652094363
20
23.129537309872944
10
92.08520012108534
20
23.06695942467843
10
92.10631546664263
20
23.00118607300601
10
92.11924861579678
20
22.933282410348056
10
92.12347168490805
20
22.864313592197504
10
92.12347168490805
20
22.602285341000197
10
92.11924861579678
20
22.53331652284976
10
92.10631546664263
20
22.46541286019192
10
92.08520012108534
20
22.3996395085195
10
92.05616652094363
20
22.337061623324985
10
92.01947860803739
20
22.2787443601012
10
91.97566426600565
20
22.225486585467593
10
91.92577926212607
20
22.178087166043724
10
91.8703514800377
20
22.13761125732219
10
91.81017274519877
20
22.104058859302995
10
91.7465627667068
20
22.07876141635211
10
91.68031337002003
20
22.061452639596155
10
91.61221638059715
20
22.05293139565481
10
91.54385544935485
20
22.05293139565481
10
91.47575845993197
20
22.061452639596155
10
91.4095090632452
20
22.07876141635211
10
91.34563514293359
20
22.104058859302995
10
91.2857203499143
20
22.13761125732219
10
91.2302925678257
20
22.178087166043724
10
91.18040756394612
20
22.225486585467593
10
91.13659322191438
20
22.2787443601012
10
91.09990530900836
20
22.337061623324985
10
91.07087170886666
20
22.3996395085195
10
91.04949242148996
20
22.46541286019192
10
91.03682321415499
20
22.53331652284976
10
91.0323362032243
20
22.602285341000197
97
1
330

75
0
76
1
47
0.4128176842155181
98
1
10
34.90568961886538
20
22.81183545379326
450
0
451
0
460
0
461
0
452
1
462
1
453
2
463
0
63
5
421
255
463
1
63
7
421
16777215
470
LINEAR
1001
ACAD
1010
0
1020
0
1030
0
 0
ARC
  5
6ed
330
1F
100
AcDbEntity
  8
BottomSolderMaskLayer
100
AcDbCircle
 10
91.578035914976
 20
22.733299466598965
 30
0.0
 40
0.3895781255358989
100
AcDbArc
 50
270
 51
450
 0
ARC
  5
6ee
330
1F
100
AcDbEntity
  8
BottomSolderMaskLayer
100
AcDbCircle
 10
91.57777197315636
 20
22.733299466598965
 30
0.0
 40
0.3895781255358989
100
AcDbArc
 50
450
 51
270
 0
LWPOLYLINE
  5
6ef
330
1F
100
AcDbEntity
  8
BottomSolderMaskLayer
100
AcDbPolyline
 90
1
 70
 1
 43
0
 10
91.57777197315636
 20
22.343721341063066
 10
91.578035914976
 20
22.343721341063066
 0
LWPOLYLINE
  5
6f0
330
1F
100
AcDbEntity
  8
BottomSolderMaskLayer
100
AcDbPolyline
 90
1
 70
 1
 43
0
 10
91.57777197315636
 20
23.122877592134863
 10
91.578035914976
 20
23.122877592134863
0
HATCH
5
6f1
100
AcDbEntity
8
BottomSolderMaskLayer
100
AcDbHatch
10
0
20
0
30
0
210
0
220
0
230
1
2
SOLID
70
1
71
0
91
1
92
7
72
0
73
1
93
52
10
91.0323362032243
20
22.864313592197504
10
91.03682321415499
20
22.933282410348056
10
91.04949242148996
20
23.00118607300601
10
91.07087170886666
20
23.06695942467843
10
91.09990530900836
20
23.129537309872944
10
91.13659322191438
20
23.18785457309673
10
91.18040756394612
20
23.241112347730223
10
91.2302925678257
20
23.28851176715409
10
91.2857203499143
20
23.328987675875737
10
91.34563514293359
20
23.36227378502167
10
91.4095090632452
20
23.38783751684582
10
91.47575845993197
20
23.404880004728625
10
91.54385544935485
20
23.41366753754312
10
91.61221638059715
20
23.41366753754312
10
91.68031337002003
20
23.404880004728625
10
91.7465627667068
20
23.38783751684582
10
91.81017274519877
20
23.36227378502167
10
91.8703514800377
20
23.328987675875737
10
91.92577926212607
20
23.28851176715409
10
91.97566426600565
20
23.241112347730223
10
92.01947860803739
20
23.18785457309673
10
92.05616652094363
20
23.129537309872944
10
92.08520012108534
20
23.06695942467843
10
92.10631546664263
20
23.00118607300601
10
92.11924861579678
20
22.933282410348056
10
92.12347168490805
20
22.864313592197504
10
92.12347168490805
20
22.602285341000197
10
92.11924861579678
20
22.53331652284976
10
92.10631546664263
20
22.46541286019192
10
92.08520012108534
20
22.3996395085195
10
92.05616652094363
20
22.337061623324985
10
92.01947860803739
20
22.2787443601012
10
91.97566426600565
20
22.225486585467593
10
91.92577926212607
20
22.178087166043724
10
91.8703514800377
20
22.13761125732219
10
91.81017274519877
20
22.104058859302995
10
91.7465627667068
20
22.07876141635211
10
91.68031337002003
20
22.061452639596155
10
91.61221638059715
20
22.05293139565481
10
91.54385544935485
20
22.05293139565481
10
91.47575845993197
20
22.061452639596155
10
91.4095090632452
20
22.07876141635211
10
91.34563514293359
20
22.104058859302995
10
91.2857203499143
20
22.13761125732219
10
91.2302925678257
20
22.178087166043724
10
91.18040756394612
20
22.225486585467593
10
91.13659322191438
20
22.2787443601012
10
91.09990530900836
20
22.337061623324985
10
91.07087170886666
20
22.3996395085195
10
91.04949242148996
20
22.46541286019192
10
91.03682321415499
20
22.53331652284976
10
91.0323362032243
20
22.602285341000197
97
1
330

75
0
76
1
47
0.4128176842155181
98
1
10
34.90568961886538
20
22.81183545379326
450
0
451
0
460
0
461
0
452
1
462
1
453
2
463
0
63
5
421
255
463
1
63
7
421
16777215
470
LINEAR
1001
ACAD
1010
0
1020
0
1030
0
 0
ARC
  5
6f4
330
1F
100
AcDbEntity
  8
Multi-Layer
100
AcDbCircle
 10
91.578028956058
 20
22.733299466598965
 30
0.0
 40
0.37490474980949967
100
AcDbArc
 50
270
 51
450
 0
ARC
  5
6f5
330
1F
100
AcDbEntity
  8
Multi-Layer
100
AcDbCircle
 10
91.57777495554978
 20
22.733299466598965
 30
0.0
 40
0.37490474980949967
100
AcDbArc
 50
450
 51
270
 0
LWPOLYLINE
  5
6f6
330
1F
100
AcDbEntity
  8
Multi-Layer
100
AcDbPolyline
 90
1
 70
 1
 43
0
 10
91.57777495554978
 20
22.358394716789466
 10
91.578028956058
 20
22.358394716789466
 0
LWPOLYLINE
  5
6f7
330
1F
100
AcDbEntity
  8
Multi-Layer
100
AcDbPolyline
 90
1
 70
 1
 43
0
 10
91.57777495554978
 20
23.108204216408463
 10
91.578028956058
 20
23.108204216408463
0
HATCH
5
6f8
100
AcDbEntity
8
Multi-Layer
100
AcDbHatch
10
0
20
0
30
0
210
0
220
0
230
1
2
SOLID
70
1
71
0
91
1
92
7
72
0
73
1
93
52
10
91.05288290576573
20
22.858267716535465
10
91.05720091440185
20
22.924053848107746
10
91.069392938786
20
22.98882397764794
10
91.08996697993393
20
23.051562103124184
10
91.11790703581414
20
23.111252222504504
10
91.15321310642639
20
23.1668783337567
10
91.19537719075424
20
23.217678435356902
10
91.24338328676663
20
23.262890525781017
10
91.29672339344688
20
23.301498602997185
10
91.35438150876303
20
23.333248666497298
10
91.4158496316993
20
23.357632715265368
10
91.47960375920752
20
23.373888747777528
10
91.5451358902717
20
23.382270764541545
10
91.61092202184409
20
23.382270764541545
10
91.67645415290826
20
23.373888747777528
10
91.74020828041648
20
23.357632715265368
10
91.80142240284476
20
23.333248666497298
10
91.85933451866913
20
23.301498602997185
10
91.91267462534938
20
23.262890525781017
10
91.96068072136154
20
23.217678435356902
10
92.00284480568962
20
23.1668783337567
10
92.03815087630164
20
23.111252222504504
10
92.06609093218208
20
23.051562103124184
10
92.08641097282202
20
22.98882397764794
10
92.09885699771417
20
22.924053848107746
10
92.10292100584206
20
22.858267716535465
10
92.10292100584206
20
22.608331216662464
10
92.09885699771417
20
22.542545085090183
10
92.08641097282202
20
22.477774955549876
10
92.06609093218208
20
22.415036830073632
10
92.03815087630164
20
22.355346710693425
10
92.00284480568962
20
22.29972059944123
10
91.96068072136154
20
22.248920497841027
10
91.91267462534938
20
22.20370840741691
10
91.85933451866913
20
22.165100330200744
10
91.80142240284476
20
22.133096266192524
10
91.74020828041648
20
22.108966217932448
10
91.67645415290826
20
22.092456184912407
10
91.61092202184409
20
22.084328168656384
10
91.5451358902717
20
22.084328168656384
10
91.47960375920752
20
22.092456184912407
10
91.4158496316993
20
22.108966217932448
10
91.35438150876303
20
22.133096266192524
10
91.29672339344688
20
22.165100330200744
10
91.24338328676663
20
22.20370840741691
10
91.19537719075424
20
22.248920497841027
10
91.15321310642639
20
22.29972059944123
10
91.11790703581414
20
22.355346710693425
10
91.08996697993393
20
22.415036830073632
10
91.069392938786
20
22.477774955549876
10
91.05720091440185
20
22.542545085090183
10
91.05288290576573
20
22.608331216662464
97
1
330

75
0
76
1
47
0.4128176842155181
98
1
10
34.90568961886538
20
22.81183545379326
450
0
451
0
460
0
461
0
452
1
462
1
453
2
463
0
63
5
421
255
463
1
63
7
421
16777215
470
LINEAR
1001
ACAD
1010
0
1020
0
1030
0
 0
ARC
  5
6fb
330
1F
100
AcDbEntity
  8
TopSolderMaskLayer
100
AcDbCircle
 10
89.01608121454979
 20
22.733299466598965
 30
0.0
 40
0.3895781255358989
100
AcDbArc
 50
270
 51
450
 0
ARC
  5
6fc
330
1F
100
AcDbEntity
  8
TopSolderMaskLayer
100
AcDbCircle
 10
89.01581727273037
 20
22.733299466598965
 30
0.0
 40
0.3895781255358989
100
AcDbArc
 50
450
 51
270
 0
LWPOLYLINE
  5
6fd
330
1F
100
AcDbEntity
  8
TopSolderMaskLayer
100
AcDbPolyline
 90
1
 70
 1
 43
0
 10
89.01581727273037
 20
22.343721341063066
 10
89.01608121454979
 20
22.343721341063066
 0
LWPOLYLINE
  5
6fe
330
1F
100
AcDbEntity
  8
TopSolderMaskLayer
100
AcDbPolyline
 90
1
 70
 1
 43
0
 10
89.01581727273037
 20
23.122877592134863
 10
89.01608121454979
 20
23.122877592134863
0
HATCH
5
6ff
100
AcDbEntity
8
TopSolderMaskLayer
100
AcDbHatch
10
0
20
0
30
0
210
0
220
0
230
1
2
SOLID
70
1
71
0
91
1
92
7
72
0
73
1
93
52
10
88.47038150279832
20
22.864313592197504
10
88.47486851372923
20
22.933282410348056
10
88.48753772106375
20
23.00118607300601
10
88.5089170084409
20
23.06695942467843
10
88.53795060858238
20
23.129537309872944
10
88.5746385214884
20
23.18785457309673
10
88.61845286352036
20
23.241112347730223
10
88.66833786739971
20
23.28851176715409
10
88.72376564948809
20
23.328987675875737
10
88.7836804425076
20
23.36227378502167
10
88.84755436281898
20
23.38783751684582
10
88.91380375950575
20
23.404880004728625
10
88.98190074892864
20
23.41366753754312
10
89.05026168017093
20
23.41366753754312
10
89.11835866959404
20
23.404880004728625
10
89.18460806628082
20
23.38783751684582
10
89.24821804477278
20
23.36227378502167
10
89.30839677961171
20
23.328987675875737
10
89.36382456170008
20
23.28851176715409
10
89.41370956557967
20
23.241112347730223
10
89.45752390761163
20
23.18785457309673
10
89.49421182051742
20
23.129537309872944
10
89.52324542065912
20
23.06695942467843
10
89.54436076621664
20
23.00118607300601
10
89.55729391537079
20
22.933282410348056
10
89.56151698448207
20
22.864313592197504
10
89.56151698448207
20
22.602285341000197
10
89.55729391537079
20
22.53331652284976
10
89.54436076621664
20
22.46541286019192
10
89.52324542065912
20
22.3996395085195
10
89.49421182051742
20
22.337061623324985
10
89.45752390761163
20
22.2787443601012
10
89.41370956557967
20
22.225486585467593
10
89.36382456170008
20
22.178087166043724
10
89.30839677961171
20
22.13761125732219
10
89.24821804477278
20
22.104058859302995
10
89.18460806628082
20
22.07876141635211
10
89.11835866959404
20
22.061452639596155
10
89.05026168017093
20
22.05293139565481
10
88.98190074892864
20
22.05293139565481
10
88.91380375950575
20
22.061452639596155
10
88.84755436281898
20
22.07876141635211
10
88.7836804425076
20
22.104058859302995
10
88.72376564948809
20
22.13761125732219
10
88.66833786739971
20
22.178087166043724
10
88.61845286352036
20
22.225486585467593
10
88.5746385214884
20
22.2787443601012
10
88.53795060858238
20
22.337061623324985
10
88.5089170084409
20
22.3996395085195
10
88.48753772106375
20
22.46541286019192
10
88.47486851372923
20
22.53331652284976
10
88.47038150279832
20
22.602285341000197
97
1
330

75
0
76
1
47
0.4128176842155181
98
1
10
34.90568961886538
20
22.81183545379326
450
0
451
0
460
0
461
0
452
1
462
1
453
2
463
0
63
5
421
255
463
1
63
7
421
16777215
470
LINEAR
1001
ACAD
1010
0
1020
0
1030
0
 0
ARC
  5
702
330
1F
100
AcDbEntity
  8
BottomSolderMaskLayer
100
AcDbCircle
 10
89.01608121454979
 20
22.733299466598965
 30
0.0
 40
0.3895781255358989
100
AcDbArc
 50
270
 51
450
 0
ARC
  5
703
330
1F
100
AcDbEntity
  8
BottomSolderMaskLayer
100
AcDbCircle
 10
89.01581727273037
 20
22.733299466598965
 30
0.0
 40
0.3895781255358989
100
AcDbArc
 50
450
 51
270
 0
LWPOLYLINE
  5
704
330
1F
100
AcDbEntity
  8
BottomSolderMaskLayer
100
AcDbPolyline
 90
1
 70
 1
 43
0
 10
89.01581727273037
 20
22.343721341063066
 10
89.01608121454979
 20
22.343721341063066
 0
LWPOLYLINE
  5
705
330
1F
100
AcDbEntity
  8
BottomSolderMaskLayer
100
AcDbPolyline
 90
1
 70
 1
 43
0
 10
89.01581727273037
 20
23.122877592134863
 10
89.01608121454979
 20
23.122877592134863
0
HATCH
5
706
100
AcDbEntity
8
BottomSolderMaskLayer
100
AcDbHatch
10
0
20
0
30
0
210
0
220
0
230
1
2
SOLID
70
1
71
0
91
1
92
7
72
0
73
1
93
52
10
88.47038150279832
20
22.864313592197504
10
88.47486851372923
20
22.933282410348056
10
88.48753772106375
20
23.00118607300601
10
88.5089170084409
20
23.06695942467843
10
88.53795060858238
20
23.129537309872944
10
88.5746385214884
20
23.18785457309673
10
88.61845286352036
20
23.241112347730223
10
88.66833786739971
20
23.28851176715409
10
88.72376564948809
20
23.328987675875737
10
88.7836804425076
20
23.36227378502167
10
88.84755436281898
20
23.38783751684582
10
88.91380375950575
20
23.404880004728625
10
88.98190074892864
20
23.41366753754312
10
89.05026168017093
20
23.41366753754312
10
89.11835866959404
20
23.404880004728625
10
89.18460806628082
20
23.38783751684582
10
89.24821804477278
20
23.36227378502167
10
89.30839677961171
20
23.328987675875737
10
89.36382456170008
20
23.28851176715409
10
89.41370956557967
20
23.241112347730223
10
89.45752390761163
20
23.18785457309673
10
89.49421182051742
20
23.129537309872944
10
89.52324542065912
20
23.06695942467843
10
89.54436076621664
20
23.00118607300601
10
89.55729391537079
20
22.933282410348056
10
89.56151698448207
20
22.864313592197504
10
89.56151698448207
20
22.602285341000197
10
89.55729391537079
20
22.53331652284976
10
89.54436076621664
20
22.46541286019192
10
89.52324542065912
20
22.3996395085195
10
89.49421182051742
20
22.337061623324985
10
89.45752390761163
20
22.2787443601012
10
89.41370956557967
20
22.225486585467593
10
89.36382456170008
20
22.178087166043724
10
89.30839677961171
20
22.13761125732219
10
89.24821804477278
20
22.104058859302995
10
89.18460806628082
20
22.07876141635211
10
89.11835866959404
20
22.061452639596155
10
89.05026168017093
20
22.05293139565481
10
88.98190074892864
20
22.05293139565481
10
88.91380375950575
20
22.061452639596155
10
88.84755436281898
20
22.07876141635211
10
88.7836804425076
20
22.104058859302995
10
88.72376564948809
20
22.13761125732219
10
88.66833786739971
20
22.178087166043724
10
88.61845286352036
20
22.225486585467593
10
88.5746385214884
20
22.2787443601012
10
88.53795060858238
20
22.337061623324985
10
88.5089170084409
20
22.3996395085195
10
88.48753772106375
20
22.46541286019192
10
88.47486851372923
20
22.53331652284976
10
88.47038150279832
20
22.602285341000197
97
1
330

75
0
76
1
47
0.4128176842155181
98
1
10
34.90568961886538
20
22.81183545379326
450
0
451
0
460
0
461
0
452
1
462
1
453
2
463
0
63
5
421
255
463
1
63
7
421
16777215
470
LINEAR
1001
ACAD
1010
0
1020
0
1030
0
 0
ARC
  5
709
330
1F
100
AcDbEntity
  8
Multi-Layer
100
AcDbCircle
 10
89.01607823215636
 20
22.733299466598965
 30
0.0
 40
0.37490474980949967
100
AcDbArc
 50
270
 51
450
 0
ARC
  5
70a
330
1F
100
AcDbEntity
  8
Multi-Layer
100
AcDbCircle
 10
89.01582423164837
 20
22.733299466598965
 30
0.0
 40
0.37490474980949967
100
AcDbArc
 50
450
 51
270
 0
LWPOLYLINE
  5
70b
330
1F
100
AcDbEntity
  8
Multi-Layer
100
AcDbPolyline
 90
1
 70
 1
 43
0
 10
89.01582423164837
 20
22.358394716789466
 10
89.01607823215636
 20
22.358394716789466
 0
LWPOLYLINE
  5
70c
330
1F
100
AcDbEntity
  8
Multi-Layer
100
AcDbPolyline
 90
1
 70
 1
 43
0
 10
89.01582423164837
 20
23.108204216408463
 10
89.01607823215636
 20
23.108204216408463
0
HATCH
5
70d
100
AcDbEntity
8
Multi-Layer
100
AcDbHatch
10
0
20
0
30
0
210
0
220
0
230
1
2
SOLID
70
1
71
0
91
1
92
7
72
0
73
1
93
52
10
88.49093218186431
20
22.858267716535465
10
88.49525019050043
20
22.924053848107746
10
88.50744221488458
20
22.98882397764794
10
88.52801625603274
20
23.051562103124184
10
88.55595631191272
20
23.111252222504504
10
88.59126238252475
20
23.1668783337567
10
88.63342646685305
20
23.217678435356902
10
88.68143256286498
20
23.262890525781017
10
88.73477266954524
20
23.301498602997185
10
88.79243078486161
20
23.333248666497298
10
88.85389890779788
20
23.357632715265368
10
88.9176530353061
20
23.373888747777528
10
88.98318516637028
20
23.382270764541545
10
89.04897129794267
20
23.382270764541545
10
89.11450342900685
20
23.373888747777528
10
89.17825755651506
20
23.357632715265368
10
89.23947167894335
20
23.333248666497298
10
89.29738379476748
20
23.301498602997185
10
89.35072390144774
20
23.262890525781017
10
89.39872999746012
20
23.217678435356902
10
89.4408940817882
20
23.1668783337567
10
89.47620015240022
20
23.111252222504504
10
89.50414020828043
20
23.051562103124184
10
89.5244602489206
20
22.98882397764794
10
89.53690627381252
20
22.924053848107746
10
89.54097028194042
20
22.858267716535465
10
89.54097028194042
20
22.608331216662464
10
89.53690627381252
20
22.542545085090183
10
89.5244602489206
20
22.477774955549876
10
89.50414020828043
20
22.415036830073632
10
89.47620015240022
20
22.355346710693425
10
89.4408940817882
20
22.29972059944123
10
89.39872999746012
20
22.248920497841027
10
89.35072390144774
20
22.20370840741691
10
89.29738379476748
20
22.165100330200744
10
89.23947167894335
20
22.133096266192524
10
89.17825755651506
20
22.108966217932448
10
89.11450342900685
20
22.092456184912407
10
89.04897129794267
20
22.084328168656384
10
88.98318516637028
20
22.084328168656384
10
88.9176530353061
20
22.092456184912407
10
88.85389890779788
20
22.108966217932448
10
88.79243078486161
20
22.133096266192524
10
88.73477266954524
20
22.165100330200744
10
88.68143256286498
20
22.20370840741691
10
88.63342646685305
20
22.248920497841027
10
88.59126238252475
20
22.29972059944123
10
88.55595631191272
20
22.355346710693425
10
88.52801625603274
20
22.415036830073632
10
88.50744221488458
20
22.477774955549876
10
88.49525019050043
20
22.542545085090183
10
88.49093218186431
20
22.608331216662464
97
1
330

75
0
76
1
47
0.4128176842155181
98
1
10
34.90568961886538
20
22.81183545379326
450
0
451
0
460
0
461
0
452
1
462
1
453
2
463
0
63
5
421
255
463
1
63
7
421
16777215
470
LINEAR
1001
ACAD
1010
0
1020
0
1030
0
 0
ARC
  5
710
330
1F
100
AcDbEntity
  8
TopSolderMaskLayer
100
AcDbCircle
 10
90.29705856476312
 20
22.733299466598965
 30
0.0
 40
0.3895781255358989
100
AcDbArc
 50
270
 51
450
 0
ARC
  5
711
330
1F
100
AcDbEntity
  8
TopSolderMaskLayer
100
AcDbCircle
 10
90.29679462294325
 20
22.733299466598965
 30
0.0
 40
0.3895781255358989
100
AcDbArc
 50
450
 51
270
 0
LWPOLYLINE
  5
712
330
1F
100
AcDbEntity
  8
TopSolderMaskLayer
100
AcDbPolyline
 90
1
 70
 1
 43
0
 10
90.29679462294325
 20
22.343721341063066
 10
90.29705856476312
 20
22.343721341063066
 0
LWPOLYLINE
  5
713
330
1F
100
AcDbEntity
  8
TopSolderMaskLayer
100
AcDbPolyline
 90
1
 70
 1
 43
0
 10
90.29679462294325
 20
23.122877592134863
 10
90.29705856476312
 20
23.122877592134863
0
HATCH
5
714
100
AcDbEntity
8
TopSolderMaskLayer
100
AcDbHatch
10
0
20
0
30
0
210
0
220
0
230
1
2
SOLID
70
1
71
0
91
1
92
7
72
0
73
1
93
52
10
89.7513588530112
20
22.864313592197504
10
89.75584586394211
20
22.933282410348056
10
89.76851507127685
20
23.00118607300601
10
89.78989435865401
20
23.06695942467843
10
89.81892795879548
20
23.129537309872944
10
89.8556158717015
20
23.18785457309673
10
89.89943021373347
20
23.241112347730223
10
89.94931521761282
20
23.28851176715409
10
90.0047429997012
20
23.328987675875737
10
90.06465779272048
20
23.36227378502167
10
90.12853171303209
20
23.38783751684582
10
90.19478110971863
20
23.404880004728625
10
90.26287809914174
20
23.41366753754312
10
90.33123903038404
20
23.41366753754312
10
90.39933601980715
20
23.404880004728625
10
90.4655854164937
20
23.38783751684582
10
90.52919539498589
20
23.36227378502167
10
90.58937412982459
20
23.328987675875737
10
90.64480191191296
20
23.28851176715409
10
90.69468691579254
20
23.241112347730223
10
90.73850125782451
20
23.18785457309673
10
90.77518917073075
20
23.129537309872944
10
90.80422277087246
20
23.06695942467843
10
90.82533811642975
20
23.00118607300601
10
90.8382712655839
20
22.933282410348056
10
90.84249433469517
20
22.864313592197504
10
90.84249433469517
20
22.602285341000197
10
90.8382712655839
20
22.53331652284976
10
90.82533811642975
20
22.46541286019192
10
90.80422277087246
20
22.3996395085195
10
90.77518917073075
20
22.337061623324985
10
90.73850125782451
20
22.2787443601012
10
90.69468691579254
20
22.225486585467593
10
90.64480191191296
20
22.178087166043724
10
90.58937412982459
20
22.13761125732219
10
90.52919539498589
20
22.104058859302995
10
90.4655854164937
20
22.07876141635211
10
90.39933601980715
20
22.061452639596155
10
90.33123903038404
20
22.05293139565481
10
90.26287809914174
20
22.05293139565481
10
90.19478110971863
20
22.061452639596155
10
90.12853171303209
20
22.07876141635211
10
90.06465779272048
20
22.104058859302995
10
90.0047429997012
20
22.13761125732219
10
89.94931521761282
20
22.178087166043724
10
89.89943021373347
20
22.225486585467593
10
89.8556158717015
20
22.2787443601012
10
89.81892795879548
20
22.337061623324985
10
89.78989435865401
20
22.3996395085195
10
89.76851507127685
20
22.46541286019192
10
89.75584586394211
20
22.53331652284976
10
89.7513588530112
20
22.602285341000197
97
1
330

75
0
76
1
47
0.4128176842155181
98
1
10
34.90568961886538
20
22.81183545379326
450
0
451
0
460
0
461
0
452
1
462
1
453
2
463
0
63
5
421
255
463
1
63
7
421
16777215
470
LINEAR
1001
ACAD
1010
0
1020
0
1030
0
 0
ARC
  5
717
330
1F
100
AcDbEntity
  8
BottomSolderMaskLayer
100
AcDbCircle
 10
90.29705856476312
 20
22.733299466598965
 30
0.0
 40
0.3895781255358989
100
AcDbArc
 50
270
 51
450
 0
ARC
  5
718
330
1F
100
AcDbEntity
  8
BottomSolderMaskLayer
100
AcDbCircle
 10
90.29679462294325
 20
22.733299466598965
 30
0.0
 40
0.3895781255358989
100
AcDbArc
 50
450
 51
270
 0
LWPOLYLINE
  5
719
330
1F
100
AcDbEntity
  8
BottomSolderMaskLayer
100
AcDbPolyline
 90
1
 70
 1
 43
0
 10
90.29679462294325
 20
22.343721341063066
 10
90.29705856476312
 20
22.343721341063066
 0
LWPOLYLINE
  5
71a
330
1F
100
AcDbEntity
  8
BottomSolderMaskLayer
100
AcDbPolyline
 90
1
 70
 1
 43
0
 10
90.29679462294325
 20
23.122877592134863
 10
90.29705856476312
 20
23.122877592134863
0
HATCH
5
71b
100
AcDbEntity
8
BottomSolderMaskLayer
100
AcDbHatch
10
0
20
0
30
0
210
0
220
0
230
1
2
SOLID
70
1
71
0
91
1
92
7
72
0
73
1
93
52
10
89.7513588530112
20
22.864313592197504
10
89.75584586394211
20
22.933282410348056
10
89.76851507127685
20
23.00118607300601
10
89.78989435865401
20
23.06695942467843
10
89.81892795879548
20
23.129537309872944
10
89.8556158717015
20
23.18785457309673
10
89.89943021373347
20
23.241112347730223
10
89.94931521761282
20
23.28851176715409
10
90.0047429997012
20
23.328987675875737
10
90.06465779272048
20
23.36227378502167
10
90.12853171303209
20
23.38783751684582
10
90.19478110971863
20
23.404880004728625
10
90.26287809914174
20
23.41366753754312
10
90.33123903038404
20
23.41366753754312
10
90.39933601980715
20
23.404880004728625
10
90.4655854164937
20
23.38783751684582
10
90.52919539498589
20
23.36227378502167
10
90.58937412982459
20
23.328987675875737
10
90.64480191191296
20
23.28851176715409
10
90.69468691579254
20
23.241112347730223
10
90.73850125782451
20
23.18785457309673
10
90.77518917073075
20
23.129537309872944
10
90.80422277087246
20
23.06695942467843
10
90.82533811642975
20
23.00118607300601
10
90.8382712655839
20
22.933282410348056
10
90.84249433469517
20
22.864313592197504
10
90.84249433469517
20
22.602285341000197
10
90.8382712655839
20
22.53331652284976
10
90.82533811642975
20
22.46541286019192
10
90.80422277087246
20
22.3996395085195
10
90.77518917073075
20
22.337061623324985
10
90.73850125782451
20
22.2787443601012
10
90.69468691579254
20
22.225486585467593
10
90.64480191191296
20
22.178087166043724
10
90.58937412982459
20
22.13761125732219
10
90.52919539498589
20
22.104058859302995
10
90.4655854164937
20
22.07876141635211
10
90.39933601980715
20
22.061452639596155
10
90.33123903038404
20
22.05293139565481
10
90.26287809914174
20
22.05293139565481
10
90.19478110971863
20
22.061452639596155
10
90.12853171303209
20
22.07876141635211
10
90.06465779272048
20
22.104058859302995
10
90.0047429997012
20
22.13761125732219
10
89.94931521761282
20
22.178087166043724
10
89.89943021373347
20
22.225486585467593
10
89.8556158717015
20
22.2787443601012
10
89.81892795879548
20
22.337061623324985
10
89.78989435865401
20
22.3996395085195
10
89.76851507127685
20
22.46541286019192
10
89.75584586394211
20
22.53331652284976
10
89.7513588530112
20
22.602285341000197
97
1
330

75
0
76
1
47
0.4128176842155181
98
1
10
34.90568961886538
20
22.81183545379326
450
0
451
0
460
0
461
0
452
1
462
1
453
2
463
0
63
5
421
255
463
1
63
7
421
16777215
470
LINEAR
1001
ACAD
1010
0
1020
0
1030
0
 0
ARC
  5
71e
330
1F
100
AcDbEntity
  8
Multi-Layer
100
AcDbCircle
 10
90.29705359410718
 20
22.733299466598965
 30
0.0
 40
0.37490474980949967
100
AcDbArc
 50
270
 51
450
 0
ARC
  5
71f
330
1F
100
AcDbEntity
  8
Multi-Layer
100
AcDbCircle
 10
90.29679959359919
 20
22.733299466598965
 30
0.0
 40
0.37490474980949967
100
AcDbArc
 50
450
 51
270
 0
LWPOLYLINE
  5
720
330
1F
100
AcDbEntity
  8
Multi-Layer
100
AcDbPolyline
 90
1
 70
 1
 43
0
 10
90.29679959359919
 20
22.358394716789466
 10
90.29705359410718
 20
22.358394716789466
 0
LWPOLYLINE
  5
721
330
1F
100
AcDbEntity
  8
Multi-Layer
100
AcDbPolyline
 90
1
 70
 1
 43
0
 10
90.29679959359919
 20
23.108204216408463
 10
90.29705359410718
 20
23.108204216408463
0
HATCH
5
722
100
AcDbEntity
8
Multi-Layer
100
AcDbHatch
10
0
20
0
30
0
210
0
220
0
230
1
2
SOLID
70
1
71
0
91
1
92
7
72
0
73
1
93
52
10
89.77190754381513
20
22.858267716535465
10
89.77622555245102
20
22.924053848107746
10
89.78841757683517
20
22.98882397764794
10
89.80899161798334
20
23.051562103124184
10
89.83693167386332
20
23.111252222504504
10
89.87223774447557
20
23.1668783337567
10
89.91440182880388
20
23.217678435356902
10
89.9624079248158
20
23.262890525781017
10
90.01574803149606
20
23.301498602997185
10
90.0734061468122
20
23.333248666497298
10
90.13487426974848
20
23.357632715265368
10
90.19862839725693
20
23.373888747777528
10
90.2641605283211
20
23.382270764541545
10
90.32994665989327
20
23.382270764541545
10
90.39547879095744
20
23.373888747777528
10
90.45923291846589
20
23.357632715265368
10
90.52044704089417
20
23.333248666497298
10
90.5783591567183
20
23.301498602997185
10
90.63169926339856
20
23.262890525781017
10
90.67970535941072
20
23.217678435356902
10
90.7218694437388
20
23.1668783337567
10
90.75717551435105
20
23.111252222504504
10
90.78511557023126
20
23.051562103124184
10
90.8054356108712
20
22.98882397764794
10
90.81788163576334
20
22.924053848107746
10
90.82194564389124
20
22.858267716535465
10
90.82194564389124
20
22.608331216662464
10
90.81788163576334
20
22.542545085090183
10
90.8054356108712
20
22.477774955549876
10
90.78511557023126
20
22.415036830073632
10
90.75717551435105
20
22.355346710693425
10
90.7218694437388
20
22.29972059944123
10
90.67970535941072
20
22.248920497841027
10
90.63169926339856
20
22.20370840741691
10
90.5783591567183
20
22.165100330200744
10
90.52044704089417
20
22.133096266192524
10
90.45923291846589
20
22.108966217932448
10
90.39547879095744
20
22.092456184912407
10
90.32994665989327
20
22.084328168656384
10
90.2641605283211
20
22.084328168656384
10
90.19862839725693
20
22.092456184912407
10
90.13487426974848
20
22.108966217932448
10
90.0734061468122
20
22.133096266192524
10
90.01574803149606
20
22.165100330200744
10
89.9624079248158
20
22.20370840741691
10
89.91440182880388
20
22.248920497841027
10
89.87223774447557
20
22.29972059944123
10
89.83693167386332
20
22.355346710693425
10
89.80899161798334
20
22.415036830073632
10
89.78841757683517
20
22.477774955549876
10
89.77622555245102
20
22.542545085090183
10
89.77190754381513
20
22.608331216662464
97
1
330

75
0
76
1
47
0.4128176842155181
98
1
10
34.90568961886538
20
22.81183545379326
450
0
451
0
460
0
461
0
452
1
462
1
453
2
463
0
63
5
421
255
463
1
63
7
421
16777215
470
LINEAR
1001
ACAD
1010
0
1020
0
1030
0
 0
ARC
  5
725
330
1F
100
AcDbEntity
  8
TopSolderMaskLayer
100
AcDbCircle
 10
99.07105090100595
 20
22.733299466598965
 30
0.0
 40
0.3895781255358989
100
AcDbArc
 50
270
 51
450
 0
ARC
  5
726
330
1F
100
AcDbEntity
  8
TopSolderMaskLayer
100
AcDbCircle
 10
99.07078695918631
 20
22.733299466598965
 30
0.0
 40
0.3895781255358989
100
AcDbArc
 50
450
 51
270
 0
LWPOLYLINE
  5
727
330
1F
100
AcDbEntity
  8
TopSolderMaskLayer
100
AcDbPolyline
 90
1
 70
 1
 43
0
 10
99.07078695918631
 20
22.343721341063066
 10
99.07105090100595
 20
22.343721341063066
 0
LWPOLYLINE
  5
728
330
1F
100
AcDbEntity
  8
TopSolderMaskLayer
100
AcDbPolyline
 90
1
 70
 1
 43
0
 10
99.07078695918631
 20
23.122877592134863
 10
99.07105090100595
 20
23.122877592134863
0
HATCH
5
729
100
AcDbEntity
8
TopSolderMaskLayer
100
AcDbHatch
10
0
20
0
30
0
210
0
220
0
230
1
2
SOLID
70
1
71
0
91
1
92
7
72
0
73
1
93
52
10
98.52535118925425
20
22.864313592197504
10
98.52983820018517
20
22.933282410348056
10
98.5425074075199
20
23.00118607300601
10
98.56388669489661
20
23.06695942467843
10
98.59292029503831
20
23.129537309872944
10
98.62960820794456
20
23.18785457309673
10
98.67342254997607
20
23.241112347730223
10
98.72330755385565
20
23.28851176715409
10
98.77873533594425
20
23.328987675875737
10
98.83865012896354
20
23.36227378502167
10
98.90252404927514
20
23.38783751684582
10
98.96877344596192
20
23.404880004728625
10
99.0368704353848
20
23.41366753754312
10
99.1052313666271
20
23.41366753754312
10
99.17332835604998
20
23.404880004728625
10
99.23957775273675
20
23.38783751684582
10
99.30318773122872
20
23.36227378502167
10
99.36336646606765
20
23.328987675875737
10
99.41879424815602
20
23.28851176715409
10
99.46867925203583
20
23.241112347730223
10
99.51249359406734
20
23.18785457309673
10
99.54918150697358
20
23.129537309872944
10
99.57821510711528
20
23.06695942467843
10
99.59933045267258
20
23.00118607300601
10
99.61226360182673
20
22.933282410348056
10
99.616486670938
20
22.864313592197504
10
99.616486670938
20
22.602285341000197
10
99.61226360182673
20
22.53331652284976
10
99.59933045267258
20
22.46541286019192
10
99.57821510711528
20
22.3996395085195
10
99.54918150697358
20
22.337061623324985
10
99.51249359406734
20
22.2787443601012
10
99.46867925203583
20
22.225486585467593
10
99.41879424815602
20
22.178087166043724
10
99.36336646606765
20
22.13761125732219
10
99.30318773122872
20
22.104058859302995
10
99.23957775273675
20
22.07876141635211
10
99.17332835604998
20
22.061452639596155
10
99.1052313666271
20
22.05293139565481
10
99.0368704353848
20
22.05293139565481
10
98.96877344596192
20
22.061452639596155
10
98.90252404927514
20
22.07876141635211
10
98.83865012896354
20
22.104058859302995
10
98.77873533594425
20
22.13761125732219
10
98.72330755385565
20
22.178087166043724
10
98.67342254997607
20
22.225486585467593
10
98.62960820794456
20
22.2787443601012
10
98.59292029503831
20
22.337061623324985
10
98.56388669489661
20
22.3996395085195
10
98.5425074075199
20
22.46541286019192
10
98.52983820018517
20
22.53331652284976
10
98.52535118925425
20
22.602285341000197
97
1
330

75
0
76
1
47
0.4128176842155181
98
1
10
34.90568961886538
20
22.81183545379326
450
0
451
0
460
0
461
0
452
1
462
1
453
2
463
0
63
5
421
255
463
1
63
7
421
16777215
470
LINEAR
1001
ACAD
1010
0
1020
0
1030
0
 0
ARC
  5
72c
330
1F
100
AcDbEntity
  8
BottomSolderMaskLayer
100
AcDbCircle
 10
99.07105090100595
 20
22.733299466598965
 30
0.0
 40
0.3895781255358989
100
AcDbArc
 50
270
 51
450
 0
ARC
  5
72d
330
1F
100
AcDbEntity
  8
BottomSolderMaskLayer
100
AcDbCircle
 10
99.07078695918631
 20
22.733299466598965
 30
0.0
 40
0.3895781255358989
100
AcDbArc
 50
450
 51
270
 0
LWPOLYLINE
  5
72e
330
1F
100
AcDbEntity
  8
BottomSolderMaskLayer
100
AcDbPolyline
 90
1
 70
 1
 43
0
 10
99.07078695918631
 20
22.343721341063066
 10
99.07105090100595
 20
22.343721341063066
 0
LWPOLYLINE
  5
72f
330
1F
100
AcDbEntity
  8
BottomSolderMaskLayer
100
AcDbPolyline
 90
1
 70
 1
 43
0
 10
99.07078695918631
 20
23.122877592134863
 10
99.07105090100595
 20
23.122877592134863
0
HATCH
5
730
100
AcDbEntity
8
BottomSolderMaskLayer
100
AcDbHatch
10
0
20
0
30
0
210
0
220
0
230
1
2
SOLID
70
1
71
0
91
1
92
7
72
0
73
1
93
52
10
98.52535118925425
20
22.864313592197504
10
98.52983820018517
20
22.933282410348056
10
98.5425074075199
20
23.00118607300601
10
98.56388669489661
20
23.06695942467843
10
98.59292029503831
20
23.129537309872944
10
98.62960820794456
20
23.18785457309673
10
98.67342254997607
20
23.241112347730223
10
98.72330755385565
20
23.28851176715409
10
98.77873533594425
20
23.328987675875737
10
98.83865012896354
20
23.36227378502167
10
98.90252404927514
20
23.38783751684582
10
98.96877344596192
20
23.404880004728625
10
99.0368704353848
20
23.41366753754312
10
99.1052313666271
20
23.41366753754312
10
99.17332835604998
20
23.404880004728625
10
99.23957775273675
20
23.38783751684582
10
99.30318773122872
20
23.36227378502167
10
99.36336646606765
20
23.328987675875737
10
99.41879424815602
20
23.28851176715409
10
99.46867925203583
20
23.241112347730223
10
99.51249359406734
20
23.18785457309673
10
99.54918150697358
20
23.129537309872944
10
99.57821510711528
20
23.06695942467843
10
99.59933045267258
20
23.00118607300601
10
99.61226360182673
20
22.933282410348056
10
99.616486670938
20
22.864313592197504
10
99.616486670938
20
22.602285341000197
10
99.61226360182673
20
22.53331652284976
10
99.59933045267258
20
22.46541286019192
10
99.57821510711528
20
22.3996395085195
10
99.54918150697358
20
22.337061623324985
10
99.51249359406734
20
22.2787443601012
10
99.46867925203583
20
22.225486585467593
10
99.41879424815602
20
22.178087166043724
10
99.36336646606765
20
22.13761125732219
10
99.30318773122872
20
22.104058859302995
10
99.23957775273675
20
22.07876141635211
10
99.17332835604998
20
22.061452639596155
10
99.1052313666271
20
22.05293139565481
10
99.0368704353848
20
22.05293139565481
10
98.96877344596192
20
22.061452639596155
10
98.90252404927514
20
22.07876141635211
10
98.83865012896354
20
22.104058859302995
10
98.77873533594425
20
22.13761125732219
10
98.72330755385565
20
22.178087166043724
10
98.67342254997607
20
22.225486585467593
10
98.62960820794456
20
22.2787443601012
10
98.59292029503831
20
22.337061623324985
10
98.56388669489661
20
22.3996395085195
10
98.5425074075199
20
22.46541286019192
10
98.52983820018517
20
22.53331652284976
10
98.52535118925425
20
22.602285341000197
97
1
330

75
0
76
1
47
0.4128176842155181
98
1
10
34.90568961886538
20
22.81183545379326
450
0
451
0
460
0
461
0
452
1
462
1
453
2
463
0
63
5
421
255
463
1
63
7
421
16777215
470
LINEAR
1001
ACAD
1010
0
1020
0
1030
0
 0
ARC
  5
733
330
1F
100
AcDbEntity
  8
Multi-Layer
100
AcDbCircle
 10
99.07104394208795
 20
22.733299466598965
 30
0.0
 40
0.37490474980949967
100
AcDbArc
 50
270
 51
450
 0
ARC
  5
734
330
1F
100
AcDbEntity
  8
Multi-Layer
100
AcDbCircle
 10
99.07078994157996
 20
22.733299466598965
 30
0.0
 40
0.37490474980949967
100
AcDbArc
 50
450
 51
270
 0
LWPOLYLINE
  5
735
330
1F
100
AcDbEntity
  8
Multi-Layer
100
AcDbPolyline
 90
1
 70
 1
 43
0
 10
99.07078994157996
 20
22.358394716789466
 10
99.07104394208795
 20
22.358394716789466
 0
LWPOLYLINE
  5
736
330
1F
100
AcDbEntity
  8
Multi-Layer
100
AcDbPolyline
 90
1
 70
 1
 43
0
 10
99.07078994157996
 20
23.108204216408463
 10
99.07104394208795
 20
23.108204216408463
0
HATCH
5
737
100
AcDbEntity
8
Multi-Layer
100
AcDbHatch
10
0
20
0
30
0
210
0
220
0
230
1
2
SOLID
70
1
71
0
91
1
92
7
72
0
73
1
93
52
10
98.54589789179568
20
22.858267716535465
10
98.5502159004318
20
22.924053848107746
10
98.56240792481594
20
22.98882397764794
10
98.58298196596388
20
23.051562103124184
10
98.61092202184409
20
23.111252222504504
10
98.64622809245634
20
23.1668783337567
10
98.68839217678419
20
23.217678435356902
10
98.73639827279658
20
23.262890525781017
10
98.78973837947683
20
23.301498602997185
10
98.84739649479297
20
23.333248666497298
10
98.90886461772925
20
23.357632715265368
10
98.97261874523747
20
23.373888747777528
10
99.03815087630187
20
23.382270764541545
10
99.10393700787404
20
23.382270764541545
10
99.16946913893821
20
23.373888747777528
10
99.23322326644666
20
23.357632715265368
10
99.29443738887471
20
23.333248666497298
10
99.35234950469908
20
23.301498602997185
10
99.40568961137933
20
23.262890525781017
10
99.45369570739149
20
23.217678435356902
10
99.49585979171957
20
23.1668783337567
10
99.53116586233159
20
23.111252222504504
10
99.55910591821203
20
23.051562103124184
10
99.57942595885197
20
22.98882397764794
10
99.59187198374411
20
22.924053848107746
10
99.59593599187201
20
22.858267716535465
10
99.59593599187201
20
22.608331216662464
10
99.59187198374411
20
22.542545085090183
10
99.57942595885197
20
22.477774955549876
10
99.55910591821203
20
22.415036830073632
10
99.53116586233159
20
22.355346710693425
10
99.49585979171957
20
22.29972059944123
10
99.45369570739149
20
22.248920497841027
10
99.40568961137933
20
22.20370840741691
10
99.35234950469908
20
22.165100330200744
10
99.29443738887471
20
22.133096266192524
10
99.23322326644666
20
22.108966217932448
10
99.16946913893821
20
22.092456184912407
10
99.10393700787404
20
22.084328168656384
10
99.03815087630187
20
22.084328168656384
10
98.97261874523747
20
22.092456184912407
10
98.90886461772925
20
22.108966217932448
10
98.84739649479297
20
22.133096266192524
10
98.78973837947683
20
22.165100330200744
10
98.73639827279658
20
22.20370840741691
10
98.68839217678419
20
22.248920497841027
10
98.64622809245634
20
22.29972059944123
10
98.61092202184409
20
22.355346710693425
10
98.58298196596388
20
22.415036830073632
10
98.56240792481594
20
22.477774955549876
10
98.5502159004318
20
22.542545085090183
10
98.54589789179568
20
22.608331216662464
97
1
330

75
0
76
1
47
0.4128176842155181
98
1
10
34.90568961886538
20
22.81183545379326
450
0
451
0
460
0
461
0
452
1
462
1
453
2
463
0
63
5
421
255
463
1
63
7
421
16777215
470
LINEAR
1001
ACAD
1010
0
1020
0
1030
0
 0
ARC
  5
73a
330
1F
100
AcDbEntity
  8
TopSolderMaskLayer
100
AcDbCircle
 10
96.50909620057996
 20
22.733299466598965
 30
0.0
 40
0.3895781255358989
100
AcDbArc
 50
270
 51
450
 0
ARC
  5
73b
330
1F
100
AcDbEntity
  8
TopSolderMaskLayer
100
AcDbCircle
 10
96.50883225876032
 20
22.733299466598965
 30
0.0
 40
0.3895781255358989
100
AcDbArc
 50
450
 51
270
 0
LWPOLYLINE
  5
73c
330
1F
100
AcDbEntity
  8
TopSolderMaskLayer
100
AcDbPolyline
 90
1
 70
 1
 43
0
 10
96.50883225876032
 20
22.343721341063066
 10
96.50909620057996
 20
22.343721341063066
 0
LWPOLYLINE
  5
73d
330
1F
100
AcDbEntity
  8
TopSolderMaskLayer
100
AcDbPolyline
 90
1
 70
 1
 43
0
 10
96.50883225876032
 20
23.122877592134863
 10
96.50909620057996
 20
23.122877592134863
0
HATCH
5
73e
100
AcDbEntity
8
TopSolderMaskLayer
100
AcDbHatch
10
0
20
0
30
0
210
0
220
0
230
1
2
SOLID
70
1
71
0
91
1
92
7
72
0
73
1
93
52
10
95.96339648882827
20
22.864313592197504
10
95.96788349975941
20
22.933282410348056
10
95.98055270709392
20
23.00118607300601
10
96.00193199447085
20
23.06695942467843
10
96.03096559461233
20
23.129537309872944
10
96.06765350751834
20
23.18785457309673
10
96.11146784955031
20
23.241112347730223
10
96.16135285342966
20
23.28851176715409
10
96.21678063551803
20
23.328987675875737
10
96.27669542853755
20
23.36227378502167
10
96.34056934884893
20
23.38783751684582
10
96.40681874553593
20
23.404880004728625
10
96.47491573495859
20
23.41366753754312
10
96.54327666620088
20
23.41366753754312
10
96.61137365562399
20
23.404880004728625
10
96.67762305231076
20
23.38783751684582
10
96.74123303080273
20
23.36227378502167
10
96.80141176564166
20
23.328987675875737
10
96.85683954773003
20
23.28851176715409
10
96.90672455160984
20
23.241112347730223
10
96.95053889364158
20
23.18785457309673
10
96.9872268065476
20
23.129537309872944
10
97.0162604066893
20
23.06695942467843
10
97.03737575224659
20
23.00118607300601
10
97.05030890140074
20
22.933282410348056
10
97.05453197051202
20
22.864313592197504
10
97.05453197051202
20
22.602285341000197
10
97.05030890140074
20
22.53331652284976
10
97.03737575224659
20
22.46541286019192
10
97.0162604066893
20
22.3996395085195
10
96.9872268065476
20
22.337061623324985
10
96.95053889364158
20
22.2787443601012
10
96.90672455160984
20
22.225486585467593
10
96.85683954773003
20
22.178087166043724
10
96.80141176564166
20
22.13761125732219
10
96.74123303080273
20
22.104058859302995
10
96.67762305231076
20
22.07876141635211
10
96.61137365562399
20
22.061452639596155
10
96.54327666620088
20
22.05293139565481
10
96.47491573495859
20
22.05293139565481
10
96.40681874553593
20
22.061452639596155
10
96.34056934884893
20
22.07876141635211
10
96.27669542853755
20
22.104058859302995
10
96.21678063551803
20
22.13761125732219
10
96.16135285342966
20
22.178087166043724
10
96.11146784955031
20
22.225486585467593
10
96.06765350751834
20
22.2787443601012
10
96.03096559461233
20
22.337061623324985
10
96.00193199447085
20
22.3996395085195
10
95.98055270709392
20
22.46541286019192
10
95.96788349975941
20
22.53331652284976
10
95.96339648882827
20
22.602285341000197
97
1
330

75
0
76
1
47
0.4128176842155181
98
1
10
34.90568961886538
20
22.81183545379326
450
0
451
0
460
0
461
0
452
1
462
1
453
2
463
0
63
5
421
255
463
1
63
7
421
16777215
470
LINEAR
1001
ACAD
1010
0
1020
0
1030
0
 0
ARC
  5
741
330
1F
100
AcDbEntity
  8
BottomSolderMaskLayer
100
AcDbCircle
 10
96.50909620057996
 20
22.733299466598965
 30
0.0
 40
0.3895781255358989
100
AcDbArc
 50
270
 51
450
 0
ARC
  5
742
330
1F
100
AcDbEntity
  8
BottomSolderMaskLayer
100
AcDbCircle
 10
96.50883225876032
 20
22.733299466598965
 30
0.0
 40
0.3895781255358989
100
AcDbArc
 50
450
 51
270
 0
LWPOLYLINE
  5
743
330
1F
100
AcDbEntity
  8
BottomSolderMaskLayer
100
AcDbPolyline
 90
1
 70
 1
 43
0
 10
96.50883225876032
 20
22.343721341063066
 10
96.50909620057996
 20
22.343721341063066
 0
LWPOLYLINE
  5
744
330
1F
100
AcDbEntity
  8
BottomSolderMaskLayer
100
AcDbPolyline
 90
1
 70
 1
 43
0
 10
96.50883225876032
 20
23.122877592134863
 10
96.50909620057996
 20
23.122877592134863
0
HATCH
5
745
100
AcDbEntity
8
BottomSolderMaskLayer
100
AcDbHatch
10
0
20
0
30
0
210
0
220
0
230
1
2
SOLID
70
1
71
0
91
1
92
7
72
0
73
1
93
52
10
95.96339648882827
20
22.864313592197504
10
95.96788349975941
20
22.933282410348056
10
95.98055270709392
20
23.00118607300601
10
96.00193199447085
20
23.06695942467843
10
96.03096559461233
20
23.129537309872944
10
96.06765350751834
20
23.18785457309673
10
96.11146784955031
20
23.241112347730223
10
96.16135285342966
20
23.28851176715409
10
96.21678063551803
20
23.328987675875737
10
96.27669542853755
20
23.36227378502167
10
96.34056934884893
20
23.38783751684582
10
96.40681874553593
20
23.404880004728625
10
96.47491573495859
20
23.41366753754312
10
96.54327666620088
20
23.41366753754312
10
96.61137365562399
20
23.404880004728625
10
96.67762305231076
20
23.38783751684582
10
96.74123303080273
20
23.36227378502167
10
96.80141176564166
20
23.328987675875737
10
96.85683954773003
20
23.28851176715409
10
96.90672455160984
20
23.241112347730223
10
96.95053889364158
20
23.18785457309673
10
96.9872268065476
20
23.129537309872944
10
97.0162604066893
20
23.06695942467843
10
97.03737575224659
20
23.00118607300601
10
97.05030890140074
20
22.933282410348056
10
97.05453197051202
20
22.864313592197504
10
97.05453197051202
20
22.602285341000197
10
97.05030890140074
20
22.53331652284976
10
97.03737575224659
20
22.46541286019192
10
97.0162604066893
20
22.3996395085195
10
96.9872268065476
20
22.337061623324985
10
96.95053889364158
20
22.2787443601012
10
96.90672455160984
20
22.225486585467593
10
96.85683954773003
20
22.178087166043724
10
96.80141176564166
20
22.13761125732219
10
96.74123303080273
20
22.104058859302995
10
96.67762305231076
20
22.07876141635211
10
96.61137365562399
20
22.061452639596155
10
96.54327666620088
20
22.05293139565481
10
96.47491573495859
20
22.05293139565481
10
96.40681874553593
20
22.061452639596155
10
96.34056934884893
20
22.07876141635211
10
96.27669542853755
20
22.104058859302995
10
96.21678063551803
20
22.13761125732219
10
96.16135285342966
20
22.178087166043724
10
96.11146784955031
20
22.225486585467593
10
96.06765350751834
20
22.2787443601012
10
96.03096559461233
20
22.337061623324985
10
96.00193199447085
20
22.3996395085195
10
95.98055270709392
20
22.46541286019192
10
95.96788349975941
20
22.53331652284976
10
95.96339648882827
20
22.602285341000197
97
1
330

75
0
76
1
47
0.4128176842155181
98
1
10
34.90568961886538
20
22.81183545379326
450
0
451
0
460
0
461
0
452
1
462
1
453
2
463
0
63
5
421
255
463
1
63
7
421
16777215
470
LINEAR
1001
ACAD
1010
0
1020
0
1030
0
 0
ARC
  5
748
330
1F
100
AcDbEntity
  8
Multi-Layer
100
AcDbCircle
 10
96.50909321818631
 20
22.733299466598965
 30
0.0
 40
0.37490474980949967
100
AcDbArc
 50
270
 51
450
 0
ARC
  5
749
330
1F
100
AcDbEntity
  8
Multi-Layer
100
AcDbCircle
 10
96.50883921767831
 20
22.733299466598965
 30
0.0
 40
0.37490474980949967
100
AcDbArc
 50
450
 51
270
 0
LWPOLYLINE
  5
74a
330
1F
100
AcDbEntity
  8
Multi-Layer
100
AcDbPolyline
 90
1
 70
 1
 43
0
 10
96.50883921767831
 20
22.358394716789466
 10
96.50909321818631
 20
22.358394716789466
 0
LWPOLYLINE
  5
74b
330
1F
100
AcDbEntity
  8
Multi-Layer
100
AcDbPolyline
 90
1
 70
 1
 43
0
 10
96.50883921767831
 20
23.108204216408463
 10
96.50909321818631
 20
23.108204216408463
0
HATCH
5
74c
100
AcDbEntity
8
Multi-Layer
100
AcDbHatch
10
0
20
0
30
0
210
0
220
0
230
1
2
SOLID
70
1
71
0
91
1
92
7
72
0
73
1
93
52
10
95.98394716789426
20
22.858267716535465
10
95.9882651765306
20
22.924053848107746
10
96.00045720091452
20
22.98882397764794
10
96.02103124206269
20
23.051562103124184
10
96.04897129794267
20
23.111252222504504
10
96.0842773685547
20
23.1668783337567
10
96.126441452883
20
23.217678435356902
10
96.17444754889516
20
23.262890525781017
10
96.22778765557518
20
23.301498602997185
10
96.28544577089156
20
23.333248666497298
10
96.34691389382783
20
23.357632715265368
10
96.41066802133605
20
23.373888747777528
10
96.47620015240022
20
23.382270764541545
10
96.54198628397262
20
23.382270764541545
10
96.6075184150368
20
23.373888747777528
10
96.67127254254501
20
23.357632715265368
10
96.7324866649733
20
23.333248666497298
10
96.79039878079766
20
23.301498602997185
10
96.84373888747768
20
23.262890525781017
10
96.89174498349007
20
23.217678435356902
10
96.93390906781838
20
23.1668783337567
10
96.96921513843017
20
23.111252222504504
10
96.99715519431038
20
23.051562103124184
10
97.01747523495055
20
22.98882397764794
10
97.02992125984247
20
22.924053848107746
10
97.03398526797059
20
22.858267716535465
10
97.03398526797059
20
22.608331216662464
10
97.02992125984247
20
22.542545085090183
10
97.01747523495055
20
22.477774955549876
10
96.99715519431038
20
22.415036830073632
10
96.96921513843017
20
22.355346710693425
10
96.93390906781838
20
22.29972059944123
10
96.89174498349007
20
22.248920497841027
10
96.84373888747768
20
22.20370840741691
10
96.79039878079766
20
22.165100330200744
10
96.7324866649733
20
22.133096266192524
10
96.67127254254501
20
22.108966217932448
10
96.6075184150368
20
22.092456184912407
10
96.54198628397262
20
22.084328168656384
10
96.47620015240022
20
22.084328168656384
10
96.41066802133605
20
22.092456184912407
10
96.34691389382783
20
22.108966217932448
10
96.28544577089156
20
22.133096266192524
10
96.22778765557518
20
22.165100330200744
10
96.17444754889516
20
22.20370840741691
10
96.126441452883
20
22.248920497841027
10
96.0842773685547
20
22.29972059944123
10
96.04897129794267
20
22.355346710693425
10
96.02103124206269
20
22.415036830073632
10
96.00045720091452
20
22.477774955549876
10
95.9882651765306
20
22.542545085090183
10
95.98394716789426
20
22.608331216662464
97
1
330

75
0
76
1
47
0.4128176842155181
98
1
10
34.90568961886538
20
22.81183545379326
450
0
451
0
460
0
461
0
452
1
462
1
453
2
463
0
63
5
421
255
463
1
63
7
421
16777215
470
LINEAR
1001
ACAD
1010
0
1020
0
1030
0
 0
ARC
  5
74f
330
1F
100
AcDbEntity
  8
TopSolderMaskLayer
100
AcDbCircle
 10
97.79007355079307
 20
22.733299466598965
 30
0.0
 40
0.3895781255358989
100
AcDbArc
 50
270
 51
450
 0
ARC
  5
750
330
1F
100
AcDbEntity
  8
TopSolderMaskLayer
100
AcDbCircle
 10
97.7898096089732
 20
22.733299466598965
 30
0.0
 40
0.3895781255358989
100
AcDbArc
 50
450
 51
270
 0
LWPOLYLINE
  5
751
330
1F
100
AcDbEntity
  8
TopSolderMaskLayer
100
AcDbPolyline
 90
1
 70
 1
 43
0
 10
97.7898096089732
 20
22.343721341063066
 10
97.79007355079307
 20
22.343721341063066
 0
LWPOLYLINE
  5
752
330
1F
100
AcDbEntity
  8
TopSolderMaskLayer
100
AcDbPolyline
 90
1
 70
 1
 43
0
 10
97.7898096089732
 20
23.122877592134863
 10
97.79007355079307
 20
23.122877592134863
0
HATCH
5
753
100
AcDbEntity
8
TopSolderMaskLayer
100
AcDbHatch
10
0
20
0
30
0
210
0
220
0
230
1
2
SOLID
70
1
71
0
91
1
92
7
72
0
73
1
93
52
10
97.24437383904115
20
22.864313592197504
10
97.24886084997229
20
22.933282410348056
10
97.2615300573068
20
23.00118607300601
10
97.28290934468396
20
23.06695942467843
10
97.31194294482543
20
23.129537309872944
10
97.34863085773168
20
23.18785457309673
10
97.39244519976342
20
23.241112347730223
10
97.44233020364277
20
23.28851176715409
10
97.49775798573114
20
23.328987675875737
10
97.55767277875043
20
23.36227378502167
10
97.62154669906204
20
23.38783751684582
10
97.68779609574881
20
23.404880004728625
10
97.75589308517169
20
23.41366753754312
10
97.82425401641399
20
23.41366753754312
10
97.8923510058371
20
23.404880004728625
10
97.95860040252364
20
23.38783751684582
10
98.02221038101584
20
23.36227378502167
10
98.08238911585454
20
23.328987675875737
10
98.13781689794291
20
23.28851176715409
10
98.18770190182272
20
23.241112347730223
10
98.23151624385446
20
23.18785457309673
10
98.2682041567607
20
23.129537309872944
10
98.2972377569024
20
23.06695942467843
10
98.3183531024597
20
23.00118607300601
10
98.33128625161385
20
22.933282410348056
10
98.33550932072512
20
22.864313592197504
10
98.33550932072512
20
22.602285341000197
10
98.33128625161385
20
22.53331652284976
10
98.3183531024597
20
22.46541286019192
10
98.2972377569024
20
22.3996395085195
10
98.2682041567607
20
22.337061623324985
10
98.23151624385446
20
22.2787443601012
10
98.18770190182272
20
22.225486585467593
10
98.13781689794291
20
22.178087166043724
10
98.08238911585454
20
22.13761125732219
10
98.02221038101584
20
22.104058859302995
10
97.95860040252364
20
22.07876141635211
10
97.8923510058371
20
22.061452639596155
10
97.82425401641399
20
22.05293139565481
10
97.75589308517169
20
22.05293139565481
10
97.68779609574881
20
22.061452639596155
10
97.62154669906204
20
22.07876141635211
10
97.55767277875043
20
22.104058859302995
10
97.49775798573114
20
22.13761125732219
10
97.44233020364277
20
22.178087166043724
10
97.39244519976342
20
22.225486585467593
10
97.34863085773168
20
22.2787443601012
10
97.31194294482543
20
22.337061623324985
10
97.28290934468396
20
22.3996395085195
10
97.2615300573068
20
22.46541286019192
10
97.24886084997229
20
22.53331652284976
10
97.24437383904115
20
22.602285341000197
97
1
330

75
0
76
1
47
0.4128176842155181
98
1
10
34.90568961886538
20
22.81183545379326
450
0
451
0
460
0
461
0
452
1
462
1
453
2
463
0
63
5
421
255
463
1
63
7
421
16777215
470
LINEAR
1001
ACAD
1010
0
1020
0
1030
0
 0
ARC
  5
756
330
1F
100
AcDbEntity
  8
BottomSolderMaskLayer
100
AcDbCircle
 10
97.79007355079307
 20
22.733299466598965
 30
0.0
 40
0.3895781255358989
100
AcDbArc
 50
270
 51
450
 0
ARC
  5
757
330
1F
100
AcDbEntity
  8
BottomSolderMaskLayer
100
AcDbCircle
 10
97.7898096089732
 20
22.733299466598965
 30
0.0
 40
0.3895781255358989
100
AcDbArc
 50
450
 51
270
 0
LWPOLYLINE
  5
758
330
1F
100
AcDbEntity
  8
BottomSolderMaskLayer
100
AcDbPolyline
 90
1
 70
 1
 43
0
 10
97.7898096089732
 20
22.343721341063066
 10
97.79007355079307
 20
22.343721341063066
 0
LWPOLYLINE
  5
759
330
1F
100
AcDbEntity
  8
BottomSolderMaskLayer
100
AcDbPolyline
 90
1
 70
 1
 43
0
 10
97.7898096089732
 20
23.122877592134863
 10
97.79007355079307
 20
23.122877592134863
0
HATCH
5
75a
100
AcDbEntity
8
BottomSolderMaskLayer
100
AcDbHatch
10
0
20
0
30
0
210
0
220
0
230
1
2
SOLID
70
1
71
0
91
1
92
7
72
0
73
1
93
52
10
97.24437383904115
20
22.864313592197504
10
97.24886084997229
20
22.933282410348056
10
97.2615300573068
20
23.00118607300601
10
97.28290934468396
20
23.06695942467843
10
97.31194294482543
20
23.129537309872944
10
97.34863085773168
20
23.18785457309673
10
97.39244519976342
20
23.241112347730223
10
97.44233020364277
20
23.28851176715409
10
97.49775798573114
20
23.328987675875737
10
97.55767277875043
20
23.36227378502167
10
97.62154669906204
20
23.38783751684582
10
97.68779609574881
20
23.404880004728625
10
97.75589308517169
20
23.41366753754312
10
97.82425401641399
20
23.41366753754312
10
97.8923510058371
20
23.404880004728625
10
97.95860040252364
20
23.38783751684582
10
98.02221038101584
20
23.36227378502167
10
98.08238911585454
20
23.328987675875737
10
98.13781689794291
20
23.28851176715409
10
98.18770190182272
20
23.241112347730223
10
98.23151624385446
20
23.18785457309673
10
98.2682041567607
20
23.129537309872944
10
98.2972377569024
20
23.06695942467843
10
98.3183531024597
20
23.00118607300601
10
98.33128625161385
20
22.933282410348056
10
98.33550932072512
20
22.864313592197504
10
98.33550932072512
20
22.602285341000197
10
98.33128625161385
20
22.53331652284976
10
98.3183531024597
20
22.46541286019192
10
98.2972377569024
20
22.3996395085195
10
98.2682041567607
20
22.337061623324985
10
98.23151624385446
20
22.2787443601012
10
98.18770190182272
20
22.225486585467593
10
98.13781689794291
20
22.178087166043724
10
98.08238911585454
20
22.13761125732219
10
98.02221038101584
20
22.104058859302995
10
97.95860040252364
20
22.07876141635211
10
97.8923510058371
20
22.061452639596155
10
97.82425401641399
20
22.05293139565481
10
97.75589308517169
20
22.05293139565481
10
97.68779609574881
20
22.061452639596155
10
97.62154669906204
20
22.07876141635211
10
97.55767277875043
20
22.104058859302995
10
97.49775798573114
20
22.13761125732219
10
97.44233020364277
20
22.178087166043724
10
97.39244519976342
20
22.225486585467593
10
97.34863085773168
20
22.2787443601012
10
97.31194294482543
20
22.337061623324985
10
97.28290934468396
20
22.3996395085195
10
97.2615300573068
20
22.46541286019192
10
97.24886084997229
20
22.53331652284976
10
97.24437383904115
20
22.602285341000197
97
1
330

75
0
76
1
47
0.4128176842155181
98
1
10
34.90568961886538
20
22.81183545379326
450
0
451
0
460
0
461
0
452
1
462
1
453
2
463
0
63
5
421
255
463
1
63
7
421
16777215
470
LINEAR
1001
ACAD
1010
0
1020
0
1030
0
 0
ARC
  5
75d
330
1F
100
AcDbEntity
  8
Multi-Layer
100
AcDbCircle
 10
97.79006858013713
 20
22.733299466598965
 30
0.0
 40
0.37490474980949967
100
AcDbArc
 50
270
 51
450
 0
ARC
  5
75e
330
1F
100
AcDbEntity
  8
Multi-Layer
100
AcDbCircle
 10
97.78981457962914
 20
22.733299466598965
 30
0.0
 40
0.37490474980949967
100
AcDbArc
 50
450
 51
270
 0
LWPOLYLINE
  5
75f
330
1F
100
AcDbEntity
  8
Multi-Layer
100
AcDbPolyline
 90
1
 70
 1
 43
0
 10
97.78981457962914
 20
22.358394716789466
 10
97.79006858013713
 20
22.358394716789466
 0
LWPOLYLINE
  5
760
330
1F
100
AcDbEntity
  8
Multi-Layer
100
AcDbPolyline
 90
1
 70
 1
 43
0
 10
97.78981457962914
 20
23.108204216408463
 10
97.79006858013713
 20
23.108204216408463
0
HATCH
5
761
100
AcDbEntity
8
Multi-Layer
100
AcDbHatch
10
0
20
0
30
0
210
0
220
0
230
1
2
SOLID
70
1
71
0
91
1
92
7
72
0
73
1
93
52
10
97.26492252984508
20
22.858267716535465
10
97.26924053848097
20
22.924053848107746
10
97.28143256286512
20
22.98882397764794
10
97.30200660401329
20
23.051562103124184
10
97.32994665989327
20
23.111252222504504
10
97.36525273050552
20
23.1668783337567
10
97.40741681483382
20
23.217678435356902
10
97.45542291084575
20
23.262890525781017
10
97.50876301752601
20
23.301498602997185
10
97.56642113284215
20
23.333248666497298
10
97.62788925577843
20
23.357632715265368
10
97.69164338328687
20
23.373888747777528
10
97.75717551435105
20
23.382270764541545
10
97.82296164592321
20
23.382270764541545
10
97.88849377698762
20
23.373888747777528
10
97.95224790449583
20
23.357632715265368
10
98.01346202692412
20
23.333248666497298
10
98.07137414274825
20
23.301498602997185
10
98.12471424942851
20
23.262890525781017
10
98.1727203454409
20
23.217678435356902
10
98.21488442976874
20
23.1668783337567
10
98.250190500381
20
23.111252222504504
10
98.2781305562612
20
23.051562103124184
10
98.29845059690138
20
22.98882397764794
10
98.31089662179329
20
22.924053848107746
10
98.31496062992119
20
22.858267716535465
10
98.31496062992119
20
22.608331216662464
10
98.31089662179329
20
22.542545085090183
10
98.29845059690138
20
22.477774955549876
10
98.2781305562612
20
22.415036830073632
10
98.250190500381
20
22.355346710693425
10
98.21488442976874
20
22.29972059944123
10
98.1727203454409
20
22.248920497841027
10
98.12471424942851
20
22.20370840741691
10
98.07137414274825
20
22.165100330200744
10
98.01346202692412
20
22.133096266192524
10
97.95224790449583
20
22.108966217932448
10
97.88849377698762
20
22.092456184912407
10
97.82296164592321
20
22.084328168656384
10
97.75717551435105
20
22.084328168656384
10
97.69164338328687
20
22.092456184912407
10
97.62788925577843
20
22.108966217932448
10
97.56642113284215
20
22.133096266192524
10
97.50876301752601
20
22.165100330200744
10
97.45542291084575
20
22.20370840741691
10
97.40741681483382
20
22.248920497841027
10
97.36525273050552
20
22.29972059944123
10
97.32994665989327
20
22.355346710693425
10
97.30200660401329
20
22.415036830073632
10
97.28143256286512
20
22.477774955549876
10
97.26924053848097
20
22.542545085090183
10
97.26492252984508
20
22.608331216662464
97
1
330

75
0
76
1
47
0.4128176842155181
98
1
10
34.90568961886538
20
22.81183545379326
450
0
451
0
460
0
461
0
452
1
462
1
453
2
463
0
63
5
421
255
463
1
63
7
421
16777215
470
LINEAR
1001
ACAD
1010
0
1020
0
1030
0
 0
ARC
  5
764
330
1F
100
AcDbEntity
  8
TopSolderMaskLayer
100
AcDbCircle
 10
116.71297942595879
 20
2.5291506564630026
 30
0.0
 40
0.3895781255358989
100
AcDbArc
 50
180
 51
360
 0
ARC
  5
765
330
1F
100
AcDbEntity
  8
TopSolderMaskLayer
100
AcDbCircle
 10
116.71297942595879
 20
2.5294169453360382
 30
0.0
 40
0.3895781255358989
100
AcDbArc
 50
360
 51
180
 0
LWPOLYLINE
  5
766
330
1F
100
AcDbEntity
  8
TopSolderMaskLayer
100
AcDbPolyline
 90
1
 70
 1
 43
0
 10
116.32340130042289
 20
2.5294169453360382
 10
116.32340130042289
 20
2.5291506564630026
 0
LWPOLYLINE
  5
767
330
1F
100
AcDbEntity
  8
TopSolderMaskLayer
100
AcDbPolyline
 90
1
 70
 1
 43
0
 10
117.1025575514947
 20
2.5294169453360382
 10
117.1025575514947
 20
2.5291506564630026
0
HATCH
5
768
100
AcDbEntity
8
TopSolderMaskLayer
100
AcDbHatch
10
0
20
0
30
0
210
0
220
0
230
1
2
SOLID
70
1
71
0
91
1
92
7
72
0
73
1
93
52
10
116.84283880113753
20
3.0797029017377326
10
116.91119973238006
20
3.07517599089374
10
116.97850489634448
20
3.0623941249818927
10
117.04369852575337
20
3.0408247262552095
10
117.10572485332864
20
3.011532950206629
10
117.16352811179195
20
2.974518796836378
10
117.21631647568597
20
2.930314843890528
10
117.26329811955111
20
2.8799862468617903
10
117.30341727611062
20
2.8240655834964628
10
117.33641000354419
20
2.7636180092872564
10
117.36174841821321
20
2.6991761019806972
10
117.378640694659
20
2.6323375948154535
10
117.38735077470164
20
2.563635065538165
10
117.38735077470164
20
2.494666247387613
10
117.378640694659
20
2.425963718110438
10
117.36174841821321
20
2.3591252109451943
10
117.33641000354419
20
2.2949495925116707
10
117.30341727611062
20
2.234235729429315
10
117.26329811955111
20
2.1783150660641013
10
117.21631647568597
20
2.1279864690353634
10
117.16352811179195
20
2.0837825160895136
10
117.10572485332864
20
2.0467683627190354
10
117.04369852575337
20
2.017476586670682
10
116.97850489634448
20
1.9961734768172619
10
116.91119973238006
20
1.9831253220320377
10
116.84283880113753
20
1.9788647000613082
10
116.58312005078005
20
1.9788647000613082
10
116.51475911953776
20
1.9831253220320377
10
116.44745395557334
20
1.9961734768172619
10
116.38226032616467
20
2.017476586670682
10
116.3202339985894
20
2.0467683627190354
10
116.26243074012586
20
2.0837825160895136
10
116.20964237623184
20
2.1279864690353634
10
116.16266073236648
20
2.1783150660641013
10
116.12254157580719
20
2.234235729429315
10
116.08928490655421
20
2.2949495925116707
10
116.06421043370483
20
2.3591252109451943
10
116.04705421543918
20
2.425963718110438
10
116.03860807721617
20
2.494666247387613
10
116.03860807721617
20
2.563635065538165
10
116.04705421543918
20
2.6323375948154535
10
116.06421043370483
20
2.6991761019806972
10
116.08928490655421
20
2.7636180092872564
10
116.12254157580719
20
2.8240655834964628
10
116.16266073236648
20
2.8799862468617903
10
116.20964237623184
20
2.930314843890528
10
116.26243074012586
20
2.974518796836378
10
116.3202339985894
20
3.011532950206629
10
116.38226032616467
20
3.0408247262552095
10
116.44745395557334
20
3.0623941249818927
10
116.51475911953776
20
3.07517599089374
10
116.58312005078005
20
3.0797029017377326
97
1
330

75
0
76
1
47
0.4128176842155181
98
1
10
34.90568961886538
20
22.81183545379326
450
0
451
0
460
0
461
0
452
1
462
1
453
2
463
0
63
5
421
255
463
1
63
7
421
16777215
470
LINEAR
1001
ACAD
1010
0
1020
0
1030
0
 0
ARC
  5
76b
330
1F
100
AcDbEntity
  8
BottomSolderMaskLayer
100
AcDbCircle
 10
116.71297942595879
 20
2.5291506564630026
 30
0.0
 40
0.3895781255358989
100
AcDbArc
 50
180
 51
360
 0
ARC
  5
76c
330
1F
100
AcDbEntity
  8
BottomSolderMaskLayer
100
AcDbCircle
 10
116.71297942595879
 20
2.5294169453360382
 30
0.0
 40
0.3895781255358989
100
AcDbArc
 50
360
 51
180
 0
LWPOLYLINE
  5
76d
330
1F
100
AcDbEntity
  8
BottomSolderMaskLayer
100
AcDbPolyline
 90
1
 70
 1
 43
0
 10
116.32340130042289
 20
2.5294169453360382
 10
116.32340130042289
 20
2.5291506564630026
 0
LWPOLYLINE
  5
76e
330
1F
100
AcDbEntity
  8
BottomSolderMaskLayer
100
AcDbPolyline
 90
1
 70
 1
 43
0
 10
117.1025575514947
 20
2.5294169453360382
 10
117.1025575514947
 20
2.5291506564630026
0
HATCH
5
76f
100
AcDbEntity
8
BottomSolderMaskLayer
100
AcDbHatch
10
0
20
0
30
0
210
0
220
0
230
1
2
SOLID
70
1
71
0
91
1
92
7
72
0
73
1
93
52
10
116.84283880113753
20
3.0797029017377326
10
116.91119973238006
20
3.07517599089374
10
116.97850489634448
20
3.0623941249818927
10
117.04369852575337
20
3.0408247262552095
10
117.10572485332864
20
3.011532950206629
10
117.16352811179195
20
2.974518796836378
10
117.21631647568597
20
2.930314843890528
10
117.26329811955111
20
2.8799862468617903
10
117.30341727611062
20
2.8240655834964628
10
117.33641000354419
20
2.7636180092872564
10
117.36174841821321
20
2.6991761019806972
10
117.378640694659
20
2.6323375948154535
10
117.38735077470164
20
2.563635065538165
10
117.38735077470164
20
2.494666247387613
10
117.378640694659
20
2.425963718110438
10
117.36174841821321
20
2.3591252109451943
10
117.33641000354419
20
2.2949495925116707
10
117.30341727611062
20
2.234235729429315
10
117.26329811955111
20
2.1783150660641013
10
117.21631647568597
20
2.1279864690353634
10
117.16352811179195
20
2.0837825160895136
10
117.10572485332864
20
2.0467683627190354
10
117.04369852575337
20
2.017476586670682
10
116.97850489634448
20
1.9961734768172619
10
116.91119973238006
20
1.9831253220320377
10
116.84283880113753
20
1.9788647000613082
10
116.58312005078005
20
1.9788647000613082
10
116.51475911953776
20
1.9831253220320377
10
116.44745395557334
20
1.9961734768172619
10
116.38226032616467
20
2.017476586670682
10
116.3202339985894
20
2.0467683627190354
10
116.26243074012586
20
2.0837825160895136
10
116.20964237623184
20
2.1279864690353634
10
116.16266073236648
20
2.1783150660641013
10
116.12254157580719
20
2.234235729429315
10
116.08928490655421
20
2.2949495925116707
10
116.06421043370483
20
2.3591252109451943
10
116.04705421543918
20
2.425963718110438
10
116.03860807721617
20
2.494666247387613
10
116.03860807721617
20
2.563635065538165
10
116.04705421543918
20
2.6323375948154535
10
116.06421043370483
20
2.6991761019806972
10
116.08928490655421
20
2.7636180092872564
10
116.12254157580719
20
2.8240655834964628
10
116.16266073236648
20
2.8799862468617903
10
116.20964237623184
20
2.930314843890528
10
116.26243074012586
20
2.974518796836378
10
116.3202339985894
20
3.011532950206629
10
116.38226032616467
20
3.0408247262552095
10
116.44745395557334
20
3.0623941249818927
10
116.51475911953776
20
3.07517599089374
10
116.58312005078005
20
3.0797029017377326
97
1
330

75
0
76
1
47
0.4128176842155181
98
1
10
34.90568961886538
20
22.81183545379326
450
0
451
0
460
0
461
0
452
1
462
1
453
2
463
0
63
5
421
255
463
1
63
7
421
16777215
470
LINEAR
1001
ACAD
1010
0
1020
0
1030
0
 0
ARC
  5
772
330
1F
100
AcDbEntity
  8
Multi-Layer
100
AcDbCircle
 10
116.71297942595879
 20
2.5291592583184865
 30
0.0
 40
0.37490474980949967
100
AcDbArc
 50
180
 51
360
 0
ARC
  5
773
330
1F
100
AcDbEntity
  8
Multi-Layer
100
AcDbCircle
 10
116.71297942595879
 20
2.52941325882648
 30
0.0
 40
0.37490474980949967
100
AcDbArc
 50
360
 51
180
 0
LWPOLYLINE
  5
774
330
1F
100
AcDbEntity
  8
Multi-Layer
100
AcDbPolyline
 90
1
 70
 1
 43
0
 10
116.33807467614929
 20
2.52941325882648
 10
116.33807467614929
 20
2.5291592583184865
 0
LWPOLYLINE
  5
775
330
1F
100
AcDbEntity
  8
Multi-Layer
100
AcDbPolyline
 90
1
 70
 1
 43
0
 10
117.0878841757683
 20
2.52941325882648
 10
117.0878841757683
 20
2.5291592583184865
0
HATCH
5
776
100
AcDbEntity
8
Multi-Layer
100
AcDbHatch
10
0
20
0
30
0
210
0
220
0
230
1
2
SOLID
70
1
71
0
91
1
92
7
72
0
73
1
93
52
10
116.8379476758953
20
3.054305308610651
10
116.90373380746769
20
3.049987299974532
10
116.96850393700788
20
3.037795275590611
10
117.03124206248435
20
3.017221234442445
10
117.09093218186445
20
2.9892811785623508
10
117.14655829311664
20
2.953975107950214
10
117.19735839471673
20
2.911811023622022
10
117.24257048514096
20
2.8638049276098627
10
117.28117856235713
20
2.810464820929724
10
117.31292862585724
20
2.7528067056133523
10
117.33731267462554
20
2.69133858267719
10
117.35356870713736
20
2.627584455168858
10
117.3619507239016
20
2.562052324104684
10
117.3619507239016
20
2.496266192532403
10
117.35356870713736
20
2.430734061468229
10
117.33731267462554
20
2.3669799339598967
10
117.31292862585724
20
2.3057658115316144
10
117.28117856235713
20
2.247853695707363
10
117.24257048514096
20
2.194513589027224
10
117.19735839471673
20
2.146507493015065
10
117.14655829311664
20
2.104343408686759
10
117.09093218186445
20
2.0690373380746223
10
117.03124206248435
20
2.0410972821946416
10
116.96850393700788
20
2.0207772415545833
10
116.90373380746769
20
2.0083312166625547
10
116.8379476758953
20
2.0042672085344293
10
116.58801117602229
20
2.0042672085344293
10
116.52222504445012
20
2.0083312166625547
10
116.45745491490993
20
2.0207772415545833
10
116.39471678943369
20
2.0410972821946416
10
116.33502667005337
20
2.0690373380746223
10
116.27940055880117
20
2.104343408686759
10
116.22860045720086
20
2.146507493015065
10
116.18338836677663
20
2.194513589027224
10
116.14478028956046
20
2.247853695707363
10
116.11277622555258
20
2.3057658115316144
10
116.0886461772925
20
2.3669799339598967
10
116.07213614427224
20
2.430734061468229
10
116.06400812801644
20
2.496266192532403
10
116.06400812801644
20
2.562052324104684
10
116.07213614427224
20
2.627584455168858
10
116.0886461772925
20
2.69133858267719
10
116.11277622555258
20
2.7528067056133523
10
116.14478028956046
20
2.810464820929724
10
116.18338836677663
20
2.8638049276098627
10
116.22860045720086
20
2.911811023622022
10
116.27940055880117
20
2.953975107950214
10
116.33502667005337
20
2.9892811785623508
10
116.39471678943369
20
3.017221234442445
10
116.45745491490993
20
3.037795275590611
10
116.52222504445012
20
3.049987299974532
10
116.58801117602229
20
3.054305308610651
97
1
330

75
0
76
1
47
0.4128176842155181
98
1
10
34.90568961886538
20
22.81183545379326
450
0
451
0
460
0
461
0
452
1
462
1
453
2
463
0
63
5
421
255
463
1
63
7
421
16777215
470
LINEAR
1001
ACAD
1010
0
1020
0
1030
0
 0
ARC
  5
779
330
1F
100
AcDbEntity
  8
TopSolderMaskLayer
100
AcDbCircle
 10
116.71297942595879
 20
5.0911062957104605
 30
0.0
 40
0.3895781255358989
100
AcDbArc
 50
180
 51
360
 0
ARC
  5
77a
330
1F
100
AcDbEntity
  8
TopSolderMaskLayer
100
AcDbCircle
 10
116.71297942595879
 20
5.091372584583496
 30
0.0
 40
0.3895781255358989
100
AcDbArc
 50
360
 51
180
 0
LWPOLYLINE
  5
77b
330
1F
100
AcDbEntity
  8
TopSolderMaskLayer
100
AcDbPolyline
 90
1
 70
 1
 43
0
 10
116.32340130042289
 20
5.091372584583496
 10
116.32340130042289
 20
5.0911062957104605
 0
LWPOLYLINE
  5
77c
330
1F
100
AcDbEntity
  8
TopSolderMaskLayer
100
AcDbPolyline
 90
1
 70
 1
 43
0
 10
117.1025575514947
 20
5.091372584583496
 10
117.1025575514947
 20
5.0911062957104605
0
HATCH
5
77d
100
AcDbEntity
8
TopSolderMaskLayer
100
AcDbHatch
10
0
20
0
30
0
210
0
220
0
230
1
2
SOLID
70
1
71
0
91
1
92
7
72
0
73
1
93
52
10
116.84283880113753
20
5.6416585409851905
10
116.91119973238006
20
5.637131630141312
10
116.97850489634448
20
5.6243497642293505
10
117.04369852575337
20
5.602780365502667
10
117.10572485332864
20
5.5734885894542
10
117.16352811179195
20
5.536474436083836
10
117.21631647568597
20
5.492270483137986
10
117.26329811955111
20
5.441941886109248
10
117.30341727611062
20
5.386021222743921
10
117.33641000354419
20
5.325573648534828
10
117.36174841821321
20
5.261131741228269
10
117.378640694659
20
5.194293234063025
10
117.38735077470164
20
5.125590704785736
10
117.38735077470164
20
5.056621886635185
10
117.378640694659
20
4.987919357357782
10
117.36174841821321
20
4.921080850192766
10
117.33641000354419
20
4.856905231759242
10
117.30341727611062
20
4.796191368676887
10
117.26329811955111
20
4.740270705311559
10
117.21631647568597
20
4.689942108282935
10
117.16352811179195
20
4.645738155336971
10
117.10572485332864
20
4.608724001966607
10
117.04369852575337
20
4.57943222591814
10
116.97850489634448
20
4.558129116064606
10
116.91119973238006
20
4.545080961279496
10
116.84283880113753
20
4.540820339308766
10
116.58312005078005
20
4.540820339308766
10
116.51475911953776
20
4.545080961279496
10
116.44745395557334
20
4.558129116064606
10
116.38226032616467
20
4.57943222591814
10
116.3202339985894
20
4.608724001966607
10
116.26243074012586
20
4.645738155336971
10
116.20964237623184
20
4.689942108282935
10
116.16266073236648
20
4.740270705311559
10
116.12254157580719
20
4.796191368676887
10
116.08928490655421
20
4.856905231759242
10
116.06421043370483
20
4.921080850192766
10
116.04705421543918
20
4.987919357357782
10
116.03860807721617
20
5.056621886635185
10
116.03860807721617
20
5.125590704785736
10
116.04705421543918
20
5.194293234063025
10
116.06421043370483
20
5.261131741228269
10
116.08928490655421
20
5.325573648534828
10
116.12254157580719
20
5.386021222743921
10
116.16266073236648
20
5.441941886109248
10
116.20964237623184
20
5.492270483137986
10
116.26243074012586
20
5.536474436083836
10
116.3202339985894
20
5.5734885894542
10
116.38226032616467
20
5.602780365502667
10
116.44745395557334
20
5.6243497642293505
10
116.51475911953776
20
5.637131630141312
10
116.58312005078005
20
5.6416585409851905
97
1
330

75
0
76
1
47
0.4128176842155181
98
1
10
34.90568961886538
20
22.81183545379326
450
0
451
0
460
0
461
0
452
1
462
1
453
2
463
0
63
5
421
255
463
1
63
7
421
16777215
470
LINEAR
1001
ACAD
1010
0
1020
0
1030
0
 0
ARC
  5
780
330
1F
100
AcDbEntity
  8
BottomSolderMaskLayer
100
AcDbCircle
 10
116.71297942595879
 20
5.0911062957104605
 30
0.0
 40
0.3895781255358989
100
AcDbArc
 50
180
 51
360
 0
ARC
  5
781
330
1F
100
AcDbEntity
  8
BottomSolderMaskLayer
100
AcDbCircle
 10
116.71297942595879
 20
5.091372584583496
 30
0.0
 40
0.3895781255358989
100
AcDbArc
 50
360
 51
180
 0
LWPOLYLINE
  5
782
330
1F
100
AcDbEntity
  8
BottomSolderMaskLayer
100
AcDbPolyline
 90
1
 70
 1
 43
0
 10
116.32340130042289
 20
5.091372584583496
 10
116.32340130042289
 20
5.0911062957104605
 0
LWPOLYLINE
  5
783
330
1F
100
AcDbEntity
  8
BottomSolderMaskLayer
100
AcDbPolyline
 90
1
 70
 1
 43
0
 10
117.1025575514947
 20
5.091372584583496
 10
117.1025575514947
 20
5.0911062957104605
0
HATCH
5
784
100
AcDbEntity
8
BottomSolderMaskLayer
100
AcDbHatch
10
0
20
0
30
0
210
0
220
0
230
1
2
SOLID
70
1
71
0
91
1
92
7
72
0
73
1
93
52
10
116.84283880113753
20
5.6416585409851905
10
116.91119973238006
20
5.637131630141312
10
116.97850489634448
20
5.6243497642293505
10
117.04369852575337
20
5.602780365502667
10
117.10572485332864
20
5.5734885894542
10
117.16352811179195
20
5.536474436083836
10
117.21631647568597
20
5.492270483137986
10
117.26329811955111
20
5.441941886109248
10
117.30341727611062
20
5.386021222743921
10
117.33641000354419
20
5.325573648534828
10
117.36174841821321
20
5.261131741228269
10
117.378640694659
20
5.194293234063025
10
117.38735077470164
20
5.125590704785736
10
117.38735077470164
20
5.056621886635185
10
117.378640694659
20
4.987919357357782
10
117.36174841821321
20
4.921080850192766
10
117.33641000354419
20
4.856905231759242
10
117.30341727611062
20
4.796191368676887
10
117.26329811955111
20
4.740270705311559
10
117.21631647568597
20
4.689942108282935
10
117.16352811179195
20
4.645738155336971
10
117.10572485332864
20
4.608724001966607
10
117.04369852575337
20
4.57943222591814
10
116.97850489634448
20
4.558129116064606
10
116.91119973238006
20
4.545080961279496
10
116.84283880113753
20
4.540820339308766
10
116.58312005078005
20
4.540820339308766
10
116.51475911953776
20
4.545080961279496
10
116.44745395557334
20
4.558129116064606
10
116.38226032616467
20
4.57943222591814
10
116.3202339985894
20
4.608724001966607
10
116.26243074012586
20
4.645738155336971
10
116.20964237623184
20
4.689942108282935
10
116.16266073236648
20
4.740270705311559
10
116.12254157580719
20
4.796191368676887
10
116.08928490655421
20
4.856905231759242
10
116.06421043370483
20
4.921080850192766
10
116.04705421543918
20
4.987919357357782
10
116.03860807721617
20
5.056621886635185
10
116.03860807721617
20
5.125590704785736
10
116.04705421543918
20
5.194293234063025
10
116.06421043370483
20
5.261131741228269
10
116.08928490655421
20
5.325573648534828
10
116.12254157580719
20
5.386021222743921
10
116.16266073236648
20
5.441941886109248
10
116.20964237623184
20
5.492270483137986
10
116.26243074012586
20
5.536474436083836
10
116.3202339985894
20
5.5734885894542
10
116.38226032616467
20
5.602780365502667
10
116.44745395557334
20
5.6243497642293505
10
116.51475911953776
20
5.637131630141312
10
116.58312005078005
20
5.6416585409851905
97
1
330

75
0
76
1
47
0.4128176842155181
98
1
10
34.90568961886538
20
22.81183545379326
450
0
451
0
460
0
461
0
452
1
462
1
453
2
463
0
63
5
421
255
463
1
63
7
421
16777215
470
LINEAR
1001
ACAD
1010
0
1020
0
1030
0
 0
ARC
  5
787
330
1F
100
AcDbEntity
  8
Multi-Layer
100
AcDbCircle
 10
116.71297942595879
 20
5.0911099822200185
 30
0.0
 40
0.37490474980949967
100
AcDbArc
 50
180
 51
360
 0
ARC
  5
788
330
1F
100
AcDbEntity
  8
Multi-Layer
100
AcDbCircle
 10
116.71297942595879
 20
5.091363982728012
 30
0.0
 40
0.37490474980949967
100
AcDbArc
 50
360
 51
180
 0
LWPOLYLINE
  5
789
330
1F
100
AcDbEntity
  8
Multi-Layer
100
AcDbPolyline
 90
1
 70
 1
 43
0
 10
116.33807467614929
 20
5.091363982728012
 10
116.33807467614929
 20
5.0911099822200185
 0
LWPOLYLINE
  5
78a
330
1F
100
AcDbEntity
  8
Multi-Layer
100
AcDbPolyline
 90
1
 70
 1
 43
0
 10
117.0878841757683
 20
5.091363982728012
 10
117.0878841757683
 20
5.0911099822200185
0
HATCH
5
78b
100
AcDbEntity
8
Multi-Layer
100
AcDbHatch
10
0
20
0
30
0
210
0
220
0
230
1
2
SOLID
70
1
71
0
91
1
92
7
72
0
73
1
93
52
10
116.8379476758953
20
5.616256032512069
10
116.90373380746769
20
5.611938023876064
10
116.96850393700788
20
5.599745999492029
10
117.03124206248435
20
5.579171958343977
10
117.09093218186445
20
5.551231902463769
10
117.14655829311664
20
5.515925831851632
10
117.19735839471673
20
5.473761747523554
10
117.24257048514096
20
5.425755651511281
10
117.28117856235713
20
5.3724155448310285
10
117.31292862585724
20
5.314757429514884
10
117.33731267462554
20
5.253289306578722
10
117.35356870713736
20
5.18953517907039
10
117.3619507239016
20
5.124003048006102
10
117.3619507239016
20
5.058216916433935
10
117.35356870713736
20
4.9926847853695335
10
117.33731267462554
20
4.928930657861315
10
117.31292862585724
20
4.867716535433146
10
117.28117856235713
20
4.809804419608895
10
117.24257048514096
20
4.756464312928642
10
117.19735839471673
20
4.708458216916483
10
117.14655829311664
20
4.666294132588291
10
117.09093218186445
20
4.630988061976154
10
117.03124206248435
20
4.603048006095946
10
116.96850393700788
20
4.582727965455888
10
116.90373380746769
20
4.570281940563859
10
116.8379476758953
20
4.566217932435848
10
116.58801117602229
20
4.566217932435848
10
116.52222504445012
20
4.570281940563859
10
116.45745491490993
20
4.582727965455888
10
116.39471678943369
20
4.603048006095946
10
116.33502667005337
20
4.630988061976154
10
116.27940055880117
20
4.666294132588291
10
116.22860045720086
20
4.708458216916483
10
116.18338836677663
20
4.756464312928642
10
116.14478028956046
20
4.809804419608895
10
116.11277622555258
20
4.867716535433146
10
116.0886461772925
20
4.928930657861315
10
116.07213614427224
20
4.9926847853695335
10
116.06400812801644
20
5.058216916433935
10
116.06400812801644
20
5.124003048006102
10
116.07213614427224
20
5.18953517907039
10
116.0886461772925
20
5.253289306578722
10
116.11277622555258
20
5.314757429514884
10
116.14478028956046
20
5.3724155448310285
10
116.18338836677663
20
5.425755651511281
10
116.22860045720086
20
5.473761747523554
10
116.27940055880117
20
5.515925831851632
10
116.33502667005337
20
5.551231902463769
10
116.39471678943369
20
5.579171958343977
10
116.45745491490993
20
5.599745999492029
10
116.52222504445012
20
5.611938023876064
10
116.58801117602229
20
5.616256032512069
97
1
330

75
0
76
1
47
0.4128176842155181
98
1
10
34.90568961886538
20
22.81183545379326
450
0
451
0
460
0
461
0
452
1
462
1
453
2
463
0
63
5
421
255
463
1
63
7
421
16777215
470
LINEAR
1001
ACAD
1010
0
1020
0
1030
0
 0
ARC
  5
78e
330
1F
100
AcDbEntity
  8
TopSolderMaskLayer
100
AcDbCircle
 10
116.71297942595879
 20
3.8101284760866747
 30
0.0
 40
0.3895781255358989
100
AcDbArc
 50
180
 51
360
 0
ARC
  5
78f
330
1F
100
AcDbEntity
  8
TopSolderMaskLayer
100
AcDbCircle
 10
116.71297942595879
 20
3.810394764959824
 30
0.0
 40
0.3895781255358989
100
AcDbArc
 50
360
 51
180
 0
LWPOLYLINE
  5
790
330
1F
100
AcDbEntity
  8
TopSolderMaskLayer
100
AcDbPolyline
 90
1
 70
 1
 43
0
 10
116.32340130042289
 20
3.810394764959824
 10
116.32340130042289
 20
3.8101284760866747
 0
LWPOLYLINE
  5
791
330
1F
100
AcDbEntity
  8
TopSolderMaskLayer
100
AcDbPolyline
 90
1
 70
 1
 43
0
 10
117.1025575514947
 20
3.810394764959824
 10
117.1025575514947
 20
3.8101284760866747
0
HATCH
5
792
100
AcDbEntity
8
TopSolderMaskLayer
100
AcDbHatch
10
0
20
0
30
0
210
0
220
0
230
1
2
SOLID
70
1
71
0
91
1
92
7
72
0
73
1
93
52
10
116.84283880113753
20
4.360680721361518
10
116.91119973238006
20
4.35615381051764
10
116.97850489634448
20
4.343371944605565
10
117.04369852575337
20
4.321802545878882
10
117.10572485332864
20
4.292510769830415
10
117.16352811179195
20
4.25549661646005
10
117.21631647568597
20
4.2112926635142
10
117.26329811955111
20
4.160964066485462
10
117.30341727611062
20
4.1050434031202485
10
117.33641000354419
20
4.0445958289109285
10
117.36174841821321
20
3.980153921604483
10
117.378640694659
20
3.9133154144392392
10
117.38735077470164
20
3.8446128851619505
10
117.38735077470164
20
3.775644067011399
10
117.378640694659
20
3.7069415377339965
10
117.36174841821321
20
3.6401030305688664
10
117.33641000354419
20
3.5759274121354565
10
117.30341727611062
20
3.5152135490532146
10
117.26329811955111
20
3.459292885687887
10
117.21631647568597
20
3.408964288659149
10
117.16352811179195
20
3.3647603357131857
10
117.10572485332864
20
3.327746182342935
10
117.04369852575337
20
3.298454406294468
10
116.97850489634448
20
3.277151296440934
10
116.91119973238006
20
3.264103141655596
10
116.84283880113753
20
3.259842519685094
10
116.58312005078005
20
3.259842519685094
10
116.51475911953776
20
3.264103141655596
10
116.44745395557334
20
3.277151296440934
10
116.38226032616467
20
3.298454406294468
10
116.3202339985894
20
3.327746182342935
10
116.26243074012586
20
3.3647603357131857
10
116.20964237623184
20
3.408964288659149
10
116.16266073236648
20
3.459292885687887
10
116.12254157580719
20
3.5152135490532146
10
116.08928490655421
20
3.5759274121354565
10
116.06421043370483
20
3.6401030305688664
10
116.04705421543918
20
3.7069415377339965
10
116.03860807721617
20
3.775644067011399
10
116.03860807721617
20
3.8446128851619505
10
116.04705421543918
20
3.9133154144392392
10
116.06421043370483
20
3.980153921604483
10
116.08928490655421
20
4.0445958289109285
10
116.12254157580719
20
4.1050434031202485
10
116.16266073236648
20
4.160964066485462
10
116.20964237623184
20
4.2112926635142
10
116.26243074012586
20
4.25549661646005
10
116.3202339985894
20
4.292510769830415
10
116.38226032616467
20
4.321802545878882
10
116.44745395557334
20
4.343371944605565
10
116.51475911953776
20
4.35615381051764
10
116.58312005078005
20
4.360680721361518
97
1
330

75
0
76
1
47
0.4128176842155181
98
1
10
34.90568961886538
20
22.81183545379326
450
0
451
0
460
0
461
0
452
1
462
1
453
2
463
0
63
5
421
255
463
1
63
7
421
16777215
470
LINEAR
1001
ACAD
1010
0
1020
0
1030
0
 0
ARC
  5
795
330
1F
100
AcDbEntity
  8
BottomSolderMaskLayer
100
AcDbCircle
 10
116.71297942595879
 20
3.8101284760866747
 30
0.0
 40
0.3895781255358989
100
AcDbArc
 50
180
 51
360
 0
ARC
  5
796
330
1F
100
AcDbEntity
  8
BottomSolderMaskLayer
100
AcDbCircle
 10
116.71297942595879
 20
3.810394764959824
 30
0.0
 40
0.3895781255358989
100
AcDbArc
 50
360
 51
180
 0
LWPOLYLINE
  5
797
330
1F
100
AcDbEntity
  8
BottomSolderMaskLayer
100
AcDbPolyline
 90
1
 70
 1
 43
0
 10
116.32340130042289
 20
3.810394764959824
 10
116.32340130042289
 20
3.8101284760866747
 0
LWPOLYLINE
  5
798
330
1F
100
AcDbEntity
  8
BottomSolderMaskLayer
100
AcDbPolyline
 90
1
 70
 1
 43
0
 10
117.1025575514947
 20
3.810394764959824
 10
117.1025575514947
 20
3.8101284760866747
0
HATCH
5
799
100
AcDbEntity
8
BottomSolderMaskLayer
100
AcDbHatch
10
0
20
0
30
0
210
0
220
0
230
1
2
SOLID
70
1
71
0
91
1
92
7
72
0
73
1
93
52
10
116.84283880113753
20
4.360680721361518
10
116.91119973238006
20
4.35615381051764
10
116.97850489634448
20
4.343371944605565
10
117.04369852575337
20
4.321802545878882
10
117.10572485332864
20
4.292510769830415
10
117.16352811179195
20
4.25549661646005
10
117.21631647568597
20
4.2112926635142
10
117.26329811955111
20
4.160964066485462
10
117.30341727611062
20
4.1050434031202485
10
117.33641000354419
20
4.0445958289109285
10
117.36174841821321
20
3.980153921604483
10
117.378640694659
20
3.9133154144392392
10
117.38735077470164
20
3.8446128851619505
10
117.38735077470164
20
3.775644067011399
10
117.378640694659
20
3.7069415377339965
10
117.36174841821321
20
3.6401030305688664
10
117.33641000354419
20
3.5759274121354565
10
117.30341727611062
20
3.5152135490532146
10
117.26329811955111
20
3.459292885687887
10
117.21631647568597
20
3.408964288659149
10
117.16352811179195
20
3.3647603357131857
10
117.10572485332864
20
3.327746182342935
10
117.04369852575337
20
3.298454406294468
10
116.97850489634448
20
3.277151296440934
10
116.91119973238006
20
3.264103141655596
10
116.84283880113753
20
3.259842519685094
10
116.58312005078005
20
3.259842519685094
10
116.51475911953776
20
3.264103141655596
10
116.44745395557334
20
3.277151296440934
10
116.38226032616467
20
3.298454406294468
10
116.3202339985894
20
3.327746182342935
10
116.26243074012586
20
3.3647603357131857
10
116.20964237623184
20
3.408964288659149
10
116.16266073236648
20
3.459292885687887
10
116.12254157580719
20
3.5152135490532146
10
116.08928490655421
20
3.5759274121354565
10
116.06421043370483
20
3.6401030305688664
10
116.04705421543918
20
3.7069415377339965
10
116.03860807721617
20
3.775644067011399
10
116.03860807721617
20
3.8446128851619505
10
116.04705421543918
20
3.9133154144392392
10
116.06421043370483
20
3.980153921604483
10
116.08928490655421
20
4.0445958289109285
10
116.12254157580719
20
4.1050434031202485
10
116.16266073236648
20
4.160964066485462
10
116.20964237623184
20
4.2112926635142
10
116.26243074012586
20
4.25549661646005
10
116.3202339985894
20
4.292510769830415
10
116.38226032616467
20
4.321802545878882
10
116.44745395557334
20
4.343371944605565
10
116.51475911953776
20
4.35615381051764
10
116.58312005078005
20
4.360680721361518
97
1
330

75
0
76
1
47
0.4128176842155181
98
1
10
34.90568961886538
20
22.81183545379326
450
0
451
0
460
0
461
0
452
1
462
1
453
2
463
0
63
5
421
255
463
1
63
7
421
16777215
470
LINEAR
1001
ACAD
1010
0
1020
0
1030
0
 0
ARC
  5
79c
330
1F
100
AcDbEntity
  8
Multi-Layer
100
AcDbCircle
 10
116.71297942595879
 20
3.8101346202693094
 30
0.0
 40
0.37490474980949967
100
AcDbArc
 50
180
 51
360
 0
ARC
  5
79d
330
1F
100
AcDbEntity
  8
Multi-Layer
100
AcDbCircle
 10
116.71297942595879
 20
3.8103886207771893
 30
0.0
 40
0.37490474980949967
100
AcDbArc
 50
360
 51
180
 0
LWPOLYLINE
  5
79e
330
1F
100
AcDbEntity
  8
Multi-Layer
100
AcDbPolyline
 90
1
 70
 1
 43
0
 10
116.33807467614929
 20
3.8103886207771893
 10
116.33807467614929
 20
3.8101346202693094
 0
LWPOLYLINE
  5
79f
330
1F
100
AcDbEntity
  8
Multi-Layer
100
AcDbPolyline
 90
1
 70
 1
 43
0
 10
117.0878841757683
 20
3.8103886207771893
 10
117.0878841757683
 20
3.8101346202693094
0
HATCH
5
7a0
100
AcDbEntity
8
Multi-Layer
100
AcDbHatch
10
0
20
0
30
0
210
0
220
0
230
1
2
SOLID
70
1
71
0
91
1
92
7
72
0
73
1
93
52
10
116.8379476758953
20
4.33528067056136
10
116.90373380746769
20
4.330962661925355
10
116.96850393700788
20
4.31877063754132
10
117.03124206248435
20
4.298196596393268
10
117.09093218186445
20
4.27025654051306
10
117.14655829311664
20
4.234950469900923
10
117.19735839471673
20
4.192786385572845
10
117.24257048514096
20
4.144780289560686
10
117.28117856235713
20
4.091440182880433
10
117.31292862585724
20
4.033782067564061
10
117.33731267462554
20
3.972313944627899
10
117.35356870713736
20
3.9085598171196807
10
117.3619507239016
20
3.843027686055393
10
117.3619507239016
20
3.777241554483112
10
117.35356870713736
20
3.7117094234188244
10
117.33731267462554
20
3.647955295910606
10
117.31292862585724
20
3.5867411734824373
10
117.28117856235713
20
3.5288290576581858
10
117.24257048514096
20
3.475488950977933
10
117.19735839471673
20
3.427482854965774
10
117.14655829311664
20
3.385318770637582
10
117.09093218186445
20
3.3500127000253315
10
117.03124206248435
20
3.3220726441453508
10
116.96850393700788
20
3.3017526035051787
10
116.90373380746769
20
3.28930657861315
10
116.8379476758953
20
3.285242570485252
10
116.58801117602229
20
3.285242570485252
10
116.52222504445012
20
3.28930657861315
10
116.45745491490993
20
3.3017526035051787
10
116.39471678943369
20
3.3220726441453508
10
116.33502667005337
20
3.3500127000253315
10
116.27940055880117
20
3.385318770637582
10
116.22860045720086
20
3.427482854965774
10
116.18338836677663
20
3.475488950977933
10
116.14478028956046
20
3.5288290576581858
10
116.11277622555258
20
3.5867411734824373
10
116.0886461772925
20
3.647955295910606
10
116.07213614427224
20
3.7117094234188244
10
116.06400812801644
20
3.777241554483112
10
116.06400812801644
20
3.843027686055393
10
116.07213614427224
20
3.9085598171196807
10
116.0886461772925
20
3.972313944627899
10
116.11277622555258
20
4.033782067564061
10
116.14478028956046
20
4.091440182880433
10
116.18338836677663
20
4.144780289560686
10
116.22860045720086
20
4.192786385572845
10
116.27940055880117
20
4.234950469900923
10
116.33502667005337
20
4.27025654051306
10
116.39471678943369
20
4.298196596393268
10
116.45745491490993
20
4.31877063754132
10
116.52222504445012
20
4.330962661925355
10
116.58801117602229
20
4.33528067056136
97
1
330

75
0
76
1
47
0.4128176842155181
98
1
10
34.90568961886538
20
22.81183545379326
450
0
451
0
460
0
461
0
452
1
462
1
453
2
463
0
63
5
421
255
463
1
63
7
421
16777215
470
LINEAR
1001
ACAD
1010
0
1020
0
1030
0
 0
ARC
  5
7a3
330
1F
100
AcDbEntity
  8
TopSolderMaskLayer
100
AcDbCircle
 10
116.71297942595879
 20
-5.090864583567509
 30
0.0
 40
0.3895781255358989
100
AcDbArc
 50
180
 51
360
 0
ARC
  5
7a4
330
1F
100
AcDbEntity
  8
TopSolderMaskLayer
100
AcDbCircle
 10
116.71297942595879
 20
-5.0905982946943595
 30
0.0
 40
0.3895781255358989
100
AcDbArc
 50
360
 51
180
 0
LWPOLYLINE
  5
7a5
330
1F
100
AcDbEntity
  8
TopSolderMaskLayer
100
AcDbPolyline
 90
1
 70
 1
 43
0
 10
116.32340130042289
 20
-5.0905982946943595
 10
116.32340130042289
 20
-5.090864583567509
 0
LWPOLYLINE
  5
7a6
330
1F
100
AcDbEntity
  8
TopSolderMaskLayer
100
AcDbPolyline
 90
1
 70
 1
 43
0
 10
117.1025575514947
 20
-5.0905982946943595
 10
117.1025575514947
 20
-5.090864583567509
0
HATCH
5
7a7
100
AcDbEntity
8
TopSolderMaskLayer
100
AcDbHatch
10
0
20
0
30
0
210
0
220
0
230
1
2
SOLID
70
1
71
0
91
1
92
7
72
0
73
1
93
52
10
116.84283880113753
20
-4.540312338292779
10
116.91119973238006
20
-4.544839249136771
10
116.97850489634448
20
-4.557621115048619
10
117.04369852575337
20
-4.579190513775302
10
117.10572485332864
20
-4.608482289823883
10
117.16352811179195
20
-4.64549644319402
10
117.21631647568597
20
-4.689700396139983
10
117.26329811955111
20
-4.740028993168721
10
117.30341727611062
20
-4.795949656534049
10
117.33641000354419
20
-4.856397230743255
10
117.36174841821321
20
-4.920839138049814
10
117.378640694659
20
-4.987677645214944
10
117.38735077470164
20
-5.056380174492347
10
117.38735077470164
20
-5.125348992642785
10
117.378640694659
20
-5.194051521920073
10
117.36174841821321
20
-5.260890029085317
10
117.33641000354419
20
-5.325065647518841
10
117.30341727611062
20
-5.385779510601083
10
117.26329811955111
20
-5.4417001739662965
10
117.21631647568597
20
-5.492028770995034
10
117.16352811179195
20
-5.536232723940998
10
117.10572485332864
20
-5.573246877311476
10
117.04369852575337
20
-5.602538653359829
10
116.97850489634448
20
-5.623841763213136
10
116.91119973238006
20
-5.636889917998474
10
116.84283880113753
20
-5.641150539969203
10
116.58312005078005
20
-5.641150539969203
10
116.51475911953776
20
-5.636889917998474
10
116.44745395557334
20
-5.623841763213136
10
116.38226032616467
20
-5.602538653359829
10
116.3202339985894
20
-5.573246877311476
10
116.26243074012586
20
-5.536232723940998
10
116.20964237623184
20
-5.492028770995034
10
116.16266073236648
20
-5.4417001739662965
10
116.12254157580719
20
-5.385779510601083
10
116.08928490655421
20
-5.325065647518841
10
116.06421043370483
20
-5.260890029085317
10
116.04705421543918
20
-5.194051521920073
10
116.03860807721617
20
-5.125348992642785
10
116.03860807721617
20
-5.056380174492347
10
116.04705421543918
20
-4.987677645214944
10
116.06421043370483
20
-4.920839138049814
10
116.08928490655421
20
-4.856397230743255
10
116.12254157580719
20
-4.795949656534049
10
116.16266073236648
20
-4.740028993168721
10
116.20964237623184
20
-4.689700396139983
10
116.26243074012586
20
-4.64549644319402
10
116.3202339985894
20
-4.608482289823883
10
116.38226032616467
20
-4.579190513775302
10
116.44745395557334
20
-4.557621115048619
10
116.51475911953776
20
-4.544839249136771
10
116.58312005078005
20
-4.540312338292779
97
1
330

75
0
76
1
47
0.4128176842155181
98
1
10
34.90568961886538
20
22.81183545379326
450
0
451
0
460
0
461
0
452
1
462
1
453
2
463
0
63
5
421
255
463
1
63
7
421
16777215
470
LINEAR
1001
ACAD
1010
0
1020
0
1030
0
 0
ARC
  5
7aa
330
1F
100
AcDbEntity
  8
BottomSolderMaskLayer
100
AcDbCircle
 10
116.71297942595879
 20
-5.090864583567509
 30
0.0
 40
0.3895781255358989
100
AcDbArc
 50
180
 51
360
 0
ARC
  5
7ab
330
1F
100
AcDbEntity
  8
BottomSolderMaskLayer
100
AcDbCircle
 10
116.71297942595879
 20
-5.0905982946943595
 30
0.0
 40
0.3895781255358989
100
AcDbArc
 50
360
 51
180
 0
LWPOLYLINE
  5
7ac
330
1F
100
AcDbEntity
  8
BottomSolderMaskLayer
100
AcDbPolyline
 90
1
 70
 1
 43
0
 10
116.32340130042289
 20
-5.0905982946943595
 10
116.32340130042289
 20
-5.090864583567509
 0
LWPOLYLINE
  5
7ad
330
1F
100
AcDbEntity
  8
BottomSolderMaskLayer
100
AcDbPolyline
 90
1
 70
 1
 43
0
 10
117.1025575514947
 20
-5.0905982946943595
 10
117.1025575514947
 20
-5.090864583567509
0
HATCH
5
7ae
100
AcDbEntity
8
BottomSolderMaskLayer
100
AcDbHatch
10
0
20
0
30
0
210
0
220
0
230
1
2
SOLID
70
1
71
0
91
1
92
7
72
0
73
1
93
52
10
116.84283880113753
20
-4.540312338292779
10
116.91119973238006
20
-4.544839249136771
10
116.97850489634448
20
-4.557621115048619
10
117.04369852575337
20
-4.579190513775302
10
117.10572485332864
20
-4.608482289823883
10
117.16352811179195
20
-4.64549644319402
10
117.21631647568597
20
-4.689700396139983
10
117.26329811955111
20
-4.740028993168721
10
117.30341727611062
20
-4.795949656534049
10
117.33641000354419
20
-4.856397230743255
10
117.36174841821321
20
-4.920839138049814
10
117.378640694659
20
-4.987677645214944
10
117.38735077470164
20
-5.056380174492347
10
117.38735077470164
20
-5.125348992642785
10
117.378640694659
20
-5.194051521920073
10
117.36174841821321
20
-5.260890029085317
10
117.33641000354419
20
-5.325065647518841
10
117.30341727611062
20
-5.385779510601083
10
117.26329811955111
20
-5.4417001739662965
10
117.21631647568597
20
-5.492028770995034
10
117.16352811179195
20
-5.536232723940998
10
117.10572485332864
20
-5.573246877311476
10
117.04369852575337
20
-5.602538653359829
10
116.97850489634448
20
-5.623841763213136
10
116.91119973238006
20
-5.636889917998474
10
116.84283880113753
20
-5.641150539969203
10
116.58312005078005
20
-5.641150539969203
10
116.51475911953776
20
-5.636889917998474
10
116.44745395557334
20
-5.623841763213136
10
116.38226032616467
20
-5.602538653359829
10
116.3202339985894
20
-5.573246877311476
10
116.26243074012586
20
-5.536232723940998
10
116.20964237623184
20
-5.492028770995034
10
116.16266073236648
20
-5.4417001739662965
10
116.12254157580719
20
-5.385779510601083
10
116.08928490655421
20
-5.325065647518841
10
116.06421043370483
20
-5.260890029085317
10
116.04705421543918
20
-5.194051521920073
10
116.03860807721617
20
-5.125348992642785
10
116.03860807721617
20
-5.056380174492347
10
116.04705421543918
20
-4.987677645214944
10
116.06421043370483
20
-4.920839138049814
10
116.08928490655421
20
-4.856397230743255
10
116.12254157580719
20
-4.795949656534049
10
116.16266073236648
20
-4.740028993168721
10
116.20964237623184
20
-4.689700396139983
10
116.26243074012586
20
-4.64549644319402
10
116.3202339985894
20
-4.608482289823883
10
116.38226032616467
20
-4.579190513775302
10
116.44745395557334
20
-4.557621115048619
10
116.51475911953776
20
-4.544839249136771
10
116.58312005078005
20
-4.540312338292779
97
1
330

75
0
76
1
47
0.4128176842155181
98
1
10
34.90568961886538
20
22.81183545379326
450
0
451
0
460
0
461
0
452
1
462
1
453
2
463
0
63
5
421
255
463
1
63
7
421
16777215
470
LINEAR
1001
ACAD
1010
0
1020
0
1030
0
 0
ARC
  5
7b1
330
1F
100
AcDbEntity
  8
Multi-Layer
100
AcDbCircle
 10
116.71297942595879
 20
-5.090855981711911
 30
0.0
 40
0.37490474980949967
100
AcDbArc
 50
180
 51
360
 0
ARC
  5
7b2
330
1F
100
AcDbEntity
  8
Multi-Layer
100
AcDbCircle
 10
116.71297942595879
 20
-5.090601981204031
 30
0.0
 40
0.37490474980949967
100
AcDbArc
 50
360
 51
180
 0
LWPOLYLINE
  5
7b3
330
1F
100
AcDbEntity
  8
Multi-Layer
100
AcDbPolyline
 90
1
 70
 1
 43
0
 10
116.33807467614929
 20
-5.090601981204031
 10
116.33807467614929
 20
-5.090855981711911
 0
LWPOLYLINE
  5
7b4
330
1F
100
AcDbEntity
  8
Multi-Layer
100
AcDbPolyline
 90
1
 70
 1
 43
0
 10
117.0878841757683
 20
-5.090601981204031
 10
117.0878841757683
 20
-5.090855981711911
0
HATCH
5
7b5
100
AcDbEntity
8
Multi-Layer
100
AcDbHatch
10
0
20
0
30
0
210
0
220
0
230
1
2
SOLID
70
1
71
0
91
1
92
7
72
0
73
1
93
52
10
116.8379476758953
20
-4.56570993141986
10
116.90373380746769
20
-4.570027940055866
10
116.96850393700788
20
-4.582219964439901
10
117.03124206248435
20
-4.602794005588066
10
117.09093218186445
20
-4.630734061468161
10
117.14655829311664
20
-4.666040132080184
10
117.19735839471673
20
-4.708204216408376
10
117.24257048514096
20
-4.756210312420535
10
117.28117856235713
20
-4.809550419100788
10
117.31292862585724
20
-4.867208534417159
10
117.33731267462554
20
-4.928676657353321
10
117.35356870713736
20
-4.99243078486154
10
117.3619507239016
20
-5.0579629159258275
10
117.3619507239016
20
-5.123749047498109
10
117.35356870713736
20
-5.1892811785622825
10
117.33731267462554
20
-5.253035306070615
10
117.31292862585724
20
-5.314249428498783
10
117.28117856235713
20
-5.372161544323035
10
117.24257048514096
20
-5.425501651003287
10
117.19735839471673
20
-5.4735077470154465
10
117.14655829311664
20
-5.515671831343639
10
117.09093218186445
20
-5.550977901955889
10
117.03124206248435
20
-5.57891795783587
10
116.96850393700788
20
-5.599237998475928
10
116.90373380746769
20
-5.611684023367957
10
116.8379476758953
20
-5.6157480314959685
10
116.58801117602229
20
-5.6157480314959685
10
116.52222504445012
20
-5.611684023367957
10
116.45745491490993
20
-5.599237998475928
10
116.39471678943369
20
-5.57891795783587
10
116.33502667005337
20
-5.550977901955889
10
116.27940055880117
20
-5.515671831343639
10
116.22860045720086
20
-5.4735077470154465
10
116.18338836677663
20
-5.425501651003287
10
116.14478028956046
20
-5.372161544323035
10
116.11277622555258
20
-5.314249428498783
10
116.0886461772925
20
-5.253035306070615
10
116.07213614427224
20
-5.1892811785622825
10
116.06400812801644
20
-5.123749047498109
10
116.06400812801644
20
-5.0579629159258275
10
116.07213614427224
20
-4.99243078486154
10
116.0886461772925
20
-4.928676657353321
10
116.11277622555258
20
-4.867208534417159
10
116.14478028956046
20
-4.809550419100788
10
116.18338836677663
20
-4.756210312420535
10
116.22860045720086
20
-4.708204216408376
10
116.27940055880117
20
-4.666040132080184
10
116.33502667005337
20
-4.630734061468161
10
116.39471678943369
20
-4.602794005588066
10
116.45745491490993
20
-4.582219964439901
10
116.52222504445012
20
-4.570027940055866
10
116.58801117602229
20
-4.56570993141986
97
1
330

75
0
76
1
47
0.4128176842155181
98
1
10
34.90568961886538
20
22.81183545379326
450
0
451
0
460
0
461
0
452
1
462
1
453
2
463
0
63
5
421
255
463
1
63
7
421
16777215
470
LINEAR
1001
ACAD
1010
0
1020
0
1030
0
 0
ARC
  5
7b8
330
1F
100
AcDbEntity
  8
TopSolderMaskLayer
100
AcDbCircle
 10
116.71297942595879
 20
-2.528908944320051
 30
0.0
 40
0.3895781255358989
100
AcDbArc
 50
180
 51
360
 0
ARC
  5
7b9
330
1F
100
AcDbEntity
  8
TopSolderMaskLayer
100
AcDbCircle
 10
116.71297942595879
 20
-2.5286426554469017
 30
0.0
 40
0.3895781255358989
100
AcDbArc
 50
360
 51
180
 0
LWPOLYLINE
  5
7ba
330
1F
100
AcDbEntity
  8
TopSolderMaskLayer
100
AcDbPolyline
 90
1
 70
 1
 43
0
 10
116.32340130042289
 20
-2.5286426554469017
 10
116.32340130042289
 20
-2.528908944320051
 0
LWPOLYLINE
  5
7bb
330
1F
100
AcDbEntity
  8
TopSolderMaskLayer
100
AcDbPolyline
 90
1
 70
 1
 43
0
 10
117.1025575514947
 20
-2.5286426554469017
 10
117.1025575514947
 20
-2.528908944320051
0
HATCH
5
7bc
100
AcDbEntity
8
TopSolderMaskLayer
100
AcDbHatch
10
0
20
0
30
0
210
0
220
0
230
1
2
SOLID
70
1
71
0
91
1
92
7
72
0
73
1
93
52
10
116.84283880113753
20
-1.9783566990452073
10
116.91119973238006
20
-1.982883609889086
10
116.97850489634448
20
-1.995665475801161
10
117.04369852575337
20
-2.017234874527844
10
117.10572485332864
20
-2.046526650576311
10
117.16352811179195
20
-2.083540803946562
10
117.21631647568597
20
-2.1277447568925254
10
117.26329811955111
20
-2.1780733539212633
10
117.30341727611062
20
-2.233994017286591
10
117.33641000354419
20
-2.2944415914956835
10
117.36174841821321
20
-2.3588834988022427
10
117.378640694659
20
-2.4257220059673728
10
117.38735077470164
20
-2.494424535244775
10
117.38735077470164
20
-2.563393353395213
10
117.378640694659
20
-2.632095882672729
10
117.36174841821321
20
-2.6989343898377456
10
117.33641000354419
20
-2.763110008271269
10
117.30341727611062
20
-2.823823871353511
10
117.26329811955111
20
-2.8797445347188386
10
117.21631647568597
20
-2.930073131747463
10
117.16352811179195
20
-2.97427708469354
10
117.10572485332864
20
-3.0112912380639045
10
117.04369852575337
20
-3.040583014112258
10
116.97850489634448
20
-3.0618861239657917
10
116.91119973238006
20
-3.074934278751016
10
116.84283880113753
20
-3.0791949007217454
10
116.58312005078005
20
-3.0791949007217454
10
116.51475911953776
20
-3.074934278751016
10
116.44745395557334
20
-3.0618861239657917
10
116.38226032616467
20
-3.040583014112258
10
116.3202339985894
20
-3.0112912380639045
10
116.26243074012586
20
-2.97427708469354
10
116.20964237623184
20
-2.930073131747463
10
116.16266073236648
20
-2.8797445347188386
10
116.12254157580719
20
-2.823823871353511
10
116.08928490655421
20
-2.763110008271269
10
116.06421043370483
20
-2.6989343898377456
10
116.04705421543918
20
-2.632095882672729
10
116.03860807721617
20
-2.563393353395213
10
116.03860807721617
20
-2.494424535244775
10
116.04705421543918
20
-2.4257220059673728
10
116.06421043370483
20
-2.3588834988022427
10
116.08928490655421
20
-2.2944415914956835
10
116.12254157580719
20
-2.233994017286591
10
116.16266073236648
20
-2.1780733539212633
10
116.20964237623184
20
-2.1277447568925254
10
116.26243074012586
20
-2.083540803946562
10
116.3202339985894
20
-2.046526650576311
10
116.38226032616467
20
-2.017234874527844
10
116.44745395557334
20
-1.995665475801161
10
116.51475911953776
20
-1.982883609889086
10
116.58312005078005
20
-1.9783566990452073
97
1
330

75
0
76
1
47
0.4128176842155181
98
1
10
34.90568961886538
20
22.81183545379326
450
0
451
0
460
0
461
0
452
1
462
1
453
2
463
0
63
5
421
255
463
1
63
7
421
16777215
470
LINEAR
1001
ACAD
1010
0
1020
0
1030
0
 0
ARC
  5
7bf
330
1F
100
AcDbEntity
  8
BottomSolderMaskLayer
100
AcDbCircle
 10
116.71297942595879
 20
-2.528908944320051
 30
0.0
 40
0.3895781255358989
100
AcDbArc
 50
180
 51
360
 0
ARC
  5
7c0
330
1F
100
AcDbEntity
  8
BottomSolderMaskLayer
100
AcDbCircle
 10
116.71297942595879
 20
-2.5286426554469017
 30
0.0
 40
0.3895781255358989
100
AcDbArc
 50
360
 51
180
 0
LWPOLYLINE
  5
7c1
330
1F
100
AcDbEntity
  8
BottomSolderMaskLayer
100
AcDbPolyline
 90
1
 70
 1
 43
0
 10
116.32340130042289
 20
-2.5286426554469017
 10
116.32340130042289
 20
-2.528908944320051
 0
LWPOLYLINE
  5
7c2
330
1F
100
AcDbEntity
  8
BottomSolderMaskLayer
100
AcDbPolyline
 90
1
 70
 1
 43
0
 10
117.1025575514947
 20
-2.5286426554469017
 10
117.1025575514947
 20
-2.528908944320051
0
HATCH
5
7c3
100
AcDbEntity
8
BottomSolderMaskLayer
100
AcDbHatch
10
0
20
0
30
0
210
0
220
0
230
1
2
SOLID
70
1
71
0
91
1
92
7
72
0
73
1
93
52
10
116.84283880113753
20
-1.9783566990452073
10
116.91119973238006
20
-1.982883609889086
10
116.97850489634448
20
-1.995665475801161
10
117.04369852575337
20
-2.017234874527844
10
117.10572485332864
20
-2.046526650576311
10
117.16352811179195
20
-2.083540803946562
10
117.21631647568597
20
-2.1277447568925254
10
117.26329811955111
20
-2.1780733539212633
10
117.30341727611062
20
-2.233994017286591
10
117.33641000354419
20
-2.2944415914956835
10
117.36174841821321
20
-2.3588834988022427
10
117.378640694659
20
-2.4257220059673728
10
117.38735077470164
20
-2.494424535244775
10
117.38735077470164
20
-2.563393353395213
10
117.378640694659
20
-2.632095882672729
10
117.36174841821321
20
-2.6989343898377456
10
117.33641000354419
20
-2.763110008271269
10
117.30341727611062
20
-2.823823871353511
10
117.26329811955111
20
-2.8797445347188386
10
117.21631647568597
20
-2.930073131747463
10
117.16352811179195
20
-2.97427708469354
10
117.10572485332864
20
-3.0112912380639045
10
117.04369852575337
20
-3.040583014112258
10
116.97850489634448
20
-3.0618861239657917
10
116.91119973238006
20
-3.074934278751016
10
116.84283880113753
20
-3.0791949007217454
10
116.58312005078005
20
-3.0791949007217454
10
116.51475911953776
20
-3.074934278751016
10
116.44745395557334
20
-3.0618861239657917
10
116.38226032616467
20
-3.040583014112258
10
116.3202339985894
20
-3.0112912380639045
10
116.26243074012586
20
-2.97427708469354
10
116.20964237623184
20
-2.930073131747463
10
116.16266073236648
20
-2.8797445347188386
10
116.12254157580719
20
-2.823823871353511
10
116.08928490655421
20
-2.763110008271269
10
116.06421043370483
20
-2.6989343898377456
10
116.04705421543918
20
-2.632095882672729
10
116.03860807721617
20
-2.563393353395213
10
116.03860807721617
20
-2.494424535244775
10
116.04705421543918
20
-2.4257220059673728
10
116.06421043370483
20
-2.3588834988022427
10
116.08928490655421
20
-2.2944415914956835
10
116.12254157580719
20
-2.233994017286591
10
116.16266073236648
20
-2.1780733539212633
10
116.20964237623184
20
-2.1277447568925254
10
116.26243074012586
20
-2.083540803946562
10
116.3202339985894
20
-2.046526650576311
10
116.38226032616467
20
-2.017234874527844
10
116.44745395557334
20
-1.995665475801161
10
116.51475911953776
20
-1.982883609889086
10
116.58312005078005
20
-1.9783566990452073
97
1
330

75
0
76
1
47
0.4128176842155181
98
1
10
34.90568961886538
20
22.81183545379326
450
0
451
0
460
0
461
0
452
1
462
1
453
2
463
0
63
5
421
255
463
1
63
7
421
16777215
470
LINEAR
1001
ACAD
1010
0
1020
0
1030
0
 0
ARC
  5
7c6
330
1F
100
AcDbEntity
  8
Multi-Layer
100
AcDbCircle
 10
116.71297942595879
 20
-2.528905257810493
 30
0.0
 40
0.37490474980949967
100
AcDbArc
 50
180
 51
360
 0
ARC
  5
7c7
330
1F
100
AcDbEntity
  8
Multi-Layer
100
AcDbCircle
 10
116.71297942595879
 20
-2.5286512573024993
 30
0.0
 40
0.37490474980949967
100
AcDbArc
 50
360
 51
180
 0
LWPOLYLINE
  5
7c8
330
1F
100
AcDbEntity
  8
Multi-Layer
100
AcDbPolyline
 90
1
 70
 1
 43
0
 10
116.33807467614929
 20
-2.5286512573024993
 10
116.33807467614929
 20
-2.528905257810493
 0
LWPOLYLINE
  5
7c9
330
1F
100
AcDbEntity
  8
Multi-Layer
100
AcDbPolyline
 90
1
 70
 1
 43
0
 10
117.0878841757683
 20
-2.5286512573024993
 10
117.0878841757683
 20
-2.528905257810493
0
HATCH
5
7ca
100
AcDbEntity
8
Multi-Layer
100
AcDbHatch
10
0
20
0
30
0
210
0
220
0
230
1
2
SOLID
70
1
71
0
91
1
92
7
72
0
73
1
93
52
10
116.8379476758953
20
-2.003759207518442
10
116.90373380746769
20
-2.0080772161544473
10
116.96850393700788
20
-2.0202692405383686
10
117.03124206248435
20
-2.0408432816865343
10
117.09093218186445
20
-2.0687833375666287
10
117.14655829311664
20
-2.1040894081788792
10
117.19735839471673
20
-2.1462534925069576
10
117.24257048514096
20
-2.1942595885192304
10
117.28117856235713
20
-2.247599695199483
10
117.31292862585724
20
-2.305257810515627
10
117.33731267462554
20
-2.3667259334517894
10
117.35356870713736
20
-2.4304800609601216
10
117.3619507239016
20
-2.4960121920242955
10
117.3619507239016
20
-2.5617983235965767
10
117.35356870713736
20
-2.627330454660978
10
117.33731267462554
20
-2.6910845821690828
10
117.31292862585724
20
-2.752298704597365
10
117.28117856235713
20
-2.8102108204216165
10
117.24257048514096
20
-2.863550927101869
10
117.19735839471673
20
-2.911557023114028
10
117.14655829311664
20
-2.9537211074422203
10
117.09093218186445
20
-2.989027178054357
10
117.03124206248435
20
-3.0169672339344515
10
116.96850393700788
20
-3.0372872745746236
10
116.90373380746769
20
-3.049733299466652
10
116.8379476758953
20
-3.053797307594664
10
116.58801117602229
20
-3.053797307594664
10
116.52222504445012
20
-3.049733299466652
10
116.45745491490993
20
-3.0372872745746236
10
116.39471678943369
20
-3.0169672339344515
10
116.33502667005337
20
-2.989027178054357
10
116.27940055880117
20
-2.9537211074422203
10
116.22860045720086
20
-2.911557023114028
10
116.18338836677663
20
-2.863550927101869
10
116.14478028956046
20
-2.8102108204216165
10
116.11277622555258
20
-2.752298704597365
10
116.0886461772925
20
-2.6910845821690828
10
116.07213614427224
20
-2.627330454660978
10
116.06400812801644
20
-2.5617983235965767
10
116.06400812801644
20
-2.4960121920242955
10
116.07213614427224
20
-2.4304800609601216
10
116.0886461772925
20
-2.3667259334517894
10
116.11277622555258
20
-2.305257810515627
10
116.14478028956046
20
-2.247599695199483
10
116.18338836677663
20
-2.1942595885192304
10
116.22860045720086
20
-2.1462534925069576
10
116.27940055880117
20
-2.1040894081788792
10
116.33502667005337
20
-2.0687833375666287
10
116.39471678943369
20
-2.0408432816865343
10
116.45745491490993
20
-2.0202692405383686
10
116.52222504445012
20
-2.0080772161544473
10
116.58801117602229
20
-2.003759207518442
97
1
330

75
0
76
1
47
0.4128176842155181
98
1
10
34.90568961886538
20
22.81183545379326
450
0
451
0
460
0
461
0
452
1
462
1
453
2
463
0
63
5
421
255
463
1
63
7
421
16777215
470
LINEAR
1001
ACAD
1010
0
1020
0
1030
0
 0
ARC
  5
7cd
330
1F
100
AcDbEntity
  8
TopSolderMaskLayer
100
AcDbCircle
 10
116.71297942595879
 20
-3.8098867639438367
 30
0.0
 40
0.3895781255358989
100
AcDbArc
 50
180
 51
360
 0
ARC
  5
7ce
330
1F
100
AcDbEntity
  8
TopSolderMaskLayer
100
AcDbCircle
 10
116.71297942595879
 20
-3.8096204750706875
 30
0.0
 40
0.3895781255358989
100
AcDbArc
 50
360
 51
180
 0
LWPOLYLINE
  5
7cf
330
1F
100
AcDbEntity
  8
TopSolderMaskLayer
100
AcDbPolyline
 90
1
 70
 1
 43
0
 10
116.32340130042289
 20
-3.8096204750706875
 10
116.32340130042289
 20
-3.8098867639438367
 0
LWPOLYLINE
  5
7d0
330
1F
100
AcDbEntity
  8
TopSolderMaskLayer
100
AcDbPolyline
 90
1
 70
 1
 43
0
 10
117.1025575514947
 20
-3.8096204750706875
 10
117.1025575514947
 20
-3.8098867639438367
0
HATCH
5
7d1
100
AcDbEntity
8
TopSolderMaskLayer
100
AcDbHatch
10
0
20
0
30
0
210
0
220
0
230
1
2
SOLID
70
1
71
0
91
1
92
7
72
0
73
1
93
52
10
116.84283880113753
20
-3.259334518668993
10
116.91119973238006
20
-3.263861429512872
10
116.97850489634448
20
-3.2766432954249467
10
117.04369852575337
20
-3.298212694151516
10
117.10572485332864
20
-3.327504470200097
10
117.16352811179195
20
-3.3645186235704614
10
117.21631647568597
20
-3.4087225765161975
10
117.26329811955111
20
-3.4590511735449354
10
117.30341727611062
20
-3.5149718369101492
10
117.33641000354419
20
-3.5754194111194693
10
117.36174841821321
20
-3.6398613184260284
10
117.378640694659
20
-3.706699825591272
10
117.38735077470164
20
-3.775402354868447
10
117.38735077470164
20
-3.8443711730191126
10
117.378640694659
20
-3.9130737022964013
10
117.36174841821321
20
-3.979912209461645
10
117.33641000354419
20
-4.044087827895055
10
117.30341727611062
20
-4.104801690977297
10
117.26329811955111
20
-4.160722354342624
10
117.21631647568597
20
-4.211050951371362
10
117.16352811179195
20
-4.255254904317212
10
117.10572485332864
20
-4.292269057687577
10
117.04369852575337
20
-4.321560833736044
10
116.97850489634448
20
-4.3428639435895775
10
116.91119973238006
20
-4.355912098374802
10
116.84283880113753
20
-4.360172720345304
10
116.58312005078005
20
-4.360172720345304
10
116.51475911953776
20
-4.355912098374802
10
116.44745395557334
20
-4.3428639435895775
10
116.38226032616467
20
-4.321560833736044
10
116.3202339985894
20
-4.292269057687577
10
116.26243074012586
20
-4.255254904317212
10
116.20964237623184
20
-4.211050951371362
10
116.16266073236648
20
-4.160722354342624
10
116.12254157580719
20
-4.104801690977297
10
116.08928490655421
20
-4.044087827895055
10
116.06421043370483
20
-3.979912209461645
10
116.04705421543918
20
-3.9130737022964013
10
116.03860807721617
20
-3.8443711730191126
10
116.03860807721617
20
-3.775402354868447
10
116.04705421543918
20
-3.706699825591272
10
116.06421043370483
20
-3.6398613184260284
10
116.08928490655421
20
-3.5754194111194693
10
116.12254157580719
20
-3.5149718369101492
10
116.16266073236648
20
-3.4590511735449354
10
116.20964237623184
20
-3.4087225765161975
10
116.26243074012586
20
-3.3645186235704614
10
116.3202339985894
20
-3.327504470200097
10
116.38226032616467
20
-3.298212694151516
10
116.44745395557334
20
-3.2766432954249467
10
116.51475911953776
20
-3.263861429512872
10
116.58312005078005
20
-3.259334518668993
97
1
330

75
0
76
1
47
0.4128176842155181
98
1
10
34.90568961886538
20
22.81183545379326
450
0
451
0
460
0
461
0
452
1
462
1
453
2
463
0
63
5
421
255
463
1
63
7
421
16777215
470
LINEAR
1001
ACAD
1010
0
1020
0
1030
0
 0
ARC
  5
7d4
330
1F
100
AcDbEntity
  8
BottomSolderMaskLayer
100
AcDbCircle
 10
116.71297942595879
 20
-3.8098867639438367
 30
0.0
 40
0.3895781255358989
100
AcDbArc
 50
180
 51
360
 0
ARC
  5
7d5
330
1F
100
AcDbEntity
  8
BottomSolderMaskLayer
100
AcDbCircle
 10
116.71297942595879
 20
-3.8096204750706875
 30
0.0
 40
0.3895781255358989
100
AcDbArc
 50
360
 51
180
 0
LWPOLYLINE
  5
7d6
330
1F
100
AcDbEntity
  8
BottomSolderMaskLayer
100
AcDbPolyline
 90
1
 70
 1
 43
0
 10
116.32340130042289
 20
-3.8096204750706875
 10
116.32340130042289
 20
-3.8098867639438367
 0
LWPOLYLINE
  5
7d7
330
1F
100
AcDbEntity
  8
BottomSolderMaskLayer
100
AcDbPolyline
 90
1
 70
 1
 43
0
 10
117.1025575514947
 20
-3.8096204750706875
 10
117.1025575514947
 20
-3.8098867639438367
0
HATCH
5
7d8
100
AcDbEntity
8
BottomSolderMaskLayer
100
AcDbHatch
10
0
20
0
30
0
210
0
220
0
230
1
2
SOLID
70
1
71
0
91
1
92
7
72
0
73
1
93
52
10
116.84283880113753
20
-3.259334518668993
10
116.91119973238006
20
-3.263861429512872
10
116.97850489634448
20
-3.2766432954249467
10
117.04369852575337
20
-3.298212694151516
10
117.10572485332864
20
-3.327504470200097
10
117.16352811179195
20
-3.3645186235704614
10
117.21631647568597
20
-3.4087225765161975
10
117.26329811955111
20
-3.4590511735449354
10
117.30341727611062
20
-3.5149718369101492
10
117.33641000354419
20
-3.5754194111194693
10
117.36174841821321
20
-3.6398613184260284
10
117.378640694659
20
-3.706699825591272
10
117.38735077470164
20
-3.775402354868447
10
117.38735077470164
20
-3.8443711730191126
10
117.378640694659
20
-3.9130737022964013
10
117.36174841821321
20
-3.979912209461645
10
117.33641000354419
20
-4.044087827895055
10
117.30341727611062
20
-4.104801690977297
10
117.26329811955111
20
-4.160722354342624
10
117.21631647568597
20
-4.211050951371362
10
117.16352811179195
20
-4.255254904317212
10
117.10572485332864
20
-4.292269057687577
10
117.04369852575337
20
-4.321560833736044
10
116.97850489634448
20
-4.3428639435895775
10
116.91119973238006
20
-4.355912098374802
10
116.84283880113753
20
-4.360172720345304
10
116.58312005078005
20
-4.360172720345304
10
116.51475911953776
20
-4.355912098374802
10
116.44745395557334
20
-4.3428639435895775
10
116.38226032616467
20
-4.321560833736044
10
116.3202339985894
20
-4.292269057687577
10
116.26243074012586
20
-4.255254904317212
10
116.20964237623184
20
-4.211050951371362
10
116.16266073236648
20
-4.160722354342624
10
116.12254157580719
20
-4.104801690977297
10
116.08928490655421
20
-4.044087827895055
10
116.06421043370483
20
-3.979912209461645
10
116.04705421543918
20
-3.9130737022964013
10
116.03860807721617
20
-3.8443711730191126
10
116.03860807721617
20
-3.775402354868447
10
116.04705421543918
20
-3.706699825591272
10
116.06421043370483
20
-3.6398613184260284
10
116.08928490655421
20
-3.5754194111194693
10
116.12254157580719
20
-3.5149718369101492
10
116.16266073236648
20
-3.4590511735449354
10
116.20964237623184
20
-3.4087225765161975
10
116.26243074012586
20
-3.3645186235704614
10
116.3202339985894
20
-3.327504470200097
10
116.38226032616467
20
-3.298212694151516
10
116.44745395557334
20
-3.2766432954249467
10
116.51475911953776
20
-3.263861429512872
10
116.58312005078005
20
-3.259334518668993
97
1
330

75
0
76
1
47
0.4128176842155181
98
1
10
34.90568961886538
20
22.81183545379326
450
0
451
0
460
0
461
0
452
1
462
1
453
2
463
0
63
5
421
255
463
1
63
7
421
16777215
470
LINEAR
1001
ACAD
1010
0
1020
0
1030
0
 0
ARC
  5
7db
330
1F
100
AcDbEntity
  8
Multi-Layer
100
AcDbCircle
 10
116.71297942595879
 20
-3.809880619761202
 30
0.0
 40
0.37490474980949967
100
AcDbArc
 50
180
 51
360
 0
ARC
  5
7dc
330
1F
100
AcDbEntity
  8
Multi-Layer
100
AcDbCircle
 10
116.71297942595879
 20
-3.8096266192532084
 30
0.0
 40
0.37490474980949967
100
AcDbArc
 50
360
 51
180
 0
LWPOLYLINE
  5
7dd
330
1F
100
AcDbEntity
  8
Multi-Layer
100
AcDbPolyline
 90
1
 70
 1
 43
0
 10
116.33807467614929
 20
-3.8096266192532084
 10
116.33807467614929
 20
-3.809880619761202
 0
LWPOLYLINE
  5
7de
330
1F
100
AcDbEntity
  8
Multi-Layer
100
AcDbPolyline
 90
1
 70
 1
 43
0
 10
117.0878841757683
 20
-3.8096266192532084
 10
117.0878841757683
 20
-3.809880619761202
0
HATCH
5
7df
100
AcDbEntity
8
Multi-Layer
100
AcDbHatch
10
0
20
0
30
0
210
0
220
0
230
1
2
SOLID
70
1
71
0
91
1
92
7
72
0
73
1
93
52
10
116.8379476758953
20
-3.2847345694690375
10
116.90373380746769
20
-3.2890525781051565
10
116.96850393700788
20
-3.3012446024891915
10
117.03124206248435
20
-3.3218186436372434
10
117.09093218186445
20
-3.3497586995174515
10
117.14655829311664
20
-3.3850647701295884
10
117.19735839471673
20
-3.427228854457667
10
117.24257048514096
20
-3.475234950469826
10
117.28117856235713
20
-3.5285750571500785
10
117.31292862585724
20
-3.5862331724663363
10
117.33731267462554
20
-3.6477012954024985
10
117.35356870713736
20
-3.7114554229108307
10
117.3619507239016
20
-3.7769875539751183
10
117.3619507239016
20
-3.842773685547286
10
117.35356870713736
20
-3.908305816611687
10
117.33731267462554
20
-3.9720599441199056
10
117.31292862585724
20
-4.033274066548074
10
117.28117856235713
20
-4.091186182372326
10
117.24257048514096
20
-4.144526289052578
10
117.19735839471673
20
-4.192532385064737
10
117.14655829311664
20
-4.234696469392929
10
117.09093218186445
20
-4.270002540005066
10
117.03124206248435
20
-4.297942595885161
10
116.96850393700788
20
-4.318262636525333
10
116.90373380746769
20
-4.330708661417361
10
116.8379476758953
20
-4.334772669545259
10
116.58801117602229
20
-4.334772669545259
10
116.52222504445012
20
-4.330708661417361
10
116.45745491490993
20
-4.318262636525333
10
116.39471678943369
20
-4.297942595885161
10
116.33502667005337
20
-4.270002540005066
10
116.27940055880117
20
-4.234696469392929
10
116.22860045720086
20
-4.192532385064737
10
116.18338836677663
20
-4.144526289052578
10
116.14478028956046
20
-4.091186182372326
10
116.11277622555258
20
-4.033274066548074
10
116.0886461772925
20
-3.9720599441199056
10
116.07213614427224
20
-3.908305816611687
10
116.06400812801644
20
-3.842773685547286
10
116.06400812801644
20
-3.7769875539751183
10
116.07213614427224
20
-3.7114554229108307
10
116.0886461772925
20
-3.6477012954024985
10
116.11277622555258
20
-3.5862331724663363
10
116.14478028956046
20
-3.5285750571500785
10
116.18338836677663
20
-3.475234950469826
10
116.22860045720086
20
-3.427228854457667
10
116.27940055880117
20
-3.3850647701295884
10
116.33502667005337
20
-3.3497586995174515
10
116.39471678943369
20
-3.3218186436372434
10
116.45745491490993
20
-3.3012446024891915
10
116.52222504445012
20
-3.2890525781051565
10
116.58801117602229
20
-3.2847345694690375
97
1
330

75
0
76
1
47
0.4128176842155181
98
1
10
34.90568961886538
20
22.81183545379326
450
0
451
0
460
0
461
0
452
1
462
1
453
2
463
0
63
5
421
255
463
1
63
7
421
16777215
470
LINEAR
1001
ACAD
1010
0
1020
0
1030
0
 0
ARC
  5
7e2
330
1F
100
AcDbEntity
  8
TopSolderMaskLayer
100
AcDbCircle
 10
96.38183200475987
 20
-22.732791465582864
 30
0.0
 40
0.3895781255358989
100
AcDbArc
 50
90
 51
270
 0
ARC
  5
7e3
330
1F
100
AcDbEntity
  8
TopSolderMaskLayer
100
AcDbCircle
 10
96.38209594657928
 20
-22.732791465582864
 30
0.0
 40
0.3895781255358989
100
AcDbArc
 50
270
 51
90
 0
LWPOLYLINE
  5
7e4
330
1F
100
AcDbEntity
  8
TopSolderMaskLayer
100
AcDbPolyline
 90
1
 70
 1
 43
0
 10
96.38209594657928
 20
-22.343213340046965
 10
96.38183200475987
 20
-22.343213340046965
 0
LWPOLYLINE
  5
7e5
330
1F
100
AcDbEntity
  8
TopSolderMaskLayer
100
AcDbPolyline
 90
1
 70
 1
 43
0
 10
96.38209594657928
 20
-23.122369591118762
 10
96.38183200475987
 20
-23.122369591118762
0
HATCH
5
7e6
100
AcDbEntity
8
TopSolderMaskLayer
100
AcDbHatch
10
0
20
0
30
0
210
0
220
0
230
1
2
SOLID
70
1
71
0
91
1
92
7
72
0
73
1
93
52
10
96.92753171651157
20
-22.86380559118163
10
96.92304470558065
20
-22.93277440933207
10
96.91037549824614
20
-23.00067807198991
10
96.88899621086921
20
-23.066451423662443
10
96.85996261072773
20
-23.129029308856957
10
96.82327469782149
20
-23.18734657208074
10
96.77946035578952
20
-23.240604346714235
10
96.72957535190994
20
-23.288003766138104
10
96.67414756982134
20
-23.328479674859636
10
96.61423277680206
20
-23.361765784005684
10
96.55035885649067
20
-23.387329515829833
10
96.48410945980413
20
-23.404372003712524
10
96.41601247038102
20
-23.413159536527132
10
96.3476515391385
20
-23.413159536527132
10
96.27955454971584
20
-23.404372003712524
10
96.21330515302907
20
-23.387329515829833
10
96.1496951745371
20
-23.361765784005684
10
96.08951643969817
20
-23.328479674859636
10
96.03408865761003
20
-23.288003766138104
10
95.98420365373022
20
-23.240604346714235
10
95.94038931169848
20
-23.18734657208074
10
95.90370139879224
20
-23.129029308856957
10
95.87466779865076
20
-23.066451423662443
10
95.85355245309324
20
-23.00067807198991
10
95.84061930393932
20
-22.93277440933207
10
95.83639623482782
20
-22.86380559118163
10
95.83639623482782
20
-22.601777339984324
10
95.84061930393932
20
-22.532808521833772
10
95.85355245309324
20
-22.46490485917593
10
95.87466779865076
20
-22.399131507503398
10
95.90370139879224
20
-22.336553622308884
10
95.94038931169848
20
-22.278236359085213
10
95.98420365373022
20
-22.224978584451605
10
96.03408865761003
20
-22.17757916502785
10
96.08951643969817
20
-22.137103256306204
10
96.1496951745371
20
-22.103550858287008
10
96.21330515302907
20
-22.078253415336007
10
96.27955454971584
20
-22.060944638580168
10
96.3476515391385
20
-22.052423394638822
10
96.41601247038102
20
-22.052423394638822
10
96.48410945980413
20
-22.060944638580168
10
96.55035885649067
20
-22.078253415336007
10
96.61423277680206
20
-22.103550858287008
10
96.67414756982134
20
-22.137103256306204
10
96.72957535190994
20
-22.17757916502785
10
96.77946035578952
20
-22.224978584451605
10
96.82327469782149
20
-22.278236359085213
10
96.85996261072773
20
-22.336553622308884
10
96.88899621086921
20
-22.399131507503398
10
96.91037549824614
20
-22.46490485917593
10
96.92304470558065
20
-22.532808521833772
10
96.92753171651157
20
-22.601777339984324
97
1
330

75
0
76
1
47
0.4128176842155181
98
1
10
34.90568961886538
20
22.81183545379326
450
0
451
0
460
0
461
0
452
1
462
1
453
2
463
0
63
5
421
255
463
1
63
7
421
16777215
470
LINEAR
1001
ACAD
1010
0
1020
0
1030
0
 0
ARC
  5
7e9
330
1F
100
AcDbEntity
  8
BottomSolderMaskLayer
100
AcDbCircle
 10
96.38183200475987
 20
-22.732791465582864
 30
0.0
 40
0.3895781255358989
100
AcDbArc
 50
90
 51
270
 0
ARC
  5
7ea
330
1F
100
AcDbEntity
  8
BottomSolderMaskLayer
100
AcDbCircle
 10
96.38209594657928
 20
-22.732791465582864
 30
0.0
 40
0.3895781255358989
100
AcDbArc
 50
270
 51
90
 0
LWPOLYLINE
  5
7eb
330
1F
100
AcDbEntity
  8
BottomSolderMaskLayer
100
AcDbPolyline
 90
1
 70
 1
 43
0
 10
96.38209594657928
 20
-22.343213340046965
 10
96.38183200475987
 20
-22.343213340046965
 0
LWPOLYLINE
  5
7ec
330
1F
100
AcDbEntity
  8
BottomSolderMaskLayer
100
AcDbPolyline
 90
1
 70
 1
 43
0
 10
96.38209594657928
 20
-23.122369591118762
 10
96.38183200475987
 20
-23.122369591118762
0
HATCH
5
7ed
100
AcDbEntity
8
BottomSolderMaskLayer
100
AcDbHatch
10
0
20
0
30
0
210
0
220
0
230
1
2
SOLID
70
1
71
0
91
1
92
7
72
0
73
1
93
52
10
96.92753171651157
20
-22.86380559118163
10
96.92304470558065
20
-22.93277440933207
10
96.91037549824614
20
-23.00067807198991
10
96.88899621086921
20
-23.066451423662443
10
96.85996261072773
20
-23.129029308856957
10
96.82327469782149
20
-23.18734657208074
10
96.77946035578952
20
-23.240604346714235
10
96.72957535190994
20
-23.288003766138104
10
96.67414756982134
20
-23.328479674859636
10
96.61423277680206
20
-23.361765784005684
10
96.55035885649067
20
-23.387329515829833
10
96.48410945980413
20
-23.404372003712524
10
96.41601247038102
20
-23.413159536527132
10
96.3476515391385
20
-23.413159536527132
10
96.27955454971584
20
-23.404372003712524
10
96.21330515302907
20
-23.387329515829833
10
96.1496951745371
20
-23.361765784005684
10
96.08951643969817
20
-23.328479674859636
10
96.03408865761003
20
-23.288003766138104
10
95.98420365373022
20
-23.240604346714235
10
95.94038931169848
20
-23.18734657208074
10
95.90370139879224
20
-23.129029308856957
10
95.87466779865076
20
-23.066451423662443
10
95.85355245309324
20
-23.00067807198991
10
95.84061930393932
20
-22.93277440933207
10
95.83639623482782
20
-22.86380559118163
10
95.83639623482782
20
-22.601777339984324
10
95.84061930393932
20
-22.532808521833772
10
95.85355245309324
20
-22.46490485917593
10
95.87466779865076
20
-22.399131507503398
10
95.90370139879224
20
-22.336553622308884
10
95.94038931169848
20
-22.278236359085213
10
95.98420365373022
20
-22.224978584451605
10
96.03408865761003
20
-22.17757916502785
10
96.08951643969817
20
-22.137103256306204
10
96.1496951745371
20
-22.103550858287008
10
96.21330515302907
20
-22.078253415336007
10
96.27955454971584
20
-22.060944638580168
10
96.3476515391385
20
-22.052423394638822
10
96.41601247038102
20
-22.052423394638822
10
96.48410945980413
20
-22.060944638580168
10
96.55035885649067
20
-22.078253415336007
10
96.61423277680206
20
-22.103550858287008
10
96.67414756982134
20
-22.137103256306204
10
96.72957535190994
20
-22.17757916502785
10
96.77946035578952
20
-22.224978584451605
10
96.82327469782149
20
-22.278236359085213
10
96.85996261072773
20
-22.336553622308884
10
96.88899621086921
20
-22.399131507503398
10
96.91037549824614
20
-22.46490485917593
10
96.92304470558065
20
-22.532808521833772
10
96.92753171651157
20
-22.601777339984324
97
1
330

75
0
76
1
47
0.4128176842155181
98
1
10
34.90568961886538
20
22.81183545379326
450
0
451
0
460
0
461
0
452
1
462
1
453
2
463
0
63
5
421
255
463
1
63
7
421
16777215
470
LINEAR
1001
ACAD
1010
0
1020
0
1030
0
 0
ARC
  5
7f0
330
1F
100
AcDbEntity
  8
Multi-Layer
100
AcDbCircle
 10
96.38183896367786
 20
-22.732791465582864
 30
0.0
 40
0.37490474980949967
100
AcDbArc
 50
90
 51
270
 0
ARC
  5
7f1
330
1F
100
AcDbEntity
  8
Multi-Layer
100
AcDbCircle
 10
96.38209296418586
 20
-22.732791465582864
 30
0.0
 40
0.37490474980949967
100
AcDbArc
 50
270
 51
90
 0
LWPOLYLINE
  5
7f2
330
1F
100
AcDbEntity
  8
Multi-Layer
100
AcDbPolyline
 90
1
 70
 1
 43
0
 10
96.38209296418586
 20
-22.357886715773365
 10
96.38183896367786
 20
-22.357886715773365
 0
LWPOLYLINE
  5
7f3
330
1F
100
AcDbEntity
  8
Multi-Layer
100
AcDbPolyline
 90
1
 70
 1
 43
0
 10
96.38209296418586
 20
-23.107696215392362
 10
96.38183896367786
 20
-23.107696215392362
0
HATCH
5
7f4
100
AcDbEntity
8
Multi-Layer
100
AcDbHatch
10
0
20
0
30
0
210
0
220
0
230
1
2
SOLID
70
1
71
0
91
1
92
7
72
0
73
1
93
52
10
96.90698501396992
20
-22.857759715519364
10
96.90266700533402
20
-22.923545847091646
10
96.8904749809501
20
-22.988315976631952
10
96.86990093980194
20
-23.051054102108196
10
96.84196088392196
20
-23.110744221488403
10
96.8066548133097
20
-23.166370332740712
10
96.7644907289814
20
-23.2171704343408
10
96.71648463296924
20
-23.26238252476503
10
96.66314452628899
20
-23.300990601981198
10
96.60548641097284
20
-23.33274066548131
10
96.54401828803657
20
-23.35712471424938
10
96.48026416052835
20
-23.37338074676154
10
96.41473202946395
20
-23.381762763525558
10
96.34894589789178
20
-23.381762763525558
10
96.2834137668276
20
-23.37338074676154
10
96.21965963931916
20
-23.35712471424938
10
96.15844551689088
20
-23.33274066548131
10
96.10053340106674
20
-23.300990601981198
10
96.04719329438672
20
-23.26238252476503
10
95.99918719837456
20
-23.2171704343408
10
95.95702311404625
20
-23.166370332740712
10
95.921717043434
20
-23.110744221488403
10
95.89377698755402
20
-23.051054102108196
10
95.87345694691408
20
-22.988315976631952
10
95.86101092202193
20
-22.923545847091646
10
95.85694691389381
20
-22.857759715519364
10
95.85694691389381
20
-22.607823215646476
10
95.86101092202193
20
-22.542037084074195
10
95.87345694691408
20
-22.47726695453389
10
95.89377698755402
20
-22.414528829057645
10
95.921717043434
20
-22.354838709677438
10
95.95702311404625
20
-22.29921259842513
10
95.99918719837456
20
-22.24841249682504
10
96.04719329438672
20
-22.20320040640081
10
96.10053340106674
20
-22.164592329184643
10
96.15844551689088
20
-22.132588265176537
10
96.21965963931916
20
-22.10845821691646
10
96.2834137668276
20
-22.09194818389642
10
96.34894589789178
20
-22.083820167640283
10
96.41473202946395
20
-22.083820167640283
10
96.48026416052835
20
-22.09194818389642
10
96.54401828803657
20
-22.10845821691646
10
96.60548641097284
20
-22.132588265176537
10
96.66314452628899
20
-22.164592329184643
10
96.71648463296924
20
-22.20320040640081
10
96.7644907289814
20
-22.24841249682504
10
96.8066548133097
20
-22.29921259842513
10
96.84196088392196
20
-22.354838709677438
10
96.86990093980194
20
-22.414528829057645
10
96.8904749809501
20
-22.47726695453389
10
96.90266700533402
20
-22.542037084074195
10
96.90698501396992
20
-22.607823215646476
97
1
330

75
0
76
1
47
0.4128176842155181
98
1
10
34.90568961886538
20
22.81183545379326
450
0
451
0
460
0
461
0
452
1
462
1
453
2
463
0
63
5
421
255
463
1
63
7
421
16777215
470
LINEAR
1001
ACAD
1010
0
1020
0
1030
0
 0
ARC
  5
7f7
330
1F
100
AcDbEntity
  8
TopSolderMaskLayer
100
AcDbCircle
 10
98.94378670518586
 20
-22.732791465582864
 30
0.0
 40
0.3895781255358989
100
AcDbArc
 50
90
 51
270
 0
ARC
  5
7f8
330
1F
100
AcDbEntity
  8
TopSolderMaskLayer
100
AcDbCircle
 10
98.94405064700527
 20
-22.732791465582864
 30
0.0
 40
0.3895781255358989
100
AcDbArc
 50
270
 51
90
 0
LWPOLYLINE
  5
7f9
330
1F
100
AcDbEntity
  8
TopSolderMaskLayer
100
AcDbPolyline
 90
1
 70
 1
 43
0
 10
98.94405064700527
 20
-22.343213340046965
 10
98.94378670518586
 20
-22.343213340046965
 0
LWPOLYLINE
  5
7fa
330
1F
100
AcDbEntity
  8
TopSolderMaskLayer
100
AcDbPolyline
 90
1
 70
 1
 43
0
 10
98.94405064700527
 20
-23.122369591118762
 10
98.94378670518586
 20
-23.122369591118762
0
HATCH
5
7fb
100
AcDbEntity
8
TopSolderMaskLayer
100
AcDbHatch
10
0
20
0
30
0
210
0
220
0
230
1
2
SOLID
70
1
71
0
91
1
92
7
72
0
73
1
93
52
10
99.48948641693755
20
-22.86380559118163
10
99.48499940600664
20
-22.93277440933207
10
99.47233019867213
20
-23.00067807198991
10
99.4509509112952
20
-23.066451423662443
10
99.42191731115349
20
-23.129029308856957
10
99.38522939824747
20
-23.18734657208074
10
99.34141505621574
20
-23.240604346714235
10
99.29153005233616
20
-23.288003766138104
10
99.23610227024756
20
-23.328479674859636
10
99.17618747722827
20
-23.361765784005684
10
99.11231355691689
20
-23.387329515829833
10
99.04606416022989
20
-23.404372003712524
10
98.977967170807
20
-23.413159536527132
10
98.90960623956471
20
-23.413159536527132
10
98.84150925014183
20
-23.404372003712524
10
98.77525985345505
20
-23.387329515829833
10
98.71164987496309
20
-23.361765784005684
10
98.65147114012416
20
-23.328479674859636
10
98.59604335803579
20
-23.288003766138104
10
98.5461583541562
20
-23.240604346714235
10
98.50234401212447
20
-23.18734657208074
10
98.46565609921822
20
-23.129029308856957
10
98.43662249907675
20
-23.066451423662443
10
98.41550715351923
20
-23.00067807198991
10
98.4025740043653
20
-22.93277440933207
10
98.3983509352538
20
-22.86380559118163
10
98.3983509352538
20
-22.601777339984324
10
98.4025740043653
20
-22.532808521833772
10
98.41550715351923
20
-22.46490485917593
10
98.43662249907675
20
-22.399131507503398
10
98.46565609921822
20
-22.336553622308884
10
98.50234401212447
20
-22.278236359085213
10
98.5461583541562
20
-22.224978584451605
10
98.59604335803579
20
-22.17757916502785
10
98.65147114012416
20
-22.137103256306204
10
98.71164987496309
20
-22.103550858287008
10
98.77525985345505
20
-22.078253415336007
10
98.84150925014183
20
-22.060944638580168
10
98.90960623956471
20
-22.052423394638822
10
98.977967170807
20
-22.052423394638822
10
99.04606416022989
20
-22.060944638580168
10
99.11231355691689
20
-22.078253415336007
10
99.17618747722827
20
-22.103550858287008
10
99.23610227024756
20
-22.137103256306204
10
99.29153005233616
20
-22.17757916502785
10
99.34141505621574
20
-22.224978584451605
10
99.38522939824747
20
-22.278236359085213
10
99.42191731115349
20
-22.336553622308884
10
99.4509509112952
20
-22.399131507503398
10
99.47233019867213
20
-22.46490485917593
10
99.48499940600664
20
-22.532808521833772
10
99.48948641693755
20
-22.601777339984324
97
1
330

75
0
76
1
47
0.4128176842155181
98
1
10
34.90568961886538
20
22.81183545379326
450
0
451
0
460
0
461
0
452
1
462
1
453
2
463
0
63
5
421
255
463
1
63
7
421
16777215
470
LINEAR
1001
ACAD
1010
0
1020
0
1030
0
 0
ARC
  5
7fe
330
1F
100
AcDbEntity
  8
BottomSolderMaskLayer
100
AcDbCircle
 10
98.94378670518586
 20
-22.732791465582864
 30
0.0
 40
0.3895781255358989
100
AcDbArc
 50
90
 51
270
 0
ARC
  5
7ff
330
1F
100
AcDbEntity
  8
BottomSolderMaskLayer
100
AcDbCircle
 10
98.94405064700527
 20
-22.732791465582864
 30
0.0
 40
0.3895781255358989
100
AcDbArc
 50
270
 51
90
 0
LWPOLYLINE
  5
800
330
1F
100
AcDbEntity
  8
BottomSolderMaskLayer
100
AcDbPolyline
 90
1
 70
 1
 43
0
 10
98.94405064700527
 20
-22.343213340046965
 10
98.94378670518586
 20
-22.343213340046965
 0
LWPOLYLINE
  5
801
330
1F
100
AcDbEntity
  8
BottomSolderMaskLayer
100
AcDbPolyline
 90
1
 70
 1
 43
0
 10
98.94405064700527
 20
-23.122369591118762
 10
98.94378670518586
 20
-23.122369591118762
0
HATCH
5
802
100
AcDbEntity
8
BottomSolderMaskLayer
100
AcDbHatch
10
0
20
0
30
0
210
0
220
0
230
1
2
SOLID
70
1
71
0
91
1
92
7
72
0
73
1
93
52
10
99.48948641693755
20
-22.86380559118163
10
99.48499940600664
20
-22.93277440933207
10
99.47233019867213
20
-23.00067807198991
10
99.4509509112952
20
-23.066451423662443
10
99.42191731115349
20
-23.129029308856957
10
99.38522939824747
20
-23.18734657208074
10
99.34141505621574
20
-23.240604346714235
10
99.29153005233616
20
-23.288003766138104
10
99.23610227024756
20
-23.328479674859636
10
99.17618747722827
20
-23.361765784005684
10
99.11231355691689
20
-23.387329515829833
10
99.04606416022989
20
-23.404372003712524
10
98.977967170807
20
-23.413159536527132
10
98.90960623956471
20
-23.413159536527132
10
98.84150925014183
20
-23.404372003712524
10
98.77525985345505
20
-23.387329515829833
10
98.71164987496309
20
-23.361765784005684
10
98.65147114012416
20
-23.328479674859636
10
98.59604335803579
20
-23.288003766138104
10
98.5461583541562
20
-23.240604346714235
10
98.50234401212447
20
-23.18734657208074
10
98.46565609921822
20
-23.129029308856957
10
98.43662249907675
20
-23.066451423662443
10
98.41550715351923
20
-23.00067807198991
10
98.4025740043653
20
-22.93277440933207
10
98.3983509352538
20
-22.86380559118163
10
98.3983509352538
20
-22.601777339984324
10
98.4025740043653
20
-22.532808521833772
10
98.41550715351923
20
-22.46490485917593
10
98.43662249907675
20
-22.399131507503398
10
98.46565609921822
20
-22.336553622308884
10
98.50234401212447
20
-22.278236359085213
10
98.5461583541562
20
-22.224978584451605
10
98.59604335803579
20
-22.17757916502785
10
98.65147114012416
20
-22.137103256306204
10
98.71164987496309
20
-22.103550858287008
10
98.77525985345505
20
-22.078253415336007
10
98.84150925014183
20
-22.060944638580168
10
98.90960623956471
20
-22.052423394638822
10
98.977967170807
20
-22.052423394638822
10
99.04606416022989
20
-22.060944638580168
10
99.11231355691689
20
-22.078253415336007
10
99.17618747722827
20
-22.103550858287008
10
99.23610227024756
20
-22.137103256306204
10
99.29153005233616
20
-22.17757916502785
10
99.34141505621574
20
-22.224978584451605
10
99.38522939824747
20
-22.278236359085213
10
99.42191731115349
20
-22.336553622308884
10
99.4509509112952
20
-22.399131507503398
10
99.47233019867213
20
-22.46490485917593
10
99.48499940600664
20
-22.532808521833772
10
99.48948641693755
20
-22.601777339984324
97
1
330

75
0
76
1
47
0.4128176842155181
98
1
10
34.90568961886538
20
22.81183545379326
450
0
451
0
460
0
461
0
452
1
462
1
453
2
463
0
63
5
421
255
463
1
63
7
421
16777215
470
LINEAR
1001
ACAD
1010
0
1020
0
1030
0
 0
ARC
  5
805
330
1F
100
AcDbEntity
  8
Multi-Layer
100
AcDbCircle
 10
98.94378968757928
 20
-22.732791465582864
 30
0.0
 40
0.37490474980949967
100
AcDbArc
 50
90
 51
270
 0
ARC
  5
806
330
1F
100
AcDbEntity
  8
Multi-Layer
100
AcDbCircle
 10
98.9440436880875
 20
-22.732791465582864
 30
0.0
 40
0.37490474980949967
100
AcDbArc
 50
270
 51
90
 0
LWPOLYLINE
  5
807
330
1F
100
AcDbEntity
  8
Multi-Layer
100
AcDbPolyline
 90
1
 70
 1
 43
0
 10
98.9440436880875
 20
-22.357886715773365
 10
98.94378968757928
 20
-22.357886715773365
 0
LWPOLYLINE
  5
808
330
1F
100
AcDbEntity
  8
Multi-Layer
100
AcDbPolyline
 90
1
 70
 1
 43
0
 10
98.9440436880875
 20
-23.107696215392362
 10
98.94378968757928
 20
-23.107696215392362
0
HATCH
5
809
100
AcDbEntity
8
Multi-Layer
100
AcDbHatch
10
0
20
0
30
0
210
0
220
0
230
1
2
SOLID
70
1
71
0
91
1
92
7
72
0
73
1
93
52
10
99.46893573787156
20
-22.857759715519364
10
99.46461772923544
20
-22.923545847091646
10
99.45242570485152
20
-22.988315976631952
10
99.43185166370336
20
-23.051054102108196
10
99.40391160782315
20
-23.110744221488403
10
99.36860553721112
20
-23.166370332740712
10
99.32644145288305
20
-23.2171704343408
10
99.27843535687066
20
-23.26238252476503
10
99.2250952501904
20
-23.300990601981198
10
99.16743713487426
20
-23.33274066548131
10
99.10596901193799
20
-23.35712471424938
10
99.04221488442977
20
-23.37338074676154
10
98.97668275336537
20
-23.381762763525558
10
98.9108966217932
20
-23.381762763525558
10
98.84536449072903
20
-23.37338074676154
10
98.78161036322058
20
-23.35712471424938
10
98.72039624079252
20
-23.33274066548131
10
98.66248412496816
20
-23.300990601981198
10
98.6091440182879
20
-23.26238252476503
10
98.56113792227598
20
-23.2171704343408
10
98.51897383794767
20
-23.166370332740712
10
98.48366776733565
20
-23.110744221488403
10
98.45572771145544
20
-23.051054102108196
10
98.4354076708155
20
-22.988315976631952
10
98.42296164592335
20
-22.923545847091646
10
98.41889763779523
20
-22.857759715519364
10
98.41889763779523
20
-22.607823215646476
10
98.42296164592335
20
-22.542037084074195
10
98.4354076708155
20
-22.47726695453389
10
98.45572771145544
20
-22.414528829057645
10
98.48366776733565
20
-22.354838709677438
10
98.51897383794767
20
-22.29921259842513
10
98.56113792227598
20
-22.24841249682504
10
98.6091440182879
20
-22.20320040640081
10
98.66248412496816
20
-22.164592329184643
10
98.72039624079252
20
-22.132588265176537
10
98.78161036322058
20
-22.10845821691646
10
98.84536449072903
20
-22.09194818389642
10
98.9108966217932
20
-22.083820167640283
10
98.97668275336537
20
-22.083820167640283
10
99.04221488442977
20
-22.09194818389642
10
99.10596901193799
20
-22.10845821691646
10
99.16743713487426
20
-22.132588265176537
10
99.2250952501904
20
-22.164592329184643
10
99.27843535687066
20
-22.20320040640081
10
99.32644145288305
20
-22.24841249682504
10
99.36860553721112
20
-22.29921259842513
10
99.40391160782315
20
-22.354838709677438
10
99.43185166370336
20
-22.414528829057645
10
99.45242570485152
20
-22.47726695453389
10
99.46461772923544
20
-22.542037084074195
10
99.46893573787156
20
-22.607823215646476
97
1
330

75
0
76
1
47
0.4128176842155181
98
1
10
34.90568961886538
20
22.81183545379326
450
0
451
0
460
0
461
0
452
1
462
1
453
2
463
0
63
5
421
255
463
1
63
7
421
16777215
470
LINEAR
1001
ACAD
1010
0
1020
0
1030
0
 0
ARC
  5
80c
330
1F
100
AcDbEntity
  8
TopSolderMaskLayer
100
AcDbCircle
 10
97.66280935497275
 20
-22.732791465582864
 30
0.0
 40
0.3895781255358989
100
AcDbArc
 50
90
 51
270
 0
ARC
  5
80d
330
1F
100
AcDbEntity
  8
TopSolderMaskLayer
100
AcDbCircle
 10
97.66307329679239
 20
-22.732791465582864
 30
0.0
 40
0.3895781255358989
100
AcDbArc
 50
270
 51
90
 0
LWPOLYLINE
  5
80e
330
1F
100
AcDbEntity
  8
TopSolderMaskLayer
100
AcDbPolyline
 90
1
 70
 1
 43
0
 10
97.66307329679239
 20
-22.343213340046965
 10
97.66280935497275
 20
-22.343213340046965
 0
LWPOLYLINE
  5
80f
330
1F
100
AcDbEntity
  8
TopSolderMaskLayer
100
AcDbPolyline
 90
1
 70
 1
 43
0
 10
97.66307329679239
 20
-23.122369591118762
 10
97.66280935497275
 20
-23.122369591118762
0
HATCH
5
810
100
AcDbEntity
8
TopSolderMaskLayer
100
AcDbHatch
10
0
20
0
30
0
210
0
220
0
230
1
2
SOLID
70
1
71
0
91
1
92
7
72
0
73
1
93
52
10
98.20850906672467
20
-22.86380559118163
10
98.20402205579353
20
-22.93277440933207
10
98.19135284845925
20
-23.00067807198991
10
98.16997356108209
20
-23.066451423662443
10
98.14093996094061
20
-23.129029308856957
10
98.10425204803437
20
-23.18734657208074
10
98.06043770600263
20
-23.240604346714235
10
98.01055270212305
20
-23.288003766138104
10
97.95512492003445
20
-23.328479674859636
10
97.89521012701516
20
-23.361765784005684
10
97.83133620670378
20
-23.387329515829833
10
97.76508681001724
20
-23.404372003712524
10
97.69698982059413
20
-23.413159536527132
10
97.6286288893516
20
-23.413159536527132
10
97.56053189992872
20
-23.404372003712524
10
97.49428250324218
20
-23.387329515829833
10
97.43067252474998
20
-23.361765784005684
10
97.37049378991128
20
-23.328479674859636
10
97.3150660078229
20
-23.288003766138104
10
97.26518100394333
20
-23.240604346714235
10
97.22136666191136
20
-23.18734657208074
10
97.18467874900512
20
-23.129029308856957
10
97.15564514886364
20
-23.066451423662443
10
97.13452980330612
20
-23.00067807198991
10
97.12159665415243
20
-22.93277440933207
10
97.1173735850407
20
-22.86380559118163
10
97.1173735850407
20
-22.601777339984324
10
97.12159665415243
20
-22.532808521833772
10
97.13452980330612
20
-22.46490485917593
10
97.15564514886364
20
-22.399131507503398
10
97.18467874900512
20
-22.336553622308884
10
97.22136666191136
20
-22.278236359085213
10
97.26518100394333
20
-22.224978584451605
10
97.3150660078229
20
-22.17757916502785
10
97.37049378991128
20
-22.137103256306204
10
97.43067252474998
20
-22.103550858287008
10
97.49428250324218
20
-22.078253415336007
10
97.56053189992872
20
-22.060944638580168
10
97.6286288893516
20
-22.052423394638822
10
97.69698982059413
20
-22.052423394638822
10
97.76508681001724
20
-22.060944638580168
10
97.83133620670378
20
-22.078253415336007
10
97.89521012701516
20
-22.103550858287008
10
97.95512492003445
20
-22.137103256306204
10
98.01055270212305
20
-22.17757916502785
10
98.06043770600263
20
-22.224978584451605
10
98.10425204803437
20
-22.278236359085213
10
98.14093996094061
20
-22.336553622308884
10
98.16997356108209
20
-22.399131507503398
10
98.19135284845925
20
-22.46490485917593
10
98.20402205579353
20
-22.532808521833772
10
98.20850906672467
20
-22.601777339984324
97
1
330

75
0
76
1
47
0.4128176842155181
98
1
10
34.90568961886538
20
22.81183545379326
450
0
451
0
460
0
461
0
452
1
462
1
453
2
463
0
63
5
421
255
463
1
63
7
421
16777215
470
LINEAR
1001
ACAD
1010
0
1020
0
1030
0
 0
ARC
  5
813
330
1F
100
AcDbEntity
  8
BottomSolderMaskLayer
100
AcDbCircle
 10
97.66280935497275
 20
-22.732791465582864
 30
0.0
 40
0.3895781255358989
100
AcDbArc
 50
90
 51
270
 0
ARC
  5
814
330
1F
100
AcDbEntity
  8
BottomSolderMaskLayer
100
AcDbCircle
 10
97.66307329679239
 20
-22.732791465582864
 30
0.0
 40
0.3895781255358989
100
AcDbArc
 50
270
 51
90
 0
LWPOLYLINE
  5
815
330
1F
100
AcDbEntity
  8
BottomSolderMaskLayer
100
AcDbPolyline
 90
1
 70
 1
 43
0
 10
97.66307329679239
 20
-22.343213340046965
 10
97.66280935497275
 20
-22.343213340046965
 0
LWPOLYLINE
  5
816
330
1F
100
AcDbEntity
  8
BottomSolderMaskLayer
100
AcDbPolyline
 90
1
 70
 1
 43
0
 10
97.66307329679239
 20
-23.122369591118762
 10
97.66280935497275
 20
-23.122369591118762
0
HATCH
5
817
100
AcDbEntity
8
BottomSolderMaskLayer
100
AcDbHatch
10
0
20
0
30
0
210
0
220
0
230
1
2
SOLID
70
1
71
0
91
1
92
7
72
0
73
1
93
52
10
98.20850906672467
20
-22.86380559118163
10
98.20402205579353
20
-22.93277440933207
10
98.19135284845925
20
-23.00067807198991
10
98.16997356108209
20
-23.066451423662443
10
98.14093996094061
20
-23.129029308856957
10
98.10425204803437
20
-23.18734657208074
10
98.06043770600263
20
-23.240604346714235
10
98.01055270212305
20
-23.288003766138104
10
97.95512492003445
20
-23.328479674859636
10
97.89521012701516
20
-23.361765784005684
10
97.83133620670378
20
-23.387329515829833
10
97.76508681001724
20
-23.404372003712524
10
97.69698982059413
20
-23.413159536527132
10
97.6286288893516
20
-23.413159536527132
10
97.56053189992872
20
-23.404372003712524
10
97.49428250324218
20
-23.387329515829833
10
97.43067252474998
20
-23.361765784005684
10
97.37049378991128
20
-23.328479674859636
10
97.3150660078229
20
-23.288003766138104
10
97.26518100394333
20
-23.240604346714235
10
97.22136666191136
20
-23.18734657208074
10
97.18467874900512
20
-23.129029308856957
10
97.15564514886364
20
-23.066451423662443
10
97.13452980330612
20
-23.00067807198991
10
97.12159665415243
20
-22.93277440933207
10
97.1173735850407
20
-22.86380559118163
10
97.1173735850407
20
-22.601777339984324
10
97.12159665415243
20
-22.532808521833772
10
97.13452980330612
20
-22.46490485917593
10
97.15564514886364
20
-22.399131507503398
10
97.18467874900512
20
-22.336553622308884
10
97.22136666191136
20
-22.278236359085213
10
97.26518100394333
20
-22.224978584451605
10
97.3150660078229
20
-22.17757916502785
10
97.37049378991128
20
-22.137103256306204
10
97.43067252474998
20
-22.103550858287008
10
97.49428250324218
20
-22.078253415336007
10
97.56053189992872
20
-22.060944638580168
10
97.6286288893516
20
-22.052423394638822
10
97.69698982059413
20
-22.052423394638822
10
97.76508681001724
20
-22.060944638580168
10
97.83133620670378
20
-22.078253415336007
10
97.89521012701516
20
-22.103550858287008
10
97.95512492003445
20
-22.137103256306204
10
98.01055270212305
20
-22.17757916502785
10
98.06043770600263
20
-22.224978584451605
10
98.10425204803437
20
-22.278236359085213
10
98.14093996094061
20
-22.336553622308884
10
98.16997356108209
20
-22.399131507503398
10
98.19135284845925
20
-22.46490485917593
10
98.20402205579353
20
-22.532808521833772
10
98.20850906672467
20
-22.601777339984324
97
1
330

75
0
76
1
47
0.4128176842155181
98
1
10
34.90568961886538
20
22.81183545379326
450
0
451
0
460
0
461
0
452
1
462
1
453
2
463
0
63
5
421
255
463
1
63
7
421
16777215
470
LINEAR
1001
ACAD
1010
0
1020
0
1030
0
 0
ARC
  5
81a
330
1F
100
AcDbEntity
  8
Multi-Layer
100
AcDbCircle
 10
97.66281432562869
 20
-22.732791465582864
 30
0.0
 40
0.37490474980949967
100
AcDbArc
 50
90
 51
270
 0
ARC
  5
81b
330
1F
100
AcDbEntity
  8
Multi-Layer
100
AcDbCircle
 10
97.66306832613668
 20
-22.732791465582864
 30
0.0
 40
0.37490474980949967
100
AcDbArc
 50
270
 51
90
 0
LWPOLYLINE
  5
81c
330
1F
100
AcDbEntity
  8
Multi-Layer
100
AcDbPolyline
 90
1
 70
 1
 43
0
 10
97.66306832613668
 20
-22.357886715773365
 10
97.66281432562869
 20
-22.357886715773365
 0
LWPOLYLINE
  5
81d
330
1F
100
AcDbEntity
  8
Multi-Layer
100
AcDbPolyline
 90
1
 70
 1
 43
0
 10
97.66306832613668
 20
-23.107696215392362
 10
97.66281432562869
 20
-23.107696215392362
0
HATCH
5
81e
100
AcDbEntity
8
Multi-Layer
100
AcDbHatch
10
0
20
0
30
0
210
0
220
0
230
1
2
SOLID
70
1
71
0
91
1
92
7
72
0
73
1
93
52
10
98.18796037592074
20
-22.857759715519364
10
98.18364236728485
20
-22.923545847091646
10
98.1714503429007
20
-22.988315976631952
10
98.15087630175276
20
-23.051054102108196
10
98.12293624587255
20
-23.110744221488403
10
98.08763017526053
20
-23.166370332740712
10
98.04546609093222
20
-23.2171704343408
10
97.99745999492006
20
-23.26238252476503
10
97.94411988823981
20
-23.300990601981198
10
97.88646177292344
20
-23.33274066548131
10
97.82499364998716
20
-23.35712471424938
10
97.76123952247917
20
-23.37338074676154
10
97.69570739141477
20
-23.381762763525558
10
97.62992125984238
20
-23.381762763525558
10
97.5643891287782
20
-23.37338074676154
10
97.50063500126998
20
-23.35712471424938
10
97.4394208788417
20
-23.33274066548131
10
97.38150876301756
20
-23.300990601981198
10
97.32816865633731
20
-23.26238252476503
10
97.28016256032515
20
-23.2171704343408
10
97.23799847599707
20
-23.166370332740712
10
97.20269240538482
20
-23.110744221488403
10
97.17475234950484
20
-23.051054102108196
10
97.15443230886467
20
-22.988315976631952
10
97.14198628397276
20
-22.923545847091646
10
97.13792227584463
20
-22.857759715519364
10
97.13792227584463
20
-22.607823215646476
10
97.14198628397276
20
-22.542037084074195
10
97.15443230886467
20
-22.47726695453389
10
97.17475234950484
20
-22.414528829057645
10
97.20269240538482
20
-22.354838709677438
10
97.23799847599707
20
-22.29921259842513
10
97.28016256032515
20
-22.24841249682504
10
97.32816865633731
20
-22.20320040640081
10
97.38150876301756
20
-22.164592329184643
10
97.4394208788417
20
-22.132588265176537
10
97.50063500126998
20
-22.10845821691646
10
97.5643891287782
20
-22.09194818389642
10
97.62992125984238
20
-22.083820167640283
10
97.69570739141477
20
-22.083820167640283
10
97.76123952247917
20
-22.09194818389642
10
97.82499364998716
20
-22.10845821691646
10
97.88646177292344
20
-22.132588265176537
10
97.94411988823981
20
-22.164592329184643
10
97.99745999492006
20
-22.20320040640081
10
98.04546609093222
20
-22.24841249682504
10
98.08763017526053
20
-22.29921259842513
10
98.12293624587255
20
-22.354838709677438
10
98.15087630175276
20
-22.414528829057645
10
98.1714503429007
20
-22.47726695453389
10
98.18364236728485
20
-22.542037084074195
10
98.18796037592074
20
-22.607823215646476
97
1
330

75
0
76
1
47
0.4128176842155181
98
1
10
34.90568961886538
20
22.81183545379326
450
0
451
0
460
0
461
0
452
1
462
1
453
2
463
0
63
5
421
255
463
1
63
7
421
16777215
470
LINEAR
1001
ACAD
1010
0
1020
0
1030
0
 0
ARC
  5
821
330
1F
100
AcDbEntity
  8
TopSolderMaskLayer
100
AcDbCircle
 10
88.88881701872992
 20
-22.732791465582864
 30
0.0
 40
0.3895781255358989
100
AcDbArc
 50
90
 51
270
 0
ARC
  5
822
330
1F
100
AcDbEntity
  8
TopSolderMaskLayer
100
AcDbCircle
 10
88.88908096054934
 20
-22.732791465582864
 30
0.0
 40
0.3895781255358989
100
AcDbArc
 50
270
 51
90
 0
LWPOLYLINE
  5
823
330
1F
100
AcDbEntity
  8
TopSolderMaskLayer
100
AcDbPolyline
 90
1
 70
 1
 43
0
 10
88.88908096054934
 20
-22.343213340046965
 10
88.88881701872992
 20
-22.343213340046965
 0
LWPOLYLINE
  5
824
330
1F
100
AcDbEntity
  8
TopSolderMaskLayer
100
AcDbPolyline
 90
1
 70
 1
 43
0
 10
88.88908096054934
 20
-23.122369591118762
 10
88.88881701872992
 20
-23.122369591118762
0
HATCH
5
825
100
AcDbEntity
8
TopSolderMaskLayer
100
AcDbHatch
10
0
20
0
30
0
210
0
220
0
230
1
2
SOLID
70
1
71
0
91
1
92
7
72
0
73
1
93
52
10
89.43451673048162
20
-22.86380559118163
10
89.4300297195507
20
-22.93277440933207
10
89.41736051221619
20
-23.00067807198991
10
89.39598122483926
20
-23.066451423662443
10
89.36694762469779
20
-23.129029308856957
10
89.33025971179154
20
-23.18734657208074
10
89.28644536975958
20
-23.240604346714235
10
89.23656036588
20
-23.288003766138104
10
89.1811325837914
20
-23.328479674859636
10
89.1212177907721
20
-23.361765784005684
10
89.0573438704605
20
-23.387329515829833
10
88.99109447377418
20
-23.404372003712524
10
88.92299748435107
20
-23.413159536527132
10
88.85463655310855
20
-23.413159536527132
10
88.78653956368589
20
-23.404372003712524
10
88.72029016699912
20
-23.387329515829833
10
88.65668018850715
20
-23.361765784005684
10
88.59650145366822
20
-23.328479674859636
10
88.54107367158008
20
-23.288003766138104
10
88.49118866770027
20
-23.240604346714235
10
88.44737432566853
20
-23.18734657208074
10
88.41068641276229
20
-23.129029308856957
10
88.38165281262081
20
-23.066451423662443
10
88.3605374670633
20
-23.00067807198991
10
88.34760431790937
20
-22.93277440933207
10
88.34338124879787
20
-22.86380559118163
10
88.34338124879787
20
-22.601777339984324
10
88.34760431790937
20
-22.532808521833772
10
88.3605374670633
20
-22.46490485917593
10
88.38165281262081
20
-22.399131507503398
10
88.41068641276229
20
-22.336553622308884
10
88.44737432566853
20
-22.278236359085213
10
88.49118866770027
20
-22.224978584451605
10
88.54107367158008
20
-22.17757916502785
10
88.59650145366822
20
-22.137103256306204
10
88.65668018850715
20
-22.103550858287008
10
88.72029016699912
20
-22.078253415336007
10
88.78653956368589
20
-22.060944638580168
10
88.85463655310855
20
-22.052423394638822
10
88.92299748435107
20
-22.052423394638822
10
88.99109447377418
20
-22.060944638580168
10
89.0573438704605
20
-22.078253415336007
10
89.1212177907721
20
-22.103550858287008
10
89.1811325837914
20
-22.137103256306204
10
89.23656036588
20
-22.17757916502785
10
89.28644536975958
20
-22.224978584451605
10
89.33025971179154
20
-22.278236359085213
10
89.36694762469779
20
-22.336553622308884
10
89.39598122483926
20
-22.399131507503398
10
89.41736051221619
20
-22.46490485917593
10
89.4300297195507
20
-22.532808521833772
10
89.43451673048162
20
-22.601777339984324
97
1
330

75
0
76
1
47
0.4128176842155181
98
1
10
34.90568961886538
20
22.81183545379326
450
0
451
0
460
0
461
0
452
1
462
1
453
2
463
0
63
5
421
255
463
1
63
7
421
16777215
470
LINEAR
1001
ACAD
1010
0
1020
0
1030
0
 0
ARC
  5
828
330
1F
100
AcDbEntity
  8
BottomSolderMaskLayer
100
AcDbCircle
 10
88.88881701872992
 20
-22.732791465582864
 30
0.0
 40
0.3895781255358989
100
AcDbArc
 50
90
 51
270
 0
ARC
  5
829
330
1F
100
AcDbEntity
  8
BottomSolderMaskLayer
100
AcDbCircle
 10
88.88908096054934
 20
-22.732791465582864
 30
0.0
 40
0.3895781255358989
100
AcDbArc
 50
270
 51
90
 0
LWPOLYLINE
  5
82a
330
1F
100
AcDbEntity
  8
BottomSolderMaskLayer
100
AcDbPolyline
 90
1
 70
 1
 43
0
 10
88.88908096054934
 20
-22.343213340046965
 10
88.88881701872992
 20
-22.343213340046965
 0
LWPOLYLINE
  5
82b
330
1F
100
AcDbEntity
  8
BottomSolderMaskLayer
100
AcDbPolyline
 90
1
 70
 1
 43
0
 10
88.88908096054934
 20
-23.122369591118762
 10
88.88881701872992
 20
-23.122369591118762
0
HATCH
5
82c
100
AcDbEntity
8
BottomSolderMaskLayer
100
AcDbHatch
10
0
20
0
30
0
210
0
220
0
230
1
2
SOLID
70
1
71
0
91
1
92
7
72
0
73
1
93
52
10
89.43451673048162
20
-22.86380559118163
10
89.4300297195507
20
-22.93277440933207
10
89.41736051221619
20
-23.00067807198991
10
89.39598122483926
20
-23.066451423662443
10
89.36694762469779
20
-23.129029308856957
10
89.33025971179154
20
-23.18734657208074
10
89.28644536975958
20
-23.240604346714235
10
89.23656036588
20
-23.288003766138104
10
89.1811325837914
20
-23.328479674859636
10
89.1212177907721
20
-23.361765784005684
10
89.0573438704605
20
-23.387329515829833
10
88.99109447377418
20
-23.404372003712524
10
88.92299748435107
20
-23.413159536527132
10
88.85463655310855
20
-23.413159536527132
10
88.78653956368589
20
-23.404372003712524
10
88.72029016699912
20
-23.387329515829833
10
88.65668018850715
20
-23.361765784005684
10
88.59650145366822
20
-23.328479674859636
10
88.54107367158008
20
-23.288003766138104
10
88.49118866770027
20
-23.240604346714235
10
88.44737432566853
20
-23.18734657208074
10
88.41068641276229
20
-23.129029308856957
10
88.38165281262081
20
-23.066451423662443
10
88.3605374670633
20
-23.00067807198991
10
88.34760431790937
20
-22.93277440933207
10
88.34338124879787
20
-22.86380559118163
10
88.34338124879787
20
-22.601777339984324
10
88.34760431790937
20
-22.532808521833772
10
88.3605374670633
20
-22.46490485917593
10
88.38165281262081
20
-22.399131507503398
10
88.41068641276229
20
-22.336553622308884
10
88.44737432566853
20
-22.278236359085213
10
88.49118866770027
20
-22.224978584451605
10
88.54107367158008
20
-22.17757916502785
10
88.59650145366822
20
-22.137103256306204
10
88.65668018850715
20
-22.103550858287008
10
88.72029016699912
20
-22.078253415336007
10
88.78653956368589
20
-22.060944638580168
10
88.85463655310855
20
-22.052423394638822
10
88.92299748435107
20
-22.052423394638822
10
88.99109447377418
20
-22.060944638580168
10
89.0573438704605
20
-22.078253415336007
10
89.1212177907721
20
-22.103550858287008
10
89.1811325837914
20
-22.137103256306204
10
89.23656036588
20
-22.17757916502785
10
89.28644536975958
20
-22.224978584451605
10
89.33025971179154
20
-22.278236359085213
10
89.36694762469779
20
-22.336553622308884
10
89.39598122483926
20
-22.399131507503398
10
89.41736051221619
20
-22.46490485917593
10
89.4300297195507
20
-22.532808521833772
10
89.43451673048162
20
-22.601777339984324
97
1
330

75
0
76
1
47
0.4128176842155181
98
1
10
34.90568961886538
20
22.81183545379326
450
0
451
0
460
0
461
0
452
1
462
1
453
2
463
0
63
5
421
255
463
1
63
7
421
16777215
470
LINEAR
1001
ACAD
1010
0
1020
0
1030
0
 0
ARC
  5
82f
330
1F
100
AcDbEntity
  8
Multi-Layer
100
AcDbCircle
 10
88.88882397764792
 20
-22.732791465582864
 30
0.0
 40
0.37490474980949967
100
AcDbArc
 50
90
 51
270
 0
ARC
  5
830
330
1F
100
AcDbEntity
  8
Multi-Layer
100
AcDbCircle
 10
88.88907797815591
 20
-22.732791465582864
 30
0.0
 40
0.37490474980949967
100
AcDbArc
 50
270
 51
90
 0
LWPOLYLINE
  5
831
330
1F
100
AcDbEntity
  8
Multi-Layer
100
AcDbPolyline
 90
1
 70
 1
 43
0
 10
88.88907797815591
 20
-22.357886715773365
 10
88.88882397764792
 20
-22.357886715773365
 0
LWPOLYLINE
  5
832
330
1F
100
AcDbEntity
  8
Multi-Layer
100
AcDbPolyline
 90
1
 70
 1
 43
0
 10
88.88907797815591
 20
-23.107696215392362
 10
88.88882397764792
 20
-23.107696215392362
0
HATCH
5
833
100
AcDbEntity
8
Multi-Layer
100
AcDbHatch
10
0
20
0
30
0
210
0
220
0
230
1
2
SOLID
70
1
71
0
91
1
92
7
72
0
73
1
93
52
10
89.41397002793997
20
-22.857759715519364
10
89.40965201930408
20
-22.923545847091646
10
89.39745999492015
20
-22.988315976631952
10
89.37688595377199
20
-23.051054102108196
10
89.34894589789201
20
-23.110744221488403
10
89.31363982727976
20
-23.166370332740712
10
89.27147574295145
20
-23.2171704343408
10
89.2234696469393
20
-23.26238252476503
10
89.17012954025904
20
-23.300990601981198
10
89.1124714249429
20
-23.33274066548131
10
89.05100330200662
20
-23.35712471424938
10
88.9872491744984
20
-23.37338074676154
10
88.921717043434
20
-23.381762763525558
10
88.85593091186183
20
-23.381762763525558
10
88.79039878079743
20
-23.37338074676154
10
88.72664465328921
20
-23.35712471424938
10
88.66543053086093
20
-23.33274066548131
10
88.6075184150368
20
-23.300990601981198
10
88.55417830835677
20
-23.26238252476503
10
88.50617221234438
20
-23.2171704343408
10
88.4640081280163
20
-23.166370332740712
10
88.42870205740405
20
-23.110744221488403
10
88.40076200152407
20
-23.051054102108196
10
88.3804419608839
20
-22.988315976631952
10
88.36799593599198
20
-22.923545847091646
10
88.36393192786386
20
-22.857759715519364
10
88.36393192786386
20
-22.607823215646476
10
88.36799593599198
20
-22.542037084074195
10
88.3804419608839
20
-22.47726695453389
10
88.40076200152407
20
-22.414528829057645
10
88.42870205740405
20
-22.354838709677438
10
88.4640081280163
20
-22.29921259842513
10
88.50617221234438
20
-22.24841249682504
10
88.55417830835677
20
-22.20320040640081
10
88.6075184150368
20
-22.164592329184643
10
88.66543053086093
20
-22.132588265176537
10
88.72664465328921
20
-22.10845821691646
10
88.79039878079743
20
-22.09194818389642
10
88.85593091186183
20
-22.083820167640283
10
88.921717043434
20
-22.083820167640283
10
88.9872491744984
20
-22.09194818389642
10
89.05100330200662
20
-22.10845821691646
10
89.1124714249429
20
-22.132588265176537
10
89.17012954025904
20
-22.164592329184643
10
89.2234696469393
20
-22.20320040640081
10
89.27147574295145
20
-22.24841249682504
10
89.31363982727976
20
-22.29921259842513
10
89.34894589789201
20
-22.354838709677438
10
89.37688595377199
20
-22.414528829057645
10
89.39745999492015
20
-22.47726695453389
10
89.40965201930408
20
-22.542037084074195
10
89.41397002793997
20
-22.607823215646476
97
1
330

75
0
76
1
47
0.4128176842155181
98
1
10
34.90568961886538
20
22.81183545379326
450
0
451
0
460
0
461
0
452
1
462
1
453
2
463
0
63
5
421
255
463
1
63
7
421
16777215
470
LINEAR
1001
ACAD
1010
0
1020
0
1030
0
 0
ARC
  5
836
330
1F
100
AcDbEntity
  8
TopSolderMaskLayer
100
AcDbCircle
 10
91.45077171915591
 20
-22.732791465582864
 30
0.0
 40
0.3895781255358989
100
AcDbArc
 50
90
 51
270
 0
ARC
  5
837
330
1F
100
AcDbEntity
  8
TopSolderMaskLayer
100
AcDbCircle
 10
91.45103566097532
 20
-22.732791465582864
 30
0.0
 40
0.3895781255358989
100
AcDbArc
 50
270
 51
90
 0
LWPOLYLINE
  5
838
330
1F
100
AcDbEntity
  8
TopSolderMaskLayer
100
AcDbPolyline
 90
1
 70
 1
 43
0
 10
91.45103566097532
 20
-22.343213340046965
 10
91.45077171915591
 20
-22.343213340046965
 0
LWPOLYLINE
  5
839
330
1F
100
AcDbEntity
  8
TopSolderMaskLayer
100
AcDbPolyline
 90
1
 70
 1
 43
0
 10
91.45103566097532
 20
-23.122369591118762
 10
91.45077171915591
 20
-23.122369591118762
0
HATCH
5
83a
100
AcDbEntity
8
TopSolderMaskLayer
100
AcDbHatch
10
0
20
0
30
0
210
0
220
0
230
1
2
SOLID
70
1
71
0
91
1
92
7
72
0
73
1
93
52
10
91.9964714309076
20
-22.86380559118163
10
91.99198441997669
20
-22.93277440933207
10
91.97931521264218
20
-23.00067807198991
10
91.95793592526525
20
-23.066451423662443
10
91.92890232512354
20
-23.129029308856957
10
91.89221441221753
20
-23.18734657208074
10
91.84840007018579
20
-23.240604346714235
10
91.79851506630598
20
-23.288003766138104
10
91.74308728421761
20
-23.328479674859636
10
91.68317249119809
20
-23.361765784005684
10
91.61929857088694
20
-23.387329515829833
10
91.55304917419994
20
-23.404372003712524
10
91.48495218477706
20
-23.413159536527132
10
91.41659125353476
20
-23.413159536527132
10
91.34849426411188
20
-23.404372003712524
10
91.2822448674251
20
-23.387329515829833
10
91.21863488893314
20
-23.361765784005684
10
91.15845615409421
20
-23.328479674859636
10
91.10302837200584
20
-23.288003766138104
10
91.05314336812626
20
-23.240604346714235
10
91.00932902609452
20
-23.18734657208074
10
90.97264111318827
20
-23.129029308856957
10
90.9436075130468
20
-23.066451423662443
10
90.92249216748928
20
-23.00067807198991
10
90.90955901833536
20
-22.93277440933207
10
90.90533594922385
20
-22.86380559118163
10
90.90533594922385
20
-22.601777339984324
10
90.90955901833536
20
-22.532808521833772
10
90.92249216748928
20
-22.46490485917593
10
90.9436075130468
20
-22.399131507503398
10
90.97264111318827
20
-22.336553622308884
10
91.00932902609452
20
-22.278236359085213
10
91.05314336812626
20
-22.224978584451605
10
91.10302837200584
20
-22.17757916502785
10
91.15845615409421
20
-22.137103256306204
10
91.21863488893314
20
-22.103550858287008
10
91.2822448674251
20
-22.078253415336007
10
91.34849426411188
20
-22.060944638580168
10
91.41659125353476
20
-22.052423394638822
10
91.48495218477706
20
-22.052423394638822
10
91.55304917419994
20
-22.060944638580168
10
91.61929857088694
20
-22.078253415336007
10
91.68317249119809
20
-22.103550858287008
10
91.74308728421761
20
-22.137103256306204
10
91.79851506630598
20
-22.17757916502785
10
91.84840007018579
20
-22.224978584451605
10
91.89221441221753
20
-22.278236359085213
10
91.92890232512354
20
-22.336553622308884
10
91.95793592526525
20
-22.399131507503398
10
91.97931521264218
20
-22.46490485917593
10
91.99198441997669
20
-22.532808521833772
10
91.9964714309076
20
-22.601777339984324
97
1
330

75
0
76
1
47
0.4128176842155181
98
1
10
34.90568961886538
20
22.81183545379326
450
0
451
0
460
0
461
0
452
1
462
1
453
2
463
0
63
5
421
255
463
1
63
7
421
16777215
470
LINEAR
1001
ACAD
1010
0
1020
0
1030
0
 0
ARC
  5
83d
330
1F
100
AcDbEntity
  8
BottomSolderMaskLayer
100
AcDbCircle
 10
91.45077171915591
 20
-22.732791465582864
 30
0.0
 40
0.3895781255358989
100
AcDbArc
 50
90
 51
270
 0
ARC
  5
83e
330
1F
100
AcDbEntity
  8
BottomSolderMaskLayer
100
AcDbCircle
 10
91.45103566097532
 20
-22.732791465582864
 30
0.0
 40
0.3895781255358989
100
AcDbArc
 50
270
 51
90
 0
LWPOLYLINE
  5
83f
330
1F
100
AcDbEntity
  8
BottomSolderMaskLayer
100
AcDbPolyline
 90
1
 70
 1
 43
0
 10
91.45103566097532
 20
-22.343213340046965
 10
91.45077171915591
 20
-22.343213340046965
 0
LWPOLYLINE
  5
840
330
1F
100
AcDbEntity
  8
BottomSolderMaskLayer
100
AcDbPolyline
 90
1
 70
 1
 43
0
 10
91.45103566097532
 20
-23.122369591118762
 10
91.45077171915591
 20
-23.122369591118762
0
HATCH
5
841
100
AcDbEntity
8
BottomSolderMaskLayer
100
AcDbHatch
10
0
20
0
30
0
210
0
220
0
230
1
2
SOLID
70
1
71
0
91
1
92
7
72
0
73
1
93
52
10
91.9964714309076
20
-22.86380559118163
10
91.99198441997669
20
-22.93277440933207
10
91.97931521264218
20
-23.00067807198991
10
91.95793592526525
20
-23.066451423662443
10
91.92890232512354
20
-23.129029308856957
10
91.89221441221753
20
-23.18734657208074
10
91.84840007018579
20
-23.240604346714235
10
91.79851506630598
20
-23.288003766138104
10
91.74308728421761
20
-23.328479674859636
10
91.68317249119809
20
-23.361765784005684
10
91.61929857088694
20
-23.387329515829833
10
91.55304917419994
20
-23.404372003712524
10
91.48495218477706
20
-23.413159536527132
10
91.41659125353476
20
-23.413159536527132
10
91.34849426411188
20
-23.404372003712524
10
91.2822448674251
20
-23.387329515829833
10
91.21863488893314
20
-23.361765784005684
10
91.15845615409421
20
-23.328479674859636
10
91.10302837200584
20
-23.288003766138104
10
91.05314336812626
20
-23.240604346714235
10
91.00932902609452
20
-23.18734657208074
10
90.97264111318827
20
-23.129029308856957
10
90.9436075130468
20
-23.066451423662443
10
90.92249216748928
20
-23.00067807198991
10
90.90955901833536
20
-22.93277440933207
10
90.90533594922385
20
-22.86380559118163
10
90.90533594922385
20
-22.601777339984324
10
90.90955901833536
20
-22.532808521833772
10
90.92249216748928
20
-22.46490485917593
10
90.9436075130468
20
-22.399131507503398
10
90.97264111318827
20
-22.336553622308884
10
91.00932902609452
20
-22.278236359085213
10
91.05314336812626
20
-22.224978584451605
10
91.10302837200584
20
-22.17757916502785
10
91.15845615409421
20
-22.137103256306204
10
91.21863488893314
20
-22.103550858287008
10
91.2822448674251
20
-22.078253415336007
10
91.34849426411188
20
-22.060944638580168
10
91.41659125353476
20
-22.052423394638822
10
91.48495218477706
20
-22.052423394638822
10
91.55304917419994
20
-22.060944638580168
10
91.61929857088694
20
-22.078253415336007
10
91.68317249119809
20
-22.103550858287008
10
91.74308728421761
20
-22.137103256306204
10
91.79851506630598
20
-22.17757916502785
10
91.84840007018579
20
-22.224978584451605
10
91.89221441221753
20
-22.278236359085213
10
91.92890232512354
20
-22.336553622308884
10
91.95793592526525
20
-22.399131507503398
10
91.97931521264218
20
-22.46490485917593
10
91.99198441997669
20
-22.532808521833772
10
91.9964714309076
20
-22.601777339984324
97
1
330

75
0
76
1
47
0.4128176842155181
98
1
10
34.90568961886538
20
22.81183545379326
450
0
451
0
460
0
461
0
452
1
462
1
453
2
463
0
63
5
421
255
463
1
63
7
421
16777215
470
LINEAR
1001
ACAD
1010
0
1020
0
1030
0
 0
ARC
  5
844
330
1F
100
AcDbEntity
  8
Multi-Layer
100
AcDbCircle
 10
91.45077470154934
 20
-22.732791465582864
 30
0.0
 40
0.37490474980949967
100
AcDbArc
 50
90
 51
270
 0
ARC
  5
845
330
1F
100
AcDbEntity
  8
Multi-Layer
100
AcDbCircle
 10
91.45102870205733
 20
-22.732791465582864
 30
0.0
 40
0.37490474980949967
100
AcDbArc
 50
270
 51
90
 0
LWPOLYLINE
  5
846
330
1F
100
AcDbEntity
  8
Multi-Layer
100
AcDbPolyline
 90
1
 70
 1
 43
0
 10
91.45102870205733
 20
-22.357886715773365
 10
91.45077470154934
 20
-22.357886715773365
 0
LWPOLYLINE
  5
847
330
1F
100
AcDbEntity
  8
Multi-Layer
100
AcDbPolyline
 90
1
 70
 1
 43
0
 10
91.45102870205733
 20
-23.107696215392362
 10
91.45077470154934
 20
-23.107696215392362
0
HATCH
5
848
100
AcDbEntity
8
Multi-Layer
100
AcDbHatch
10
0
20
0
30
0
210
0
220
0
230
1
2
SOLID
70
1
71
0
91
1
92
7
72
0
73
1
93
52
10
91.97592075184161
20
-22.857759715519364
10
91.9716027432055
20
-22.923545847091646
10
91.95941071882157
20
-22.988315976631952
10
91.93883667767341
20
-23.051054102108196
10
91.9108966217932
20
-23.110744221488403
10
91.87559055118118
20
-23.166370332740712
10
91.8334264668531
20
-23.2171704343408
10
91.78542037084071
20
-23.26238252476503
10
91.73208026416046
20
-23.300990601981198
10
91.67442214884431
20
-23.33274066548131
10
91.61295402590804
20
-23.35712471424938
10
91.54919989839982
20
-23.37338074676154
10
91.48366776733542
20
-23.381762763525558
10
91.41788163576325
20
-23.381762763525558
10
91.35234950469908
20
-23.37338074676154
10
91.28859537719063
20
-23.35712471424938
10
91.22738125476258
20
-23.33274066548131
10
91.16946913893821
20
-23.300990601981198
10
91.11612903225796
20
-23.26238252476503
10
91.06812293624603
20
-23.2171704343408
10
91.02595885191772
20
-23.166370332740712
10
90.99065278130547
20
-23.110744221488403
10
90.96271272542549
20
-23.051054102108196
10
90.94239268478555
20
-22.988315976631952
10
90.9299466598934
20
-22.923545847091646
10
90.92588265176528
20
-22.857759715519364
10
90.92588265176528
20
-22.607823215646476
10
90.9299466598934
20
-22.542037084074195
10
90.94239268478555
20
-22.47726695453389
10
90.96271272542549
20
-22.414528829057645
10
90.99065278130547
20
-22.354838709677438
10
91.02595885191772
20
-22.29921259842513
10
91.06812293624603
20
-22.24841249682504
10
91.11612903225796
20
-22.20320040640081
10
91.16946913893821
20
-22.164592329184643
10
91.22738125476258
20
-22.132588265176537
10
91.28859537719063
20
-22.10845821691646
10
91.35234950469908
20
-22.09194818389642
10
91.41788163576325
20
-22.083820167640283
10
91.48366776733542
20
-22.083820167640283
10
91.54919989839982
20
-22.09194818389642
10
91.61295402590804
20
-22.10845821691646
10
91.67442214884431
20
-22.132588265176537
10
91.73208026416046
20
-22.164592329184643
10
91.78542037084071
20
-22.20320040640081
10
91.8334264668531
20
-22.24841249682504
10
91.87559055118118
20
-22.29921259842513
10
91.9108966217932
20
-22.354838709677438
10
91.93883667767341
20
-22.414528829057645
10
91.95941071882157
20
-22.47726695453389
10
91.9716027432055
20
-22.542037084074195
10
91.97592075184161
20
-22.607823215646476
97
1
330

75
0
76
1
47
0.4128176842155181
98
1
10
34.90568961886538
20
22.81183545379326
450
0
451
0
460
0
461
0
452
1
462
1
453
2
463
0
63
5
421
255
463
1
63
7
421
16777215
470
LINEAR
1001
ACAD
1010
0
1020
0
1030
0
 0
ARC
  5
84b
330
1F
100
AcDbEntity
  8
TopSolderMaskLayer
100
AcDbCircle
 10
90.1697943689428
 20
-22.732791465582864
 30
0.0
 40
0.3895781255358989
100
AcDbArc
 50
90
 51
270
 0
ARC
  5
84c
330
1F
100
AcDbEntity
  8
TopSolderMaskLayer
100
AcDbCircle
 10
90.17005831076244
 20
-22.732791465582864
 30
0.0
 40
0.3895781255358989
100
AcDbArc
 50
270
 51
90
 0
LWPOLYLINE
  5
84d
330
1F
100
AcDbEntity
  8
TopSolderMaskLayer
100
AcDbPolyline
 90
1
 70
 1
 43
0
 10
90.17005831076244
 20
-22.343213340046965
 10
90.1697943689428
 20
-22.343213340046965
 0
LWPOLYLINE
  5
84e
330
1F
100
AcDbEntity
  8
TopSolderMaskLayer
100
AcDbPolyline
 90
1
 70
 1
 43
0
 10
90.17005831076244
 20
-23.122369591118762
 10
90.1697943689428
 20
-23.122369591118762
0
HATCH
5
84f
100
AcDbEntity
8
TopSolderMaskLayer
100
AcDbHatch
10
0
20
0
30
0
210
0
220
0
230
1
2
SOLID
70
1
71
0
91
1
92
7
72
0
73
1
93
52
10
90.71549408069473
20
-22.86380559118163
10
90.71100706976358
20
-22.93277440933207
10
90.6983378624293
20
-23.00067807198991
10
90.67695857505214
20
-23.066451423662443
10
90.64792497491067
20
-23.129029308856957
10
90.61123706200442
20
-23.18734657208074
10
90.56742271997268
20
-23.240604346714235
10
90.51753771609287
20
-23.288003766138104
10
90.4621099340045
20
-23.328479674859636
10
90.40219514098521
20
-23.361765784005684
10
90.3383212206736
20
-23.387329515829833
10
90.27207182398729
20
-23.404372003712524
10
90.20397483456418
20
-23.413159536527132
10
90.13561390332166
20
-23.413159536527132
10
90.06751691389877
20
-23.404372003712524
10
90.00126751721223
20
-23.387329515829833
10
89.93765753872003
20
-23.361765784005684
10
89.87747880388133
20
-23.328479674859636
10
89.82205102179296
20
-23.288003766138104
10
89.77216601791338
20
-23.240604346714235
10
89.72835167588141
20
-23.18734657208074
10
89.69166376297517
20
-23.129029308856957
10
89.6626301628337
20
-23.066451423662443
10
89.64151481727617
20
-23.00067807198991
10
89.62858166812248
20
-22.93277440933207
10
89.62435859901075
20
-22.86380559118163
10
89.62435859901075
20
-22.601777339984324
10
89.62858166812248
20
-22.532808521833772
10
89.64151481727617
20
-22.46490485917593
10
89.6626301628337
20
-22.399131507503398
10
89.69166376297517
20
-22.336553622308884
10
89.72835167588141
20
-22.278236359085213
10
89.77216601791338
20
-22.224978584451605
10
89.82205102179296
20
-22.17757916502785
10
89.87747880388133
20
-22.137103256306204
10
89.93765753872003
20
-22.103550858287008
10
90.00126751721223
20
-22.078253415336007
10
90.06751691389877
20
-22.060944638580168
10
90.13561390332166
20
-22.052423394638822
10
90.20397483456418
20
-22.052423394638822
10
90.27207182398729
20
-22.060944638580168
10
90.3383212206736
20
-22.078253415336007
10
90.40219514098521
20
-22.103550858287008
10
90.4621099340045
20
-22.137103256306204
10
90.51753771609287
20
-22.17757916502785
10
90.56742271997268
20
-22.224978584451605
10
90.61123706200442
20
-22.278236359085213
10
90.64792497491067
20
-22.336553622308884
10
90.67695857505214
20
-22.399131507503398
10
90.6983378624293
20
-22.46490485917593
10
90.71100706976358
20
-22.532808521833772
10
90.71549408069473
20
-22.601777339984324
97
1
330

75
0
76
1
47
0.4128176842155181
98
1
10
34.90568961886538
20
22.81183545379326
450
0
451
0
460
0
461
0
452
1
462
1
453
2
463
0
63
5
421
255
463
1
63
7
421
16777215
470
LINEAR
1001
ACAD
1010
0
1020
0
1030
0
 0
ARC
  5
852
330
1F
100
AcDbEntity
  8
BottomSolderMaskLayer
100
AcDbCircle
 10
90.1697943689428
 20
-22.732791465582864
 30
0.0
 40
0.3895781255358989
100
AcDbArc
 50
90
 51
270
 0
ARC
  5
853
330
1F
100
AcDbEntity
  8
BottomSolderMaskLayer
100
AcDbCircle
 10
90.17005831076244
 20
-22.732791465582864
 30
0.0
 40
0.3895781255358989
100
AcDbArc
 50
270
 51
90
 0
LWPOLYLINE
  5
854
330
1F
100
AcDbEntity
  8
BottomSolderMaskLayer
100
AcDbPolyline
 90
1
 70
 1
 43
0
 10
90.17005831076244
 20
-22.343213340046965
 10
90.1697943689428
 20
-22.343213340046965
 0
LWPOLYLINE
  5
855
330
1F
100
AcDbEntity
  8
BottomSolderMaskLayer
100
AcDbPolyline
 90
1
 70
 1
 43
0
 10
90.17005831076244
 20
-23.122369591118762
 10
90.1697943689428
 20
-23.122369591118762
0
HATCH
5
856
100
AcDbEntity
8
BottomSolderMaskLayer
100
AcDbHatch
10
0
20
0
30
0
210
0
220
0
230
1
2
SOLID
70
1
71
0
91
1
92
7
72
0
73
1
93
52
10
90.71549408069473
20
-22.86380559118163
10
90.71100706976358
20
-22.93277440933207
10
90.6983378624293
20
-23.00067807198991
10
90.67695857505214
20
-23.066451423662443
10
90.64792497491067
20
-23.129029308856957
10
90.61123706200442
20
-23.18734657208074
10
90.56742271997268
20
-23.240604346714235
10
90.51753771609287
20
-23.288003766138104
10
90.4621099340045
20
-23.328479674859636
10
90.40219514098521
20
-23.361765784005684
10
90.3383212206736
20
-23.387329515829833
10
90.27207182398729
20
-23.404372003712524
10
90.20397483456418
20
-23.413159536527132
10
90.13561390332166
20
-23.413159536527132
10
90.06751691389877
20
-23.404372003712524
10
90.00126751721223
20
-23.387329515829833
10
89.93765753872003
20
-23.361765784005684
10
89.87747880388133
20
-23.328479674859636
10
89.82205102179296
20
-23.288003766138104
10
89.77216601791338
20
-23.240604346714235
10
89.72835167588141
20
-23.18734657208074
10
89.69166376297517
20
-23.129029308856957
10
89.6626301628337
20
-23.066451423662443
10
89.64151481727617
20
-23.00067807198991
10
89.62858166812248
20
-22.93277440933207
10
89.62435859901075
20
-22.86380559118163
10
89.62435859901075
20
-22.601777339984324
10
89.62858166812248
20
-22.532808521833772
10
89.64151481727617
20
-22.46490485917593
10
89.6626301628337
20
-22.399131507503398
10
89.69166376297517
20
-22.336553622308884
10
89.72835167588141
20
-22.278236359085213
10
89.77216601791338
20
-22.224978584451605
10
89.82205102179296
20
-22.17757916502785
10
89.87747880388133
20
-22.137103256306204
10
89.93765753872003
20
-22.103550858287008
10
90.00126751721223
20
-22.078253415336007
10
90.06751691389877
20
-22.060944638580168
10
90.13561390332166
20
-22.052423394638822
10
90.20397483456418
20
-22.052423394638822
10
90.27207182398729
20
-22.060944638580168
10
90.3383212206736
20
-22.078253415336007
10
90.40219514098521
20
-22.103550858287008
10
90.4621099340045
20
-22.137103256306204
10
90.51753771609287
20
-22.17757916502785
10
90.56742271997268
20
-22.224978584451605
10
90.61123706200442
20
-22.278236359085213
10
90.64792497491067
20
-22.336553622308884
10
90.67695857505214
20
-22.399131507503398
10
90.6983378624293
20
-22.46490485917593
10
90.71100706976358
20
-22.532808521833772
10
90.71549408069473
20
-22.601777339984324
97
1
330

75
0
76
1
47
0.4128176842155181
98
1
10
34.90568961886538
20
22.81183545379326
450
0
451
0
460
0
461
0
452
1
462
1
453
2
463
0
63
5
421
255
463
1
63
7
421
16777215
470
LINEAR
1001
ACAD
1010
0
1020
0
1030
0
 0
ARC
  5
859
330
1F
100
AcDbEntity
  8
Multi-Layer
100
AcDbCircle
 10
90.16979933959874
 20
-22.732791465582864
 30
0.0
 40
0.37490474980949967
100
AcDbArc
 50
90
 51
270
 0
ARC
  5
85a
330
1F
100
AcDbEntity
  8
Multi-Layer
100
AcDbCircle
 10
90.17005334010673
 20
-22.732791465582864
 30
0.0
 40
0.37490474980949967
100
AcDbArc
 50
270
 51
90
 0
LWPOLYLINE
  5
85b
330
1F
100
AcDbEntity
  8
Multi-Layer
100
AcDbPolyline
 90
1
 70
 1
 43
0
 10
90.17005334010673
 20
-22.357886715773365
 10
90.16979933959874
 20
-22.357886715773365
 0
LWPOLYLINE
  5
85c
330
1F
100
AcDbEntity
  8
Multi-Layer
100
AcDbPolyline
 90
1
 70
 1
 43
0
 10
90.17005334010673
 20
-23.107696215392362
 10
90.16979933959874
 20
-23.107696215392362
0
HATCH
5
85d
100
AcDbEntity
8
Multi-Layer
100
AcDbHatch
10
0
20
0
30
0
210
0
220
0
230
1
2
SOLID
70
1
71
0
91
1
92
7
72
0
73
1
93
52
10
90.69494538989079
20
-22.857759715519364
10
90.69062738125467
20
-22.923545847091646
10
90.67843535687075
20
-22.988315976631952
10
90.65786131572258
20
-23.051054102108196
10
90.6299212598426
20
-23.110744221488403
10
90.59461518923058
20
-23.166370332740712
10
90.55245110490227
20
-23.2171704343408
10
90.50444500888989
20
-23.26238252476503
10
90.45110490220986
20
-23.300990601981198
10
90.39344678689349
20
-23.33274066548131
10
90.33197866395722
20
-23.35712471424938
10
90.26822453644922
20
-23.37338074676154
10
90.20269240538482
20
-23.381762763525558
10
90.13690627381243
20
-23.381762763525558
10
90.07137414274825
20
-23.37338074676154
10
90.00762001524004
20
-23.35712471424938
10
89.94640589281175
20
-23.33274066548131
10
89.88849377698739
20
-23.300990601981198
10
89.83515367030736
20
-23.26238252476503
10
89.7871475742952
20
-23.2171704343408
10
89.74498348996713
20
-23.166370332740712
10
89.70967741935488
20
-23.110744221488403
10
89.6817373634749
20
-23.051054102108196
10
89.66141732283472
20
-22.988315976631952
10
89.64897129794281
20
-22.923545847091646
10
89.64490728981445
20
-22.857759715519364
10
89.64490728981445
20
-22.607823215646476
10
89.64897129794281
20
-22.542037084074195
10
89.66141732283472
20
-22.47726695453389
10
89.6817373634749
20
-22.414528829057645
10
89.70967741935488
20
-22.354838709677438
10
89.74498348996713
20
-22.29921259842513
10
89.7871475742952
20
-22.24841249682504
10
89.83515367030736
20
-22.20320040640081
10
89.88849377698739
20
-22.164592329184643
10
89.94640589281175
20
-22.132588265176537
10
90.00762001524004
20
-22.10845821691646
10
90.07137414274825
20
-22.09194818389642
10
90.13690627381243
20
-22.083820167640283
10
90.20269240538482
20
-22.083820167640283
10
90.26822453644922
20
-22.09194818389642
10
90.33197866395722
20
-22.10845821691646
10
90.39344678689349
20
-22.132588265176537
10
90.45110490220986
20
-22.164592329184643
10
90.50444500888989
20
-22.20320040640081
10
90.55245110490227
20
-22.24841249682504
10
90.59461518923058
20
-22.29921259842513
10
90.6299212598426
20
-22.354838709677438
10
90.65786131572258
20
-22.414528829057645
10
90.67843535687075
20
-22.47726695453389
10
90.69062738125467
20
-22.542037084074195
10
90.69494538989079
20
-22.607823215646476
97
1
330

75
0
76
1
47
0.4128176842155181
98
1
10
34.90568961886538
20
22.81183545379326
450
0
451
0
460
0
461
0
452
1
462
1
453
2
463
0
63
5
421
255
463
1
63
7
421
16777215
470
LINEAR
1001
ACAD
1010
0
1020
0
1030
0
 0
ARC
  5
860
330
1F
100
AcDbEntity
  8
TopSolderMaskLayer
100
AcDbCircle
 10
71.24688849377685
 20
-2.401642401446452
 30
0.0
 40
0.3895781255358989
100
AcDbArc
 50
360
 51
540
 0
ARC
  5
861
330
1F
100
AcDbEntity
  8
TopSolderMaskLayer
100
AcDbCircle
 10
71.24688849377685
 20
-2.401908690319601
 30
0.0
 40
0.3895781255358989
100
AcDbArc
 50
540
 51
360
 0
LWPOLYLINE
  5
862
330
1F
100
AcDbEntity
  8
TopSolderMaskLayer
100
AcDbPolyline
 90
1
 70
 1
 43
0
 10
70.85731036824095
 20
-2.401908690319601
 10
70.85731036824095
 20
-2.401642401446452
 0
LWPOLYLINE
  5
863
330
1F
100
AcDbEntity
  8
TopSolderMaskLayer
100
AcDbPolyline
 90
1
 70
 1
 43
0
 10
71.63646661931276
 20
-2.401908690319601
 10
71.63646661931276
 20
-2.401642401446452
0
HATCH
5
864
100
AcDbEntity
8
TopSolderMaskLayer
100
AcDbHatch
10
0
20
0
30
0
210
0
220
0
230
1
2
SOLID
70
1
71
0
91
1
92
7
72
0
73
1
93
52
10
71.11702911859811
20
-2.952194646721182
10
71.04866818735582
20
-2.9476677358771894
10
70.9813630233914
20
-2.934885869965342
10
70.91616939398273
20
-2.913316471238659
10
70.85414306640746
20
-2.884024695190078
10
70.79633980794392
20
-2.847010541819941
10
70.7435514440499
20
-2.8028065888739775
10
70.69656980018453
20
-2.7524779918452396
10
70.65645064362525
20
-2.696557328479912
10
70.62345791619168
20
-2.6361097542707057
10
70.59811950152289
20
-2.5716678469641465
10
70.58122722507665
20
-2.5048293397990165
10
70.57251714503423
20
-2.436126810521614
10
70.57251714503423
20
-2.367157992371176
10
70.58122722507665
20
-2.2984554630937737
10
70.59811950152289
20
-2.2316169559286436
10
70.62345791619168
20
-2.16744133749512
10
70.65645064362525
20
-2.106727474412878
10
70.69656980018453
20
-2.0508068110476643
10
70.7435514440499
20
-2.0004782140189263
10
70.79633980794392
20
-1.9562742610729629
10
70.85414306640746
20
-1.9192601077024847
10
70.91616939398273
20
-1.8899683316541314
10
70.9813630233914
20
-1.8686652218005975
10
71.04866818735582
20
-1.8556170670153733
10
71.11702911859811
20
-1.8513564450447575
10
71.37674786895582
20
-1.8513564450447575
10
71.44510880019811
20
-1.8556170670153733
10
71.51241396416276
20
-1.8686652218005975
10
71.57760759357143
20
-1.8899683316541314
10
71.6396339211467
20
-1.9192601077024847
10
71.69743717961023
20
-1.9562742610729629
10
71.75022554350403
20
-2.0004782140189263
10
71.79720718736917
20
-2.0508068110476643
10
71.83732634392868
20
-2.106727474412878
10
71.87058301318166
20
-2.16744133749512
10
71.89565748603127
20
-2.2316169559286436
10
71.9128137042967
20
-2.2984554630937737
10
71.92125984251993
20
-2.367157992371176
10
71.92125984251993
20
-2.436126810521614
10
71.9128137042967
20
-2.5048293397990165
10
71.89565748603127
20
-2.5716678469641465
10
71.87058301318166
20
-2.6361097542707057
10
71.83732634392868
20
-2.696557328479912
10
71.79720718736917
20
-2.7524779918452396
10
71.75022554350403
20
-2.8028065888739775
10
71.69743717961023
20
-2.847010541819941
10
71.6396339211467
20
-2.884024695190078
10
71.57760759357143
20
-2.913316471238659
10
71.51241396416276
20
-2.934885869965342
10
71.44510880019811
20
-2.9476677358771894
10
71.37674786895582
20
-2.952194646721182
97
1
330

75
0
76
1
47
0.4128176842155181
98
1
10
34.90568961886538
20
22.81183545379326
450
0
451
0
460
0
461
0
452
1
462
1
453
2
463
0
63
5
421
255
463
1
63
7
421
16777215
470
LINEAR
1001
ACAD
1010
0
1020
0
1030
0
 0
ARC
  5
867
330
1F
100
AcDbEntity
  8
BottomSolderMaskLayer
100
AcDbCircle
 10
71.24688849377685
 20
-2.401642401446452
 30
0.0
 40
0.3895781255358989
100
AcDbArc
 50
360
 51
540
 0
ARC
  5
868
330
1F
100
AcDbEntity
  8
BottomSolderMaskLayer
100
AcDbCircle
 10
71.24688849377685
 20
-2.401908690319601
 30
0.0
 40
0.3895781255358989
100
AcDbArc
 50
540
 51
360
 0
LWPOLYLINE
  5
869
330
1F
100
AcDbEntity
  8
BottomSolderMaskLayer
100
AcDbPolyline
 90
1
 70
 1
 43
0
 10
70.85731036824095
 20
-2.401908690319601
 10
70.85731036824095
 20
-2.401642401446452
 0
LWPOLYLINE
  5
86a
330
1F
100
AcDbEntity
  8
BottomSolderMaskLayer
100
AcDbPolyline
 90
1
 70
 1
 43
0
 10
71.63646661931276
 20
-2.401908690319601
 10
71.63646661931276
 20
-2.401642401446452
0
HATCH
5
86b
100
AcDbEntity
8
BottomSolderMaskLayer
100
AcDbHatch
10
0
20
0
30
0
210
0
220
0
230
1
2
SOLID
70
1
71
0
91
1
92
7
72
0
73
1
93
52
10
71.11702911859811
20
-2.952194646721182
10
71.04866818735582
20
-2.9476677358771894
10
70.9813630233914
20
-2.934885869965342
10
70.91616939398273
20
-2.913316471238659
10
70.85414306640746
20
-2.884024695190078
10
70.79633980794392
20
-2.847010541819941
10
70.7435514440499
20
-2.8028065888739775
10
70.69656980018453
20
-2.7524779918452396
10
70.65645064362525
20
-2.696557328479912
10
70.62345791619168
20
-2.6361097542707057
10
70.59811950152289
20
-2.5716678469641465
10
70.58122722507665
20
-2.5048293397990165
10
70.57251714503423
20
-2.436126810521614
10
70.57251714503423
20
-2.367157992371176
10
70.58122722507665
20
-2.2984554630937737
10
70.59811950152289
20
-2.2316169559286436
10
70.62345791619168
20
-2.16744133749512
10
70.65645064362525
20
-2.106727474412878
10
70.69656980018453
20
-2.0508068110476643
10
70.7435514440499
20
-2.0004782140189263
10
70.79633980794392
20
-1.9562742610729629
10
70.85414306640746
20
-1.9192601077024847
10
70.91616939398273
20
-1.8899683316541314
10
70.9813630233914
20
-1.8686652218005975
10
71.04866818735582
20
-1.8556170670153733
10
71.11702911859811
20
-1.8513564450447575
10
71.37674786895582
20
-1.8513564450447575
10
71.44510880019811
20
-1.8556170670153733
10
71.51241396416276
20
-1.8686652218005975
10
71.57760759357143
20
-1.8899683316541314
10
71.6396339211467
20
-1.9192601077024847
10
71.69743717961023
20
-1.9562742610729629
10
71.75022554350403
20
-2.0004782140189263
10
71.79720718736917
20
-2.0508068110476643
10
71.83732634392868
20
-2.106727474412878
10
71.87058301318166
20
-2.16744133749512
10
71.89565748603127
20
-2.2316169559286436
10
71.9128137042967
20
-2.2984554630937737
10
71.92125984251993
20
-2.367157992371176
10
71.92125984251993
20
-2.436126810521614
10
71.9128137042967
20
-2.5048293397990165
10
71.89565748603127
20
-2.5716678469641465
10
71.87058301318166
20
-2.6361097542707057
10
71.83732634392868
20
-2.696557328479912
10
71.79720718736917
20
-2.7524779918452396
10
71.75022554350403
20
-2.8028065888739775
10
71.69743717961023
20
-2.847010541819941
10
71.6396339211467
20
-2.884024695190078
10
71.57760759357143
20
-2.913316471238659
10
71.51241396416276
20
-2.934885869965342
10
71.44510880019811
20
-2.9476677358771894
10
71.37674786895582
20
-2.952194646721182
97
1
330

75
0
76
1
47
0.4128176842155181
98
1
10
34.90568961886538
20
22.81183545379326
450
0
451
0
460
0
461
0
452
1
462
1
453
2
463
0
63
5
421
255
463
1
63
7
421
16777215
470
LINEAR
1001
ACAD
1010
0
1020
0
1030
0
 0
ARC
  5
86e
330
1F
100
AcDbEntity
  8
Multi-Layer
100
AcDbCircle
 10
71.24688849377685
 20
-2.4016510033020495
 30
0.0
 40
0.37490474980949967
100
AcDbArc
 50
360
 51
540
 0
ARC
  5
86f
330
1F
100
AcDbEntity
  8
Multi-Layer
100
AcDbCircle
 10
71.24688849377685
 20
-2.4019050038099294
 30
0.0
 40
0.37490474980949967
100
AcDbArc
 50
540
 51
360
 0
LWPOLYLINE
  5
870
330
1F
100
AcDbEntity
  8
Multi-Layer
100
AcDbPolyline
 90
1
 70
 1
 43
0
 10
70.87198374396735
 20
-2.4019050038099294
 10
70.87198374396735
 20
-2.4016510033020495
 0
LWPOLYLINE
  5
871
330
1F
100
AcDbEntity
  8
Multi-Layer
100
AcDbPolyline
 90
1
 70
 1
 43
0
 10
71.62179324358635
 20
-2.4019050038099294
 10
71.62179324358635
 20
-2.4016510033020495
0
HATCH
5
872
100
AcDbEntity
8
Multi-Layer
100
AcDbHatch
10
0
20
0
30
0
210
0
220
0
230
1
2
SOLID
70
1
71
0
91
1
92
7
72
0
73
1
93
52
10
71.12192024384035
20
-2.9267970535941004
10
71.05613411226818
20
-2.922479044958095
10
70.99136398272799
20
-2.91028702057406
10
70.92862585725175
20
-2.8897129794258944
10
70.86893573787165
20
-2.8617729235458
10
70.81330962661946
20
-2.826466852933777
10
70.76250952501891
20
-2.784302768605585
10
70.71729743459491
20
-2.7362966725934257
10
70.67868935737874
20
-2.682956565913173
10
70.64693929387863
20
-2.6252984505968016
10
70.62255524511056
20
-2.5638303276606393
10
70.60629921259851
20
-2.500076200152307
10
70.5979171958345
20
-2.4345440690881333
10
70.5979171958345
20
-2.368757937515852
10
70.60629921259851
20
-2.3032258064515645
10
70.62255524511056
20
-2.239471678943346
10
70.64693929387863
20
-2.1782575565150637
10
70.67868935737874
20
-2.120345440690926
10
70.71729743459491
20
-2.0670053340106733
10
70.76250952501891
20
-2.018999237998514
10
70.81330962661946
20
-1.9768351536703221
10
70.86893573787165
20
-1.9415290830580716
10
70.92862585725175
20
-1.9135890271780909
10
70.99136398272799
20
-1.8932689865379189
10
71.05613411226818
20
-1.8808229616458902
10
71.12192024384035
20
-1.8767589535179923
10
71.37185674371358
20
-1.8767589535179923
10
71.43764287528575
20
-1.8808229616458902
10
71.50241300482617
20
-1.8932689865379189
10
71.56515113030241
20
-1.9135890271780909
10
71.6248412496825
20
-1.9415290830580716
10
71.6804673609347
20
-1.9768351536703221
10
71.73126746253502
20
-2.018999237998514
10
71.77647955295902
20
-2.0670053340106733
10
71.81508763017519
20
-2.120345440690926
10
71.84709169418352
20
-2.1782575565150637
10
71.8712217424436
20
-2.239471678943346
10
71.88773177546364
20
-2.3032258064515645
10
71.89585979171966
20
-2.368757937515852
10
71.89585979171966
20
-2.4345440690881333
10
71.88773177546364
20
-2.500076200152307
10
71.8712217424436
20
-2.5638303276606393
10
71.84709169418352
20
-2.6252984505968016
10
71.81508763017519
20
-2.682956565913173
10
71.77647955295902
20
-2.7362966725934257
10
71.73126746253502
20
-2.784302768605585
10
71.6804673609347
20
-2.826466852933777
10
71.6248412496825
20
-2.8617729235458
10
71.56515113030241
20
-2.8897129794258944
10
71.50241300482617
20
-2.91028702057406
10
71.43764287528575
20
-2.922479044958095
10
71.37185674371358
20
-2.9267970535941004
97
1
330

75
0
76
1
47
0.4128176842155181
98
1
10
34.90568961886538
20
22.81183545379326
450
0
451
0
460
0
461
0
452
1
462
1
453
2
463
0
63
5
421
255
463
1
63
7
421
16777215
470
LINEAR
1001
ACAD
1010
0
1020
0
1030
0
 0
ARC
  5
875
330
1F
100
AcDbEntity
  8
TopSolderMaskLayer
100
AcDbCircle
 10
71.24688849377685
 20
-4.96359804069391
 30
0.0
 40
0.3895781255358989
100
AcDbArc
 50
360
 51
540
 0
ARC
  5
876
330
1F
100
AcDbEntity
  8
TopSolderMaskLayer
100
AcDbCircle
 10
71.24688849377685
 20
-4.963864329567059
 30
0.0
 40
0.3895781255358989
100
AcDbArc
 50
540
 51
360
 0
LWPOLYLINE
  5
877
330
1F
100
AcDbEntity
  8
TopSolderMaskLayer
100
AcDbPolyline
 90
1
 70
 1
 43
0
 10
70.85731036824095
 20
-4.963864329567059
 10
70.85731036824095
 20
-4.96359804069391
 0
LWPOLYLINE
  5
878
330
1F
100
AcDbEntity
  8
TopSolderMaskLayer
100
AcDbPolyline
 90
1
 70
 1
 43
0
 10
71.63646661931276
 20
-4.963864329567059
 10
71.63646661931276
 20
-4.96359804069391
0
HATCH
5
879
100
AcDbEntity
8
TopSolderMaskLayer
100
AcDbHatch
10
0
20
0
30
0
210
0
220
0
230
1
2
SOLID
70
1
71
0
91
1
92
7
72
0
73
1
93
52
10
71.11702911859811
20
-5.51415028596864
10
71.04866818735582
20
-5.509623375124875
10
70.9813630233914
20
-5.496841509212686
10
70.91616939398273
20
-5.475272110486117
10
70.85414306640746
20
-5.44598033443765
10
70.79633980794392
20
-5.408966181067399
10
70.7435514440499
20
-5.364762228121435
10
70.69656980018453
20
-5.314433631092697
10
70.65645064362525
20
-5.25851296772737
10
70.62345791619168
20
-5.198065393518277
10
70.59811950152289
20
-5.133623486211604
10
70.58122722507665
20
-5.066784979046588
10
70.57251714503423
20
-4.998082449769186
10
70.57251714503423
20
-4.929113631618748
10
70.58122722507665
20
-4.8604111023412315
10
70.59811950152289
20
-4.793572595176215
10
70.62345791619168
20
-4.7293969767426915
10
70.65645064362525
20
-4.66868311366045
10
70.69656980018453
20
-4.612762450295122
10
70.7435514440499
20
-4.5624338532662705
10
70.79633980794392
20
-4.518229900320421
10
70.85414306640746
20
-4.481215746950056
10
70.91616939398273
20
-4.4519239709014755
10
70.9813630233914
20
-4.430620861048169
10
71.04866818735582
20
-4.417572706262945
10
71.11702911859811
20
-4.413312084292215
10
71.37674786895582
20
-4.413312084292215
10
71.44510880019811
20
-4.417572706262945
10
71.51241396416276
20
-4.430620861048169
10
71.57760759357143
20
-4.4519239709014755
10
71.6396339211467
20
-4.481215746950056
10
71.69743717961023
20
-4.518229900320421
10
71.75022554350403
20
-4.5624338532662705
10
71.79720718736917
20
-4.612762450295122
10
71.83732634392868
20
-4.66868311366045
10
71.87058301318166
20
-4.7293969767426915
10
71.89565748603127
20
-4.793572595176215
10
71.9128137042967
20
-4.8604111023412315
10
71.92125984251993
20
-4.929113631618748
10
71.92125984251993
20
-4.998082449769186
10
71.9128137042967
20
-5.066784979046588
10
71.89565748603127
20
-5.133623486211604
10
71.87058301318166
20
-5.198065393518277
10
71.83732634392868
20
-5.25851296772737
10
71.79720718736917
20
-5.314433631092697
10
71.75022554350403
20
-5.364762228121435
10
71.69743717961023
20
-5.408966181067399
10
71.6396339211467
20
-5.44598033443765
10
71.57760759357143
20
-5.475272110486117
10
71.51241396416276
20
-5.496841509212686
10
71.44510880019811
20
-5.509623375124875
10
71.37674786895582
20
-5.51415028596864
97
1
330

75
0
76
1
47
0.4128176842155181
98
1
10
34.90568961886538
20
22.81183545379326
450
0
451
0
460
0
461
0
452
1
462
1
453
2
463
0
63
5
421
255
463
1
63
7
421
16777215
470
LINEAR
1001
ACAD
1010
0
1020
0
1030
0
 0
ARC
  5
87c
330
1F
100
AcDbEntity
  8
BottomSolderMaskLayer
100
AcDbCircle
 10
71.24688849377685
 20
-4.96359804069391
 30
0.0
 40
0.3895781255358989
100
AcDbArc
 50
360
 51
540
 0
ARC
  5
87d
330
1F
100
AcDbEntity
  8
BottomSolderMaskLayer
100
AcDbCircle
 10
71.24688849377685
 20
-4.963864329567059
 30
0.0
 40
0.3895781255358989
100
AcDbArc
 50
540
 51
360
 0
LWPOLYLINE
  5
87e
330
1F
100
AcDbEntity
  8
BottomSolderMaskLayer
100
AcDbPolyline
 90
1
 70
 1
 43
0
 10
70.85731036824095
 20
-4.963864329567059
 10
70.85731036824095
 20
-4.96359804069391
 0
LWPOLYLINE
  5
87f
330
1F
100
AcDbEntity
  8
BottomSolderMaskLayer
100
AcDbPolyline
 90
1
 70
 1
 43
0
 10
71.63646661931276
 20
-4.963864329567059
 10
71.63646661931276
 20
-4.96359804069391
0
HATCH
5
880
100
AcDbEntity
8
BottomSolderMaskLayer
100
AcDbHatch
10
0
20
0
30
0
210
0
220
0
230
1
2
SOLID
70
1
71
0
91
1
92
7
72
0
73
1
93
52
10
71.11702911859811
20
-5.51415028596864
10
71.04866818735582
20
-5.509623375124875
10
70.9813630233914
20
-5.496841509212686
10
70.91616939398273
20
-5.475272110486117
10
70.85414306640746
20
-5.44598033443765
10
70.79633980794392
20
-5.408966181067399
10
70.7435514440499
20
-5.364762228121435
10
70.69656980018453
20
-5.314433631092697
10
70.65645064362525
20
-5.25851296772737
10
70.62345791619168
20
-5.198065393518277
10
70.59811950152289
20
-5.133623486211604
10
70.58122722507665
20
-5.066784979046588
10
70.57251714503423
20
-4.998082449769186
10
70.57251714503423
20
-4.929113631618748
10
70.58122722507665
20
-4.8604111023412315
10
70.59811950152289
20
-4.793572595176215
10
70.62345791619168
20
-4.7293969767426915
10
70.65645064362525
20
-4.66868311366045
10
70.69656980018453
20
-4.612762450295122
10
70.7435514440499
20
-4.5624338532662705
10
70.79633980794392
20
-4.518229900320421
10
70.85414306640746
20
-4.481215746950056
10
70.91616939398273
20
-4.4519239709014755
10
70.9813630233914
20
-4.430620861048169
10
71.04866818735582
20
-4.417572706262945
10
71.11702911859811
20
-4.413312084292215
10
71.37674786895582
20
-4.413312084292215
10
71.44510880019811
20
-4.417572706262945
10
71.51241396416276
20
-4.430620861048169
10
71.57760759357143
20
-4.4519239709014755
10
71.6396339211467
20
-4.481215746950056
10
71.69743717961023
20
-4.518229900320421
10
71.75022554350403
20
-4.5624338532662705
10
71.79720718736917
20
-4.612762450295122
10
71.83732634392868
20
-4.66868311366045
10
71.87058301318166
20
-4.7293969767426915
10
71.89565748603127
20
-4.793572595176215
10
71.9128137042967
20
-4.8604111023412315
10
71.92125984251993
20
-4.929113631618748
10
71.92125984251993
20
-4.998082449769186
10
71.9128137042967
20
-5.066784979046588
10
71.89565748603127
20
-5.133623486211604
10
71.87058301318166
20
-5.198065393518277
10
71.83732634392868
20
-5.25851296772737
10
71.79720718736917
20
-5.314433631092697
10
71.75022554350403
20
-5.364762228121435
10
71.69743717961023
20
-5.408966181067399
10
71.6396339211467
20
-5.44598033443765
10
71.57760759357143
20
-5.475272110486117
10
71.51241396416276
20
-5.496841509212686
10
71.44510880019811
20
-5.509623375124875
10
71.37674786895582
20
-5.51415028596864
97
1
330

75
0
76
1
47
0.4128176842155181
98
1
10
34.90568961886538
20
22.81183545379326
450
0
451
0
460
0
461
0
452
1
462
1
453
2
463
0
63
5
421
255
463
1
63
7
421
16777215
470
LINEAR
1001
ACAD
1010
0
1020
0
1030
0
 0
ARC
  5
883
330
1F
100
AcDbEntity
  8
Multi-Layer
100
AcDbCircle
 10
71.24688849377685
 20
-4.963601727203468
 30
0.0
 40
0.37490474980949967
100
AcDbArc
 50
360
 51
540
 0
ARC
  5
884
330
1F
100
AcDbEntity
  8
Multi-Layer
100
AcDbCircle
 10
71.24688849377685
 20
-4.963855727711461
 30
0.0
 40
0.37490474980949967
100
AcDbArc
 50
540
 51
360
 0
LWPOLYLINE
  5
885
330
1F
100
AcDbEntity
  8
Multi-Layer
100
AcDbPolyline
 90
1
 70
 1
 43
0
 10
70.87198374396735
 20
-4.963855727711461
 10
70.87198374396735
 20
-4.963601727203468
 0
LWPOLYLINE
  5
886
330
1F
100
AcDbEntity
  8
Multi-Layer
100
AcDbPolyline
 90
1
 70
 1
 43
0
 10
71.62179324358635
 20
-4.963855727711461
 10
71.62179324358635
 20
-4.963601727203468
0
HATCH
5
887
100
AcDbEntity
8
Multi-Layer
100
AcDbHatch
10
0
20
0
30
0
210
0
220
0
230
1
2
SOLID
70
1
71
0
91
1
92
7
72
0
73
1
93
52
10
71.12192024384035
20
-5.488747777495519
10
71.05613411226818
20
-5.484429768859513
10
70.99136398272799
20
-5.472237744475478
10
70.92862585725175
20
-5.4516637033274264
10
70.86893573787165
20
-5.423723647447332
10
70.81330962661946
20
-5.3884175768350815
10
70.76250952501891
20
-5.346253492507003
10
70.71729743459491
20
-5.29824739649473
10
70.67868935737874
20
-5.244907289814478
10
70.64693929387863
20
-5.187249174498334
10
70.62255524511056
20
-5.125781051562058
10
70.60629921259851
20
-5.062026924053839
10
70.5979171958345
20
-4.996494792989665
10
70.5979171958345
20
-4.930708661417384
10
70.60629921259851
20
-4.865176530352983
10
70.62255524511056
20
-4.801422402844878
10
70.64693929387863
20
-4.740208280416596
10
70.67868935737874
20
-4.682296164592344
10
70.71729743459491
20
-4.628956057912092
10
70.76250952501891
20
-4.580949961899819
10
70.81330962661946
20
-4.5387858775717405
10
70.86893573787165
20
-4.503479806959604
10
70.92862585725175
20
-4.4755397510793955
10
70.99136398272799
20
-4.455219710439337
10
71.05613411226818
20
-4.442773685547309
10
71.12192024384035
20
-4.438709677419297
10
71.37185674371358
20
-4.438709677419297
10
71.43764287528575
20
-4.442773685547309
10
71.50241300482617
20
-4.455219710439337
10
71.56515113030241
20
-4.4755397510793955
10
71.6248412496825
20
-4.503479806959604
10
71.6804673609347
20
-4.5387858775717405
10
71.73126746253502
20
-4.580949961899819
10
71.77647955295902
20
-4.628956057912092
10
71.81508763017519
20
-4.682296164592344
10
71.84709169418352
20
-4.740208280416596
10
71.8712217424436
20
-4.801422402844878
10
71.88773177546364
20
-4.865176530352983
10
71.89585979171966
20
-4.930708661417384
10
71.89585979171966
20
-4.996494792989665
10
71.88773177546364
20
-5.062026924053839
10
71.8712217424436
20
-5.125781051562058
10
71.84709169418352
20
-5.187249174498334
10
71.81508763017519
20
-5.244907289814478
10
71.77647955295902
20
-5.29824739649473
10
71.73126746253502
20
-5.346253492507003
10
71.6804673609347
20
-5.3884175768350815
10
71.6248412496825
20
-5.423723647447332
10
71.56515113030241
20
-5.4516637033274264
10
71.50241300482617
20
-5.472237744475478
10
71.43764287528575
20
-5.484429768859513
10
71.37185674371358
20
-5.488747777495519
97
1
330

75
0
76
1
47
0.4128176842155181
98
1
10
34.90568961886538
20
22.81183545379326
450
0
451
0
460
0
461
0
452
1
462
1
453
2
463
0
63
5
421
255
463
1
63
7
421
16777215
470
LINEAR
1001
ACAD
1010
0
1020
0
1030
0
 0
ARC
  5
88a
330
1F
100
AcDbEntity
  8
TopSolderMaskLayer
100
AcDbCircle
 10
71.24688849377685
 20
-3.682620221070124
 30
0.0
 40
0.3895781255358989
100
AcDbArc
 50
360
 51
540
 0
ARC
  5
88b
330
1F
100
AcDbEntity
  8
TopSolderMaskLayer
100
AcDbCircle
 10
71.24688849377685
 20
-3.6828865099432733
 30
0.0
 40
0.3895781255358989
100
AcDbArc
 50
540
 51
360
 0
LWPOLYLINE
  5
88c
330
1F
100
AcDbEntity
  8
TopSolderMaskLayer
100
AcDbPolyline
 90
1
 70
 1
 43
0
 10
70.85731036824095
 20
-3.6828865099432733
 10
70.85731036824095
 20
-3.682620221070124
 0
LWPOLYLINE
  5
88d
330
1F
100
AcDbEntity
  8
TopSolderMaskLayer
100
AcDbPolyline
 90
1
 70
 1
 43
0
 10
71.63646661931276
 20
-3.6828865099432733
 10
71.63646661931276
 20
-3.682620221070124
0
HATCH
5
88e
100
AcDbEntity
8
TopSolderMaskLayer
100
AcDbHatch
10
0
20
0
30
0
210
0
220
0
230
1
2
SOLID
70
1
71
0
91
1
92
7
72
0
73
1
93
52
10
71.11702911859811
20
-4.233172466344854
10
71.04866818735582
20
-4.228645555501089
10
70.9813630233914
20
-4.215863689589014
10
70.91616939398273
20
-4.1942942908624445
10
70.85414306640746
20
-4.165002514813864
10
70.79633980794392
20
-4.127988361443499
10
70.7435514440499
20
-4.083784408497763
10
70.69656980018453
20
-4.033455811468912
10
70.65645064362525
20
-3.9775351481038115
10
70.62345791619168
20
-3.917087573894605
10
70.59811950152289
20
-3.8526456665879323
10
70.58122722507665
20
-3.7858071594226885
10
70.57251714503423
20
-3.7171046301455135
10
70.57251714503423
20
-3.648135811994848
10
70.58122722507665
20
-3.5794332827175595
10
70.59811950152289
20
-3.5125947755523157
10
70.62345791619168
20
-3.4484191571190195
10
70.65645064362525
20
-3.387705294036664
10
70.69656980018453
20
-3.3317846306713363
10
70.7435514440499
20
-3.2814560336425984
10
70.79633980794392
20
-3.2372520806967486
10
70.85414306640746
20
-3.200237927326384
10
70.91616939398273
20
-3.170946151277917
10
70.9813630233914
20
-3.1496430414243832
10
71.04866818735582
20
-3.136594886639159
10
71.11702911859811
20
-3.1323342646685433
10
71.37674786895582
20
-3.1323342646685433
10
71.44510880019811
20
-3.136594886639159
10
71.51241396416276
20
-3.1496430414243832
10
71.57760759357143
20
-3.170946151277917
10
71.6396339211467
20
-3.200237927326384
10
71.69743717961023
20
-3.2372520806967486
10
71.75022554350403
20
-3.2814560336425984
10
71.79720718736917
20
-3.3317846306713363
10
71.83732634392868
20
-3.387705294036664
10
71.87058301318166
20
-3.4484191571190195
10
71.89565748603127
20
-3.5125947755523157
10
71.9128137042967
20
-3.5794332827175595
10
71.92125984251993
20
-3.648135811994848
10
71.92125984251993
20
-3.7171046301455135
10
71.9128137042967
20
-3.7858071594226885
10
71.89565748603127
20
-3.8526456665879323
10
71.87058301318166
20
-3.917087573894605
10
71.83732634392868
20
-3.9775351481038115
10
71.79720718736917
20
-4.033455811468912
10
71.75022554350403
20
-4.083784408497763
10
71.69743717961023
20
-4.127988361443499
10
71.6396339211467
20
-4.165002514813864
10
71.57760759357143
20
-4.1942942908624445
10
71.51241396416276
20
-4.215863689589014
10
71.44510880019811
20
-4.228645555501089
10
71.37674786895582
20
-4.233172466344854
97
1
330

75
0
76
1
47
0.4128176842155181
98
1
10
34.90568961886538
20
22.81183545379326
450
0
451
0
460
0
461
0
452
1
462
1
453
2
463
0
63
5
421
255
463
1
63
7
421
16777215
470
LINEAR
1001
ACAD
1010
0
1020
0
1030
0
 0
ARC
  5
891
330
1F
100
AcDbEntity
  8
BottomSolderMaskLayer
100
AcDbCircle
 10
71.24688849377685
 20
-3.682620221070124
 30
0.0
 40
0.3895781255358989
100
AcDbArc
 50
360
 51
540
 0
ARC
  5
892
330
1F
100
AcDbEntity
  8
BottomSolderMaskLayer
100
AcDbCircle
 10
71.24688849377685
 20
-3.6828865099432733
 30
0.0
 40
0.3895781255358989
100
AcDbArc
 50
540
 51
360
 0
LWPOLYLINE
  5
893
330
1F
100
AcDbEntity
  8
BottomSolderMaskLayer
100
AcDbPolyline
 90
1
 70
 1
 43
0
 10
70.85731036824095
 20
-3.6828865099432733
 10
70.85731036824095
 20
-3.682620221070124
 0
LWPOLYLINE
  5
894
330
1F
100
AcDbEntity
  8
BottomSolderMaskLayer
100
AcDbPolyline
 90
1
 70
 1
 43
0
 10
71.63646661931276
 20
-3.6828865099432733
 10
71.63646661931276
 20
-3.682620221070124
0
HATCH
5
895
100
AcDbEntity
8
BottomSolderMaskLayer
100
AcDbHatch
10
0
20
0
30
0
210
0
220
0
230
1
2
SOLID
70
1
71
0
91
1
92
7
72
0
73
1
93
52
10
71.11702911859811
20
-4.233172466344854
10
71.04866818735582
20
-4.228645555501089
10
70.9813630233914
20
-4.215863689589014
10
70.91616939398273
20
-4.1942942908624445
10
70.85414306640746
20
-4.165002514813864
10
70.79633980794392
20
-4.127988361443499
10
70.7435514440499
20
-4.083784408497763
10
70.69656980018453
20
-4.033455811468912
10
70.65645064362525
20
-3.9775351481038115
10
70.62345791619168
20
-3.917087573894605
10
70.59811950152289
20
-3.8526456665879323
10
70.58122722507665
20
-3.7858071594226885
10
70.57251714503423
20
-3.7171046301455135
10
70.57251714503423
20
-3.648135811994848
10
70.58122722507665
20
-3.5794332827175595
10
70.59811950152289
20
-3.5125947755523157
10
70.62345791619168
20
-3.4484191571190195
10
70.65645064362525
20
-3.387705294036664
10
70.69656980018453
20
-3.3317846306713363
10
70.7435514440499
20
-3.2814560336425984
10
70.79633980794392
20
-3.2372520806967486
10
70.85414306640746
20
-3.200237927326384
10
70.91616939398273
20
-3.170946151277917
10
70.9813630233914
20
-3.1496430414243832
10
71.04866818735582
20
-3.136594886639159
10
71.11702911859811
20
-3.1323342646685433
10
71.37674786895582
20
-3.1323342646685433
10
71.44510880019811
20
-3.136594886639159
10
71.51241396416276
20
-3.1496430414243832
10
71.57760759357143
20
-3.170946151277917
10
71.6396339211467
20
-3.200237927326384
10
71.69743717961023
20
-3.2372520806967486
10
71.75022554350403
20
-3.2814560336425984
10
71.79720718736917
20
-3.3317846306713363
10
71.83732634392868
20
-3.387705294036664
10
71.87058301318166
20
-3.4484191571190195
10
71.89565748603127
20
-3.5125947755523157
10
71.9128137042967
20
-3.5794332827175595
10
71.92125984251993
20
-3.648135811994848
10
71.92125984251993
20
-3.7171046301455135
10
71.9128137042967
20
-3.7858071594226885
10
71.89565748603127
20
-3.8526456665879323
10
71.87058301318166
20
-3.917087573894605
10
71.83732634392868
20
-3.9775351481038115
10
71.79720718736917
20
-4.033455811468912
10
71.75022554350403
20
-4.083784408497763
10
71.69743717961023
20
-4.127988361443499
10
71.6396339211467
20
-4.165002514813864
10
71.57760759357143
20
-4.1942942908624445
10
71.51241396416276
20
-4.215863689589014
10
71.44510880019811
20
-4.228645555501089
10
71.37674786895582
20
-4.233172466344854
97
1
330

75
0
76
1
47
0.4128176842155181
98
1
10
34.90568961886538
20
22.81183545379326
450
0
451
0
460
0
461
0
452
1
462
1
453
2
463
0
63
5
421
255
463
1
63
7
421
16777215
470
LINEAR
1001
ACAD
1010
0
1020
0
1030
0
 0
ARC
  5
898
330
1F
100
AcDbEntity
  8
Multi-Layer
100
AcDbCircle
 10
71.24688849377685
 20
-3.6826263652527587
 30
0.0
 40
0.37490474980949967
100
AcDbArc
 50
360
 51
540
 0
ARC
  5
899
330
1F
100
AcDbEntity
  8
Multi-Layer
100
AcDbCircle
 10
71.24688849377685
 20
-3.6828803657606386
 30
0.0
 40
0.37490474980949967
100
AcDbArc
 50
540
 51
360
 0
LWPOLYLINE
  5
89a
330
1F
100
AcDbEntity
  8
Multi-Layer
100
AcDbPolyline
 90
1
 70
 1
 43
0
 10
70.87198374396735
 20
-3.6828803657606386
 10
70.87198374396735
 20
-3.6826263652527587
 0
LWPOLYLINE
  5
89b
330
1F
100
AcDbEntity
  8
Multi-Layer
100
AcDbPolyline
 90
1
 70
 1
 43
0
 10
71.62179324358635
 20
-3.6828803657606386
 10
71.62179324358635
 20
-3.6826263652527587
0
HATCH
5
89c
100
AcDbEntity
8
Multi-Layer
100
AcDbHatch
10
0
20
0
30
0
210
0
220
0
230
1
2
SOLID
70
1
71
0
91
1
92
7
72
0
73
1
93
52
10
71.12192024384035
20
-4.2077724155448095
10
71.05613411226818
20
-4.203454406908804
10
70.99136398272799
20
-4.191262382524769
10
70.92862585725175
20
-4.170688341376717
10
70.86893573787165
20
-4.142748285496509
10
70.81330962661946
20
-4.107442214884372
10
70.76250952501891
20
-4.065278130556294
10
70.71729743459491
20
-4.017272034544021
10
70.67868935737874
20
-3.9639319278638823
10
70.64693929387863
20
-3.9062738125476244
10
70.62255524511056
20
-3.844805689611462
10
70.60629921259851
20
-3.78105156210313
10
70.5979171958345
20
-3.7155194310388424
10
70.5979171958345
20
-3.649733299466675
10
70.60629921259851
20
-3.5842011684022737
10
70.62255524511056
20
-3.520447040894055
10
70.64693929387863
20
-3.4592329184658865
10
70.67868935737874
20
-3.401320802641635
10
70.71729743459491
20
-3.3479806959613825
10
70.76250952501891
20
-3.2999745999492234
10
70.81330962661946
20
-3.2578105156210313
10
70.86893573787165
20
-3.2225044450088944
10
70.92862585725175
20
-3.1945643891288
10
70.99136398272799
20
-3.174244348488628
10
71.05613411226818
20
-3.1617983235965994
10
71.12192024384035
20
-3.1577343154685877
10
71.37185674371358
20
-3.1577343154685877
10
71.43764287528575
20
-3.1617983235965994
10
71.50241300482617
20
-3.174244348488628
10
71.56515113030241
20
-3.1945643891288
10
71.6248412496825
20
-3.2225044450088944
10
71.6804673609347
20
-3.2578105156210313
10
71.73126746253502
20
-3.2999745999492234
10
71.77647955295902
20
-3.3479806959613825
10
71.81508763017519
20
-3.401320802641635
10
71.84709169418352
20
-3.4592329184658865
10
71.8712217424436
20
-3.520447040894055
10
71.88773177546364
20
-3.5842011684022737
10
71.89585979171966
20
-3.649733299466675
10
71.89585979171966
20
-3.7155194310388424
10
71.88773177546364
20
-3.78105156210313
10
71.8712217424436
20
-3.844805689611462
10
71.84709169418352
20
-3.9062738125476244
10
71.81508763017519
20
-3.9639319278638823
10
71.77647955295902
20
-4.017272034544021
10
71.73126746253502
20
-4.065278130556294
10
71.6804673609347
20
-4.107442214884372
10
71.6248412496825
20
-4.142748285496509
10
71.56515113030241
20
-4.170688341376717
10
71.50241300482617
20
-4.191262382524769
10
71.43764287528575
20
-4.203454406908804
10
71.37185674371358
20
-4.2077724155448095
97
1
330

75
0
76
1
47
0.4128176842155181
98
1
10
34.90568961886538
20
22.81183545379326
450
0
451
0
460
0
461
0
452
1
462
1
453
2
463
0
63
5
421
255
463
1
63
7
421
16777215
470
LINEAR
1001
ACAD
1010
0
1020
0
1030
0
 0
ARC
  5
89f
330
1F
100
AcDbEntity
  8
TopSolderMaskLayer
100
AcDbCircle
 10
71.24688849377685
 20
5.091372584583496
 30
0.0
 40
0.3895781255358989
100
AcDbArc
 50
360
 51
540
 0
ARC
  5
8a0
330
1F
100
AcDbEntity
  8
TopSolderMaskLayer
100
AcDbCircle
 10
71.24688849377685
 20
5.0911062957104605
 30
0.0
 40
0.3895781255358989
100
AcDbArc
 50
540
 51
360
 0
LWPOLYLINE
  5
8a1
330
1F
100
AcDbEntity
  8
TopSolderMaskLayer
100
AcDbPolyline
 90
1
 70
 1
 43
0
 10
70.85731036824095
 20
5.0911062957104605
 10
70.85731036824095
 20
5.091372584583496
 0
LWPOLYLINE
  5
8a2
330
1F
100
AcDbEntity
  8
TopSolderMaskLayer
100
AcDbPolyline
 90
1
 70
 1
 43
0
 10
71.63646661931276
 20
5.0911062957104605
 10
71.63646661931276
 20
5.091372584583496
0
HATCH
5
8a3
100
AcDbEntity
8
TopSolderMaskLayer
100
AcDbHatch
10
0
20
0
30
0
210
0
220
0
230
1
2
SOLID
70
1
71
0
91
1
92
7
72
0
73
1
93
52
10
71.11702911859811
20
4.540820339308766
10
71.04866818735582
20
4.5453472501527585
10
70.9813630233914
20
4.558129116064606
10
70.91616939398273
20
4.579698514791289
10
70.85414306640746
20
4.60899029083987
10
70.79633980794392
20
4.646004444210121
10
70.7435514440499
20
4.6902083971559705
10
70.69656980018453
20
4.740536994184708
10
70.65645064362525
20
4.796457657550036
10
70.62345791619168
20
4.856905231759242
10
70.59811950152289
20
4.9213471390658015
10
70.58122722507665
20
4.988185646231045
10
70.57251714503423
20
5.056888175508334
10
70.57251714503423
20
5.125856993658886
10
70.58122722507665
20
5.194559522936174
10
70.59811950152289
20
5.261398030101304
10
70.62345791619168
20
5.325573648534828
10
70.65645064362525
20
5.3862875116171836
10
70.69656980018453
20
5.442208174982397
10
70.7435514440499
20
5.492536772011135
10
70.79633980794392
20
5.536740724956985
10
70.85414306640746
20
5.573754878327463
10
70.91616939398273
20
5.603046654375817
10
70.9813630233914
20
5.6243497642293505
10
71.04866818735582
20
5.637397919014575
10
71.11702911859811
20
5.6416585409851905
10
71.37674786895582
20
5.6416585409851905
10
71.44510880019811
20
5.637397919014575
10
71.51241396416276
20
5.6243497642293505
10
71.57760759357143
20
5.603046654375817
10
71.6396339211467
20
5.573754878327463
10
71.69743717961023
20
5.536740724956985
10
71.75022554350403
20
5.492536772011135
10
71.79720718736917
20
5.442208174982397
10
71.83732634392868
20
5.3862875116171836
10
71.87058301318166
20
5.325573648534828
10
71.89565748603127
20
5.261398030101304
10
71.9128137042967
20
5.194559522936174
10
71.92125984251993
20
5.125856993658886
10
71.92125984251993
20
5.056888175508334
10
71.9128137042967
20
4.988185646231045
10
71.89565748603127
20
4.9213471390658015
10
71.87058301318166
20
4.856905231759242
10
71.83732634392868
20
4.796457657550036
10
71.79720718736917
20
4.740536994184708
10
71.75022554350403
20
4.6902083971559705
10
71.69743717961023
20
4.646004444210121
10
71.6396339211467
20
4.60899029083987
10
71.57760759357143
20
4.579698514791289
10
71.51241396416276
20
4.558129116064606
10
71.44510880019811
20
4.5453472501527585
10
71.37674786895582
20
4.540820339308766
97
1
330

75
0
76
1
47
0.4128176842155181
98
1
10
34.90568961886538
20
22.81183545379326
450
0
451
0
460
0
461
0
452
1
462
1
453
2
463
0
63
5
421
255
463
1
63
7
421
16777215
470
LINEAR
1001
ACAD
1010
0
1020
0
1030
0
 0
ARC
  5
8a6
330
1F
100
AcDbEntity
  8
BottomSolderMaskLayer
100
AcDbCircle
 10
71.24688849377685
 20
5.091372584583496
 30
0.0
 40
0.3895781255358989
100
AcDbArc
 50
360
 51
540
 0
ARC
  5
8a7
330
1F
100
AcDbEntity
  8
BottomSolderMaskLayer
100
AcDbCircle
 10
71.24688849377685
 20
5.0911062957104605
 30
0.0
 40
0.3895781255358989
100
AcDbArc
 50
540
 51
360
 0
LWPOLYLINE
  5
8a8
330
1F
100
AcDbEntity
  8
BottomSolderMaskLayer
100
AcDbPolyline
 90
1
 70
 1
 43
0
 10
70.85731036824095
 20
5.0911062957104605
 10
70.85731036824095
 20
5.091372584583496
 0
LWPOLYLINE
  5
8a9
330
1F
100
AcDbEntity
  8
BottomSolderMaskLayer
100
AcDbPolyline
 90
1
 70
 1
 43
0
 10
71.63646661931276
 20
5.0911062957104605
 10
71.63646661931276
 20
5.091372584583496
0
HATCH
5
8aa
100
AcDbEntity
8
BottomSolderMaskLayer
100
AcDbHatch
10
0
20
0
30
0
210
0
220
0
230
1
2
SOLID
70
1
71
0
91
1
92
7
72
0
73
1
93
52
10
71.11702911859811
20
4.540820339308766
10
71.04866818735582
20
4.5453472501527585
10
70.9813630233914
20
4.558129116064606
10
70.91616939398273
20
4.579698514791289
10
70.85414306640746
20
4.60899029083987
10
70.79633980794392
20
4.646004444210121
10
70.7435514440499
20
4.6902083971559705
10
70.69656980018453
20
4.740536994184708
10
70.65645064362525
20
4.796457657550036
10
70.62345791619168
20
4.856905231759242
10
70.59811950152289
20
4.9213471390658015
10
70.58122722507665
20
4.988185646231045
10
70.57251714503423
20
5.056888175508334
10
70.57251714503423
20
5.125856993658886
10
70.58122722507665
20
5.194559522936174
10
70.59811950152289
20
5.261398030101304
10
70.62345791619168
20
5.325573648534828
10
70.65645064362525
20
5.3862875116171836
10
70.69656980018453
20
5.442208174982397
10
70.7435514440499
20
5.492536772011135
10
70.79633980794392
20
5.536740724956985
10
70.85414306640746
20
5.573754878327463
10
70.91616939398273
20
5.603046654375817
10
70.9813630233914
20
5.6243497642293505
10
71.04866818735582
20
5.637397919014575
10
71.11702911859811
20
5.6416585409851905
10
71.37674786895582
20
5.6416585409851905
10
71.44510880019811
20
5.637397919014575
10
71.51241396416276
20
5.6243497642293505
10
71.57760759357143
20
5.603046654375817
10
71.6396339211467
20
5.573754878327463
10
71.69743717961023
20
5.536740724956985
10
71.75022554350403
20
5.492536772011135
10
71.79720718736917
20
5.442208174982397
10
71.83732634392868
20
5.3862875116171836
10
71.87058301318166
20
5.325573648534828
10
71.89565748603127
20
5.261398030101304
10
71.9128137042967
20
5.194559522936174
10
71.92125984251993
20
5.125856993658886
10
71.92125984251993
20
5.056888175508334
10
71.9128137042967
20
4.988185646231045
10
71.89565748603127
20
4.9213471390658015
10
71.87058301318166
20
4.856905231759242
10
71.83732634392868
20
4.796457657550036
10
71.79720718736917
20
4.740536994184708
10
71.75022554350403
20
4.6902083971559705
10
71.69743717961023
20
4.646004444210121
10
71.6396339211467
20
4.60899029083987
10
71.57760759357143
20
4.579698514791289
10
71.51241396416276
20
4.558129116064606
10
71.44510880019811
20
4.5453472501527585
10
71.37674786895582
20
4.540820339308766
97
1
330

75
0
76
1
47
0.4128176842155181
98
1
10
34.90568961886538
20
22.81183545379326
450
0
451
0
460
0
461
0
452
1
462
1
453
2
463
0
63
5
421
255
463
1
63
7
421
16777215
470
LINEAR
1001
ACAD
1010
0
1020
0
1030
0
 0
ARC
  5
8ad
330
1F
100
AcDbEntity
  8
Multi-Layer
100
AcDbCircle
 10
71.24688849377685
 20
5.091363982728012
 30
0.0
 40
0.37490474980949967
100
AcDbArc
 50
360
 51
540
 0
ARC
  5
8ae
330
1F
100
AcDbEntity
  8
Multi-Layer
100
AcDbCircle
 10
71.24688849377685
 20
5.0911099822200185
 30
0.0
 40
0.37490474980949967
100
AcDbArc
 50
540
 51
360
 0
LWPOLYLINE
  5
8af
330
1F
100
AcDbEntity
  8
Multi-Layer
100
AcDbPolyline
 90
1
 70
 1
 43
0
 10
70.87198374396735
 20
5.0911099822200185
 10
70.87198374396735
 20
5.091363982728012
 0
LWPOLYLINE
  5
8b0
330
1F
100
AcDbEntity
  8
Multi-Layer
100
AcDbPolyline
 90
1
 70
 1
 43
0
 10
71.62179324358635
 20
5.0911099822200185
 10
71.62179324358635
 20
5.091363982728012
0
HATCH
5
8b1
100
AcDbEntity
8
Multi-Layer
100
AcDbHatch
10
0
20
0
30
0
210
0
220
0
230
1
2
SOLID
70
1
71
0
91
1
92
7
72
0
73
1
93
52
10
71.12192024384035
20
4.566217932435848
10
71.05613411226818
20
4.570535941071967
10
70.99136398272799
20
4.582727965455888
10
70.92862585725175
20
4.6033020066040535
10
70.86893573787165
20
4.631242062484148
10
70.81330962661946
20
4.666548133096171
10
70.76250952501891
20
4.708712217424477
10
70.71729743459491
20
4.756718313436636
10
70.67868935737874
20
4.810058420116775
10
70.64693929387863
20
4.867716535433146
10
70.62255524511056
20
4.929184658369309
10
70.60629921259851
20
4.992938785877641
10
70.5979171958345
20
5.058470916941815
10
70.5979171958345
20
5.124257048514096
10
70.60629921259851
20
5.1897891795783835
10
70.62255524511056
20
5.253543307086602
10
70.64693929387863
20
5.314757429514884
10
70.67868935737874
20
5.372669545339136
10
70.71729743459491
20
5.426009652019275
10
70.76250952501891
20
5.474015748031434
10
70.81330962661946
20
5.5161798323597395
10
70.86893573787165
20
5.551485902971876
10
70.92862585725175
20
5.579425958851857
10
70.99136398272799
20
5.599745999492029
10
71.05613411226818
20
5.612192024384058
10
71.12192024384035
20
5.616256032512069
10
71.37185674371358
20
5.616256032512069
10
71.43764287528575
20
5.612192024384058
10
71.50241300482617
20
5.599745999492029
10
71.56515113030241
20
5.579425958851857
10
71.6248412496825
20
5.551485902971876
10
71.6804673609347
20
5.5161798323597395
10
71.73126746253502
20
5.474015748031434
10
71.77647955295902
20
5.426009652019275
10
71.81508763017519
20
5.372669545339136
10
71.84709169418352
20
5.314757429514884
10
71.8712217424436
20
5.253543307086602
10
71.88773177546364
20
5.1897891795783835
10
71.89585979171966
20
5.124257048514096
10
71.89585979171966
20
5.058470916941815
10
71.88773177546364
20
4.992938785877641
10
71.8712217424436
20
4.929184658369309
10
71.84709169418352
20
4.867716535433146
10
71.81508763017519
20
4.810058420116775
10
71.77647955295902
20
4.756718313436636
10
71.73126746253502
20
4.708712217424477
10
71.6804673609347
20
4.666548133096171
10
71.6248412496825
20
4.631242062484148
10
71.56515113030241
20
4.6033020066040535
10
71.50241300482617
20
4.582727965455888
10
71.43764287528575
20
4.570535941071967
10
71.37185674371358
20
4.566217932435848
97
1
330

75
0
76
1
47
0.4128176842155181
98
1
10
34.90568961886538
20
22.81183545379326
450
0
451
0
460
0
461
0
452
1
462
1
453
2
463
0
63
5
421
255
463
1
63
7
421
16777215
470
LINEAR
1001
ACAD
1010
0
1020
0
1030
0
 0
ARC
  5
8b4
330
1F
100
AcDbEntity
  8
TopSolderMaskLayer
100
AcDbCircle
 10
71.24688849377685
 20
2.5294169453360382
 30
0.0
 40
0.3895781255358989
100
AcDbArc
 50
360
 51
540
 0
ARC
  5
8b5
330
1F
100
AcDbEntity
  8
TopSolderMaskLayer
100
AcDbCircle
 10
71.24688849377685
 20
2.5291506564630026
 30
0.0
 40
0.3895781255358989
100
AcDbArc
 50
540
 51
360
 0
LWPOLYLINE
  5
8b6
330
1F
100
AcDbEntity
  8
TopSolderMaskLayer
100
AcDbPolyline
 90
1
 70
 1
 43
0
 10
70.85731036824095
 20
2.5291506564630026
 10
70.85731036824095
 20
2.5294169453360382
 0
LWPOLYLINE
  5
8b7
330
1F
100
AcDbEntity
  8
TopSolderMaskLayer
100
AcDbPolyline
 90
1
 70
 1
 43
0
 10
71.63646661931276
 20
2.5291506564630026
 10
71.63646661931276
 20
2.5294169453360382
0
HATCH
5
8b8
100
AcDbEntity
8
TopSolderMaskLayer
100
AcDbHatch
10
0
20
0
30
0
210
0
220
0
230
1
2
SOLID
70
1
71
0
91
1
92
7
72
0
73
1
93
52
10
71.11702911859811
20
1.9788647000613082
10
71.04866818735582
20
1.983391610905187
10
70.9813630233914
20
1.9961734768172619
10
70.91616939398273
20
2.0177428755438314
10
70.85414306640746
20
2.0470346515922984
10
70.79633980794392
20
2.084048804962663
10
70.7435514440499
20
2.1282527579085126
10
70.69656980018453
20
2.1785813549372506
10
70.65645064362525
20
2.234502018302578
10
70.62345791619168
20
2.2949495925116707
10
70.59811950152289
20
2.3593914998183436
10
70.58122722507665
20
2.4262300069834737
10
70.57251714503423
20
2.4949325362607624
10
70.57251714503423
20
2.5639013544112004
10
70.58122722507665
20
2.6326038836887165
10
70.59811950152289
20
2.699442390853733
10
70.62345791619168
20
2.7636180092872564
10
70.65645064362525
20
2.824331872369612
10
70.69656980018453
20
2.8802525357349396
10
70.7435514440499
20
2.930581132763791
10
70.79633980794392
20
2.9747850857095273
10
70.85414306640746
20
3.0117992390798918
10
70.91616939398273
20
3.0410910151284725
10
70.9813630233914
20
3.0623941249818927
10
71.04866818735582
20
3.075442279767003
10
71.11702911859811
20
3.0797029017377326
10
71.37674786895582
20
3.0797029017377326
10
71.44510880019811
20
3.075442279767003
10
71.51241396416276
20
3.0623941249818927
10
71.57760759357143
20
3.0410910151284725
10
71.6396339211467
20
3.0117992390798918
10
71.69743717961023
20
2.9747850857095273
10
71.75022554350403
20
2.930581132763791
10
71.79720718736917
20
2.8802525357349396
10
71.83732634392868
20
2.824331872369612
10
71.87058301318166
20
2.7636180092872564
10
71.89565748603127
20
2.699442390853733
10
71.9128137042967
20
2.6326038836887165
10
71.92125984251993
20
2.5639013544112004
10
71.92125984251993
20
2.4949325362607624
10
71.9128137042967
20
2.4262300069834737
10
71.89565748603127
20
2.3593914998183436
10
71.87058301318166
20
2.2949495925116707
10
71.83732634392868
20
2.234502018302578
10
71.79720718736917
20
2.1785813549372506
10
71.75022554350403
20
2.1282527579085126
10
71.69743717961023
20
2.084048804962663
10
71.6396339211467
20
2.0470346515922984
10
71.57760759357143
20
2.0177428755438314
10
71.51241396416276
20
1.9961734768172619
10
71.44510880019811
20
1.983391610905187
10
71.37674786895582
20
1.9788647000613082
97
1
330

75
0
76
1
47
0.4128176842155181
98
1
10
34.90568961886538
20
22.81183545379326
450
0
451
0
460
0
461
0
452
1
462
1
453
2
463
0
63
5
421
255
463
1
63
7
421
16777215
470
LINEAR
1001
ACAD
1010
0
1020
0
1030
0
 0
ARC
  5
8bb
330
1F
100
AcDbEntity
  8
BottomSolderMaskLayer
100
AcDbCircle
 10
71.24688849377685
 20
2.5294169453360382
 30
0.0
 40
0.3895781255358989
100
AcDbArc
 50
360
 51
540
 0
ARC
  5
8bc
330
1F
100
AcDbEntity
  8
BottomSolderMaskLayer
100
AcDbCircle
 10
71.24688849377685
 20
2.5291506564630026
 30
0.0
 40
0.3895781255358989
100
AcDbArc
 50
540
 51
360
 0
LWPOLYLINE
  5
8bd
330
1F
100
AcDbEntity
  8
BottomSolderMaskLayer
100
AcDbPolyline
 90
1
 70
 1
 43
0
 10
70.85731036824095
 20
2.5291506564630026
 10
70.85731036824095
 20
2.5294169453360382
 0
LWPOLYLINE
  5
8be
330
1F
100
AcDbEntity
  8
BottomSolderMaskLayer
100
AcDbPolyline
 90
1
 70
 1
 43
0
 10
71.63646661931276
 20
2.5291506564630026
 10
71.63646661931276
 20
2.5294169453360382
0
HATCH
5
8bf
100
AcDbEntity
8
BottomSolderMaskLayer
100
AcDbHatch
10
0
20
0
30
0
210
0
220
0
230
1
2
SOLID
70
1
71
0
91
1
92
7
72
0
73
1
93
52
10
71.11702911859811
20
1.9788647000613082
10
71.04866818735582
20
1.983391610905187
10
70.9813630233914
20
1.9961734768172619
10
70.91616939398273
20
2.0177428755438314
10
70.85414306640746
20
2.0470346515922984
10
70.79633980794392
20
2.084048804962663
10
70.7435514440499
20
2.1282527579085126
10
70.69656980018453
20
2.1785813549372506
10
70.65645064362525
20
2.234502018302578
10
70.62345791619168
20
2.2949495925116707
10
70.59811950152289
20
2.3593914998183436
10
70.58122722507665
20
2.4262300069834737
10
70.57251714503423
20
2.4949325362607624
10
70.57251714503423
20
2.5639013544112004
10
70.58122722507665
20
2.6326038836887165
10
70.59811950152289
20
2.699442390853733
10
70.62345791619168
20
2.7636180092872564
10
70.65645064362525
20
2.824331872369612
10
70.69656980018453
20
2.8802525357349396
10
70.7435514440499
20
2.930581132763791
10
70.79633980794392
20
2.9747850857095273
10
70.85414306640746
20
3.0117992390798918
10
70.91616939398273
20
3.0410910151284725
10
70.9813630233914
20
3.0623941249818927
10
71.04866818735582
20
3.075442279767003
10
71.11702911859811
20
3.0797029017377326
10
71.37674786895582
20
3.0797029017377326
10
71.44510880019811
20
3.075442279767003
10
71.51241396416276
20
3.0623941249818927
10
71.57760759357143
20
3.0410910151284725
10
71.6396339211467
20
3.0117992390798918
10
71.69743717961023
20
2.9747850857095273
10
71.75022554350403
20
2.930581132763791
10
71.79720718736917
20
2.8802525357349396
10
71.83732634392868
20
2.824331872369612
10
71.87058301318166
20
2.7636180092872564
10
71.89565748603127
20
2.699442390853733
10
71.9128137042967
20
2.6326038836887165
10
71.92125984251993
20
2.5639013544112004
10
71.92125984251993
20
2.4949325362607624
10
71.9128137042967
20
2.4262300069834737
10
71.89565748603127
20
2.3593914998183436
10
71.87058301318166
20
2.2949495925116707
10
71.83732634392868
20
2.234502018302578
10
71.79720718736917
20
2.1785813549372506
10
71.75022554350403
20
2.1282527579085126
10
71.69743717961023
20
2.084048804962663
10
71.6396339211467
20
2.0470346515922984
10
71.57760759357143
20
2.0177428755438314
10
71.51241396416276
20
1.9961734768172619
10
71.44510880019811
20
1.983391610905187
10
71.37674786895582
20
1.9788647000613082
97
1
330

75
0
76
1
47
0.4128176842155181
98
1
10
34.90568961886538
20
22.81183545379326
450
0
451
0
460
0
461
0
452
1
462
1
453
2
463
0
63
5
421
255
463
1
63
7
421
16777215
470
LINEAR
1001
ACAD
1010
0
1020
0
1030
0
 0
ARC
  5
8c2
330
1F
100
AcDbEntity
  8
Multi-Layer
100
AcDbCircle
 10
71.24688849377685
 20
2.52941325882648
 30
0.0
 40
0.37490474980949967
100
AcDbArc
 50
360
 51
540
 0
ARC
  5
8c3
330
1F
100
AcDbEntity
  8
Multi-Layer
100
AcDbCircle
 10
71.24688849377685
 20
2.5291592583184865
 30
0.0
 40
0.37490474980949967
100
AcDbArc
 50
540
 51
360
 0
LWPOLYLINE
  5
8c4
330
1F
100
AcDbEntity
  8
Multi-Layer
100
AcDbPolyline
 90
1
 70
 1
 43
0
 10
70.87198374396735
 20
2.5291592583184865
 10
70.87198374396735
 20
2.52941325882648
 0
LWPOLYLINE
  5
8c5
330
1F
100
AcDbEntity
  8
Multi-Layer
100
AcDbPolyline
 90
1
 70
 1
 43
0
 10
71.62179324358635
 20
2.5291592583184865
 10
71.62179324358635
 20
2.52941325882648
0
HATCH
5
8c6
100
AcDbEntity
8
Multi-Layer
100
AcDbHatch
10
0
20
0
30
0
210
0
220
0
230
1
2
SOLID
70
1
71
0
91
1
92
7
72
0
73
1
93
52
10
71.12192024384035
20
2.0042672085344293
10
71.05613411226818
20
2.0085852171704346
10
70.99136398272799
20
2.0207772415545833
10
70.92862585725175
20
2.0413512827025215
10
70.86893573787165
20
2.0692913385827296
10
70.81330962661946
20
2.1045974091948665
10
70.76250952501891
20
2.146761493522945
10
70.71729743459491
20
2.1947675895352177
10
70.67868935737874
20
2.2481076962154702
10
70.64693929387863
20
2.3057658115316144
10
70.62255524511056
20
2.3672339344678903
10
70.60629921259851
20
2.430988061976109
10
70.5979171958345
20
2.4965201930403964
10
70.5979171958345
20
2.562306324612564
10
70.60629921259851
20
2.627838455676965
10
70.62255524511056
20
2.6915925831851837
10
70.64693929387863
20
2.7528067056133523
10
70.67868935737874
20
2.8107188214376038
10
70.71729743459491
20
2.8640589281178563
10
70.76250952501891
20
2.912065024130129
10
70.81330962661946
20
2.9542291084582075
10
70.86893573787165
20
2.9895351790703444
10
70.92862585725175
20
3.0174752349505525
10
70.99136398272799
20
3.037795275590611
10
71.05613411226818
20
3.0502413004826394
10
71.12192024384035
20
3.054305308610651
10
71.37185674371358
20
3.054305308610651
10
71.43764287528575
20
3.0502413004826394
10
71.50241300482617
20
3.037795275590611
10
71.56515113030241
20
3.0174752349505525
10
71.6248412496825
20
2.9895351790703444
10
71.6804673609347
20
2.9542291084582075
10
71.73126746253502
20
2.912065024130129
10
71.77647955295902
20
2.8640589281178563
10
71.81508763017519
20
2.8107188214376038
10
71.84709169418352
20
2.7528067056133523
10
71.8712217424436
20
2.6915925831851837
10
71.88773177546364
20
2.627838455676965
10
71.89585979171966
20
2.562306324612564
10
71.89585979171966
20
2.4965201930403964
10
71.88773177546364
20
2.430988061976109
10
71.8712217424436
20
2.3672339344678903
10
71.84709169418352
20
2.3057658115316144
10
71.81508763017519
20
2.2481076962154702
10
71.77647955295902
20
2.1947675895352177
10
71.73126746253502
20
2.146761493522945
10
71.6804673609347
20
2.1045974091948665
10
71.6248412496825
20
2.0692913385827296
10
71.56515113030241
20
2.0413512827025215
10
71.50241300482617
20
2.0207772415545833
10
71.43764287528575
20
2.0085852171704346
10
71.37185674371358
20
2.0042672085344293
97
1
330

75
0
76
1
47
0.4128176842155181
98
1
10
34.90568961886538
20
22.81183545379326
450
0
451
0
460
0
461
0
452
1
462
1
453
2
463
0
63
5
421
255
463
1
63
7
421
16777215
470
LINEAR
1001
ACAD
1010
0
1020
0
1030
0
 0
ARC
  5
8c9
330
1F
100
AcDbEntity
  8
TopSolderMaskLayer
100
AcDbCircle
 10
71.24688849377685
 20
3.810394764959824
 30
0.0
 40
0.3895781255358989
100
AcDbArc
 50
360
 51
540
 0
ARC
  5
8ca
330
1F
100
AcDbEntity
  8
TopSolderMaskLayer
100
AcDbCircle
 10
71.24688849377685
 20
3.8101284760866747
 30
0.0
 40
0.3895781255358989
100
AcDbArc
 50
540
 51
360
 0
LWPOLYLINE
  5
8cb
330
1F
100
AcDbEntity
  8
TopSolderMaskLayer
100
AcDbPolyline
 90
1
 70
 1
 43
0
 10
70.85731036824095
 20
3.8101284760866747
 10
70.85731036824095
 20
3.810394764959824
 0
LWPOLYLINE
  5
8cc
330
1F
100
AcDbEntity
  8
TopSolderMaskLayer
100
AcDbPolyline
 90
1
 70
 1
 43
0
 10
71.63646661931276
 20
3.8101284760866747
 10
71.63646661931276
 20
3.810394764959824
0
HATCH
5
8cd
100
AcDbEntity
8
TopSolderMaskLayer
100
AcDbHatch
10
0
20
0
30
0
210
0
220
0
230
1
2
SOLID
70
1
71
0
91
1
92
7
72
0
73
1
93
52
10
71.11702911859811
20
3.259842519685094
10
71.04866818735582
20
3.264369430528859
10
70.9813630233914
20
3.277151296440934
10
70.91616939398273
20
3.2987206951675034
10
70.85414306640746
20
3.328012471216084
10
70.79633980794392
20
3.3650266245864486
10
70.7435514440499
20
3.4092305775322984
10
70.69656980018453
20
3.45955917456115
10
70.65645064362525
20
3.51547983792625
10
70.62345791619168
20
3.5759274121354565
10
70.59811950152289
20
3.6403693194420157
10
70.58122722507665
20
3.7072078266072594
10
70.57251714503423
20
3.775910355884548
10
70.57251714503423
20
3.8448791740351
10
70.58122722507665
20
3.913581703312502
10
70.59811950152289
20
3.9804202104776323
10
70.62345791619168
20
4.0445958289109285
10
70.65645064362525
20
4.105309691993284
10
70.69656980018453
20
4.161230355358612
10
70.7435514440499
20
4.21155895238735
10
70.79633980794392
20
4.255762905333313
10
70.85414306640746
20
4.292777058703564
10
70.91616939398273
20
4.322068834752031
10
70.9813630233914
20
4.343371944605565
10
71.04866818735582
20
4.356420099390903
10
71.11702911859811
20
4.360680721361518
10
71.37674786895582
20
4.360680721361518
10
71.44510880019811
20
4.356420099390903
10
71.51241396416276
20
4.343371944605565
10
71.57760759357143
20
4.322068834752031
10
71.6396339211467
20
4.292777058703564
10
71.69743717961023
20
4.255762905333313
10
71.75022554350403
20
4.21155895238735
10
71.79720718736917
20
4.161230355358612
10
71.83732634392868
20
4.105309691993284
10
71.87058301318166
20
4.0445958289109285
10
71.89565748603127
20
3.9804202104776323
10
71.9128137042967
20
3.913581703312502
10
71.92125984251993
20
3.8448791740351
10
71.92125984251993
20
3.775910355884548
10
71.9128137042967
20
3.7072078266072594
10
71.89565748603127
20
3.6403693194420157
10
71.87058301318166
20
3.5759274121354565
10
71.83732634392868
20
3.51547983792625
10
71.79720718736917
20
3.45955917456115
10
71.75022554350403
20
3.4092305775322984
10
71.69743717961023
20
3.3650266245864486
10
71.6396339211467
20
3.328012471216084
10
71.57760759357143
20
3.2987206951675034
10
71.51241396416276
20
3.277151296440934
10
71.44510880019811
20
3.264369430528859
10
71.37674786895582
20
3.259842519685094
97
1
330

75
0
76
1
47
0.4128176842155181
98
1
10
34.90568961886538
20
22.81183545379326
450
0
451
0
460
0
461
0
452
1
462
1
453
2
463
0
63
5
421
255
463
1
63
7
421
16777215
470
LINEAR
1001
ACAD
1010
0
1020
0
1030
0
 0
ARC
  5
8d0
330
1F
100
AcDbEntity
  8
BottomSolderMaskLayer
100
AcDbCircle
 10
71.24688849377685
 20
3.810394764959824
 30
0.0
 40
0.3895781255358989
100
AcDbArc
 50
360
 51
540
 0
ARC
  5
8d1
330
1F
100
AcDbEntity
  8
BottomSolderMaskLayer
100
AcDbCircle
 10
71.24688849377685
 20
3.8101284760866747
 30
0.0
 40
0.3895781255358989
100
AcDbArc
 50
540
 51
360
 0
LWPOLYLINE
  5
8d2
330
1F
100
AcDbEntity
  8
BottomSolderMaskLayer
100
AcDbPolyline
 90
1
 70
 1
 43
0
 10
70.85731036824095
 20
3.8101284760866747
 10
70.85731036824095
 20
3.810394764959824
 0
LWPOLYLINE
  5
8d3
330
1F
100
AcDbEntity
  8
BottomSolderMaskLayer
100
AcDbPolyline
 90
1
 70
 1
 43
0
 10
71.63646661931276
 20
3.8101284760866747
 10
71.63646661931276
 20
3.810394764959824
0
HATCH
5
8d4
100
AcDbEntity
8
BottomSolderMaskLayer
100
AcDbHatch
10
0
20
0
30
0
210
0
220
0
230
1
2
SOLID
70
1
71
0
91
1
92
7
72
0
73
1
93
52
10
71.11702911859811
20
3.259842519685094
10
71.04866818735582
20
3.264369430528859
10
70.9813630233914
20
3.277151296440934
10
70.91616939398273
20
3.2987206951675034
10
70.85414306640746
20
3.328012471216084
10
70.79633980794392
20
3.3650266245864486
10
70.7435514440499
20
3.4092305775322984
10
70.69656980018453
20
3.45955917456115
10
70.65645064362525
20
3.51547983792625
10
70.62345791619168
20
3.5759274121354565
10
70.59811950152289
20
3.6403693194420157
10
70.58122722507665
20
3.7072078266072594
10
70.57251714503423
20
3.775910355884548
10
70.57251714503423
20
3.8448791740351
10
70.58122722507665
20
3.913581703312502
10
70.59811950152289
20
3.9804202104776323
10
70.62345791619168
20
4.0445958289109285
10
70.65645064362525
20
4.105309691993284
10
70.69656980018453
20
4.161230355358612
10
70.7435514440499
20
4.21155895238735
10
70.79633980794392
20
4.255762905333313
10
70.85414306640746
20
4.292777058703564
10
70.91616939398273
20
4.322068834752031
10
70.9813630233914
20
4.343371944605565
10
71.04866818735582
20
4.356420099390903
10
71.11702911859811
20
4.360680721361518
10
71.37674786895582
20
4.360680721361518
10
71.44510880019811
20
4.356420099390903
10
71.51241396416276
20
4.343371944605565
10
71.57760759357143
20
4.322068834752031
10
71.6396339211467
20
4.292777058703564
10
71.69743717961023
20
4.255762905333313
10
71.75022554350403
20
4.21155895238735
10
71.79720718736917
20
4.161230355358612
10
71.83732634392868
20
4.105309691993284
10
71.87058301318166
20
4.0445958289109285
10
71.89565748603127
20
3.9804202104776323
10
71.9128137042967
20
3.913581703312502
10
71.92125984251993
20
3.8448791740351
10
71.92125984251993
20
3.775910355884548
10
71.9128137042967
20
3.7072078266072594
10
71.89565748603127
20
3.6403693194420157
10
71.87058301318166
20
3.5759274121354565
10
71.83732634392868
20
3.51547983792625
10
71.79720718736917
20
3.45955917456115
10
71.75022554350403
20
3.4092305775322984
10
71.69743717961023
20
3.3650266245864486
10
71.6396339211467
20
3.328012471216084
10
71.57760759357143
20
3.2987206951675034
10
71.51241396416276
20
3.277151296440934
10
71.44510880019811
20
3.264369430528859
10
71.37674786895582
20
3.259842519685094
97
1
330

75
0
76
1
47
0.4128176842155181
98
1
10
34.90568961886538
20
22.81183545379326
450
0
451
0
460
0
461
0
452
1
462
1
453
2
463
0
63
5
421
255
463
1
63
7
421
16777215
470
LINEAR
1001
ACAD
1010
0
1020
0
1030
0
 0
ARC
  5
8d7
330
1F
100
AcDbEntity
  8
Multi-Layer
100
AcDbCircle
 10
71.24688849377685
 20
3.8103886207771893
 30
0.0
 40
0.37490474980949967
100
AcDbArc
 50
360
 51
540
 0
ARC
  5
8d8
330
1F
100
AcDbEntity
  8
Multi-Layer
100
AcDbCircle
 10
71.24688849377685
 20
3.8101346202693094
 30
0.0
 40
0.37490474980949967
100
AcDbArc
 50
540
 51
360
 0
LWPOLYLINE
  5
8d9
330
1F
100
AcDbEntity
  8
Multi-Layer
100
AcDbPolyline
 90
1
 70
 1
 43
0
 10
70.87198374396735
 20
3.8101346202693094
 10
70.87198374396735
 20
3.8103886207771893
 0
LWPOLYLINE
  5
8da
330
1F
100
AcDbEntity
  8
Multi-Layer
100
AcDbPolyline
 90
1
 70
 1
 43
0
 10
71.62179324358635
 20
3.8101346202693094
 10
71.62179324358635
 20
3.8103886207771893
0
HATCH
5
8db
100
AcDbEntity
8
Multi-Layer
100
AcDbHatch
10
0
20
0
30
0
210
0
220
0
230
1
2
SOLID
70
1
71
0
91
1
92
7
72
0
73
1
93
52
10
71.12192024384035
20
3.285242570485252
10
71.05613411226818
20
3.2895605791211437
10
70.99136398272799
20
3.3017526035051787
10
70.92862585725175
20
3.3223266446532307
10
70.86893573787165
20
3.350266700533439
10
70.81330962661946
20
3.3855727711455756
10
70.76250952501891
20
3.427736855473654
10
70.71729743459491
20
3.475742951485927
10
70.67868935737874
20
3.5290830581660657
10
70.64693929387863
20
3.5867411734824373
10
70.62255524511056
20
3.6482092964185995
10
70.60629921259851
20
3.711963423926818
10
70.5979171958345
20
3.7774955549911056
10
70.5979171958345
20
3.8432816865633868
10
70.60629921259851
20
3.9088138176276743
10
70.62255524511056
20
3.972567945135893
10
70.64693929387863
20
4.033782067564061
10
70.67868935737874
20
4.091694183388313
10
70.71729743459491
20
4.1450342900685655
10
70.76250952501891
20
4.193040386080725
10
70.81330962661946
20
4.235204470408917
10
70.86893573787165
20
4.270510541021167
10
70.92862585725175
20
4.298450596901148
10
70.99136398272799
20
4.31877063754132
10
71.05613411226818
20
4.331216662433349
10
71.12192024384035
20
4.33528067056136
10
71.37185674371358
20
4.33528067056136
10
71.43764287528575
20
4.331216662433349
10
71.50241300482617
20
4.31877063754132
10
71.56515113030241
20
4.298450596901148
10
71.6248412496825
20
4.270510541021167
10
71.6804673609347
20
4.235204470408917
10
71.73126746253502
20
4.193040386080725
10
71.77647955295902
20
4.1450342900685655
10
71.81508763017519
20
4.091694183388313
10
71.84709169418352
20
4.033782067564061
10
71.8712217424436
20
3.972567945135893
10
71.88773177546364
20
3.9088138176276743
10
71.89585979171966
20
3.8432816865633868
10
71.89585979171966
20
3.7774955549911056
10
71.88773177546364
20
3.711963423926818
10
71.8712217424436
20
3.6482092964185995
10
71.84709169418352
20
3.5867411734824373
10
71.81508763017519
20
3.5290830581660657
10
71.77647955295902
20
3.475742951485927
10
71.73126746253502
20
3.427736855473654
10
71.6804673609347
20
3.3855727711455756
10
71.6248412496825
20
3.350266700533439
10
71.56515113030241
20
3.3223266446532307
10
71.50241300482617
20
3.3017526035051787
10
71.43764287528575
20
3.2895605791211437
10
71.37185674371358
20
3.285242570485252
97
1
330

75
0
76
1
47
0.4128176842155181
98
1
10
34.90568961886538
20
22.81183545379326
450
0
451
0
460
0
461
0
452
1
462
1
453
2
463
0
63
5
421
255
463
1
63
7
421
16777215
470
LINEAR
1001
ACAD
1010
0
1020
0
1030
0
  0
CIRCLE
  5
8dc
330
1F
100
AcDbEntity
  8
TopSolderMaskLayer
100
AcDbCircle
 10
116.20500381000761
 20
-11.302997205994302
 30
0.0
 40
0.45883962735667416
0
HATCH
5
8de
100
AcDbEntity
8
TopSolderMaskLayer
100
AcDbHatch
10
0
20
0
30
0
210
0
220
0
230
1
2
SOLID
70
1
71
0
91
1
92
7
72
0
73
1
93
4
10
117.01780625496735
20
-10.490194761034559
10
115.39220300376087
20
-10.490194761034559
10
115.39220300376087
20
-12.115798012241271
10
117.01780625496735
20
-12.115798012241271
97
1
330

75
0
76
1
47
0.4128176842155181
98
1
10
34.90568961886538
20
22.81183545379326
450
0
451
0
460
0
461
0
452
1
462
1
453
2
463
0
63
5
421
255
463
1
63
7
421
16777215
470
LINEAR
1001
ACAD
1010
0
1020
0
1030
0
  0
CIRCLE
  5
8df
330
1F
100
AcDbEntity
  8
BottomSolderMaskLayer
100
AcDbCircle
 10
116.20500381000761
 20
-11.302997205994302
 30
0.0
 40
0.45883962735667416
0
HATCH
5
8e1
100
AcDbEntity
8
BottomSolderMaskLayer
100
AcDbHatch
10
0
20
0
30
0
210
0
220
0
230
1
2
SOLID
70
1
71
0
91
1
92
7
72
0
73
1
93
4
10
117.01780625496735
20
-10.490194761034559
10
115.39220300376087
20
-10.490194761034559
10
115.39220300376087
20
-12.115798012241271
10
117.01780625496735
20
-12.115798012241271
97
1
330

75
0
76
1
47
0.4128176842155181
98
1
10
34.90568961886538
20
22.81183545379326
450
0
451
0
460
0
461
0
452
1
462
1
453
2
463
0
63
5
421
255
463
1
63
7
421
16777215
470
LINEAR
1001
ACAD
1010
0
1020
0
1030
0
  0
CIRCLE
  5
8e2
330
1F
100
AcDbEntity
  8
Multi-Layer
100
AcDbCircle
 10
116.20500381000761
 20
-11.302997205994302
 30
0.0
 40
0.4445008890017781
0
HATCH
5
8e4
100
AcDbEntity
8
Multi-Layer
100
AcDbHatch
10
0
20
0
30
0
210
0
220
0
230
1
2
SOLID
70
1
71
0
91
1
92
7
72
0
73
1
93
4
10
116.99240538481081
20
-10.515595631191218
10
115.41760223520441
20
-10.515595631191218
10
115.41760223520441
20
-12.090398780797614
10
116.99240538481081
20
-12.090398780797614
97
1
330

75
0
76
1
47
0.4128176842155181
98
1
10
34.90568961886538
20
22.81183545379326
450
0
451
0
460
0
461
0
452
1
462
1
453
2
463
0
63
5
421
255
463
1
63
7
421
16777215
470
LINEAR
1001
ACAD
1010
0
1020
0
1030
0
  0
CIRCLE
  5
924
330
1F
100
AcDbEntity
  8
TopSolderMaskLayer
100
AcDbCircle
 10
88.90017780035555
 20
-12.700025400050777
 30
0.0
 40
0.45883962735667416
0
HATCH
5
926
100
AcDbEntity
8
TopSolderMaskLayer
100
AcDbHatch
10
0
20
0
30
0
210
0
220
0
230
1
2
SOLID
70
1
71
0
91
1
92
7
72
0
73
1
93
4
10
88.08737617475208
20
-11.887223774447534
10
89.71297942595902
20
-11.887223774447534
10
89.71297942595902
20
-13.512827025654019
10
88.08737617475208
20
-13.512827025654019
97
1
330

75
0
76
1
47
0.4128176842155181
98
1
10
34.90568961886538
20
22.81183545379326
450
0
451
0
460
0
461
0
452
1
462
1
453
2
463
0
63
5
421
255
463
1
63
7
421
16777215
470
LINEAR
1001
ACAD
1010
0
1020
0
1030
0
  0
CIRCLE
  5
927
330
1F
100
AcDbEntity
  8
BottomSolderMaskLayer
100
AcDbCircle
 10
88.90017780035555
 20
-12.700025400050777
 30
0.0
 40
0.45883962735667416
0
HATCH
5
929
100
AcDbEntity
8
BottomSolderMaskLayer
100
AcDbHatch
10
0
20
0
30
0
210
0
220
0
230
1
2
SOLID
70
1
71
0
91
1
92
7
72
0
73
1
93
4
10
88.08737617475208
20
-11.887223774447534
10
89.71297942595902
20
-11.887223774447534
10
89.71297942595902
20
-13.512827025654019
10
88.08737617475208
20
-13.512827025654019
97
1
330

75
0
76
1
47
0.4128176842155181
98
1
10
34.90568961886538
20
22.81183545379326
450
0
451
0
460
0
461
0
452
1
462
1
453
2
463
0
63
5
421
255
463
1
63
7
421
16777215
470
LINEAR
1001
ACAD
1010
0
1020
0
1030
0
  0
CIRCLE
  5
92a
330
1F
100
AcDbEntity
  8
Multi-Layer
100
AcDbCircle
 10
88.90017780035555
 20
-12.700025400050777
 30
0.0
 40
0.4445008890017781
0
HATCH
5
92c
100
AcDbEntity
8
Multi-Layer
100
AcDbHatch
10
0
20
0
30
0
210
0
220
0
230
1
2
SOLID
70
1
71
0
91
1
92
7
72
0
73
1
93
4
10
88.11277622555235
20
-11.912623825247692
10
89.68757937515898
20
-11.912623825247692
10
89.68757937515898
20
-13.48742697485386
10
88.11277622555235
20
-13.48742697485386
97
1
330

75
0
76
1
47
0.4128176842155181
98
1
10
34.90568961886538
20
22.81183545379326
450
0
451
0
460
0
461
0
452
1
462
1
453
2
463
0
63
5
421
255
463
1
63
7
421
16777215
470
LINEAR
1001
ACAD
1010
0
1020
0
1030
0
  0
CIRCLE
  5
9bf
330
1F
100
AcDbEntity
  8
Multi-Layer
100
AcDbCircle
 10
90.14630429260865
 20
20.763017526035128
 30
0.0
 40
0.30500381000762006
  0
CIRCLE
  5
9c0
330
1F
100
AcDbEntity
  8
Hole
100
AcDbCircle
 10
90.14630429260865
 20
20.763017526035128
 30
0.0
 40
0.15250190500381003
  0
CIRCLE
  5
9c1
330
1F
100
AcDbEntity
  8
Multi-Layer
100
AcDbCircle
 10
83.35839471678946
 20
31.160020320040644
 30
0.0
 40
0.30500381000762006
  0
CIRCLE
  5
9c2
330
1F
100
AcDbEntity
  8
Hole
100
AcDbCircle
 10
83.35839471678946
 20
31.160020320040644
 30
0.0
 40
0.15250190500381003
  0
CIRCLE
  5
9c3
330
1F
100
AcDbEntity
  8
Multi-Layer
100
AcDbCircle
 10
96.9352298704598
 20
17.36423672847343
 30
0.0
 40
0.30500381000762006
  0
CIRCLE
  5
9c4
330
1F
100
AcDbEntity
  8
Hole
100
AcDbCircle
 10
96.9352298704598
 20
17.36423672847343
 30
0.0
 40
0.15250190500381003
  0
CIRCLE
  5
9c5
330
1F
100
AcDbEntity
  8
Multi-Layer
100
AcDbCircle
 10
90.732029464059
 20
18.97409194818397
 30
0.0
 40
0.30500381000762006
  0
CIRCLE
  5
9c6
330
1F
100
AcDbEntity
  8
Hole
100
AcDbCircle
 10
90.732029464059
 20
18.97409194818397
 30
0.0
 40
0.15250190500381003
  0
CIRCLE
  5
9c7
330
1F
100
AcDbEntity
  8
Multi-Layer
100
AcDbCircle
 10
91.43510287020558
 20
-8.925577851155708
 30
0.0
 40
0.30500381000762006
  0
CIRCLE
  5
9c8
330
1F
100
AcDbEntity
  8
Hole
100
AcDbCircle
 10
91.43510287020558
 20
-8.925577851155708
 30
0.0
 40
0.15250190500381003
  0
CIRCLE
  5
9c9
330
1F
100
AcDbEntity
  8
Multi-Layer
100
AcDbCircle
 10
108.69799339598694
 20
5.4861569723140065
 30
0.0
 40
0.30500381000762006
  0
CIRCLE
  5
9ca
330
1F
100
AcDbEntity
  8
Hole
100
AcDbCircle
 10
108.69799339598694
 20
5.4861569723140065
 30
0.0
 40
0.15250190500381003
  0
CIRCLE
  5
9cb
330
1F
100
AcDbEntity
  8
Multi-Layer
100
AcDbCircle
 10
97.97663195326413
 20
-14.493776987553929
 30
0.0
 40
0.30500381000762006
  0
CIRCLE
  5
9cc
330
1F
100
AcDbEntity
  8
Hole
100
AcDbCircle
 10
97.97663195326413
 20
-14.493776987553929
 30
0.0
 40
0.15250190500381003
  0
CIRCLE
  5
9cd
330
1F
100
AcDbEntity
  8
Multi-Layer
100
AcDbCircle
 10
93.98018796037604
 20
0
 30
0.0
 40
2.108204216408433
  0
CIRCLE
  5
9ce
330
1F
100
AcDbEntity
  8
Multi-Layer
100
AcDbCircle
 10
100.33020066040126
 20
0
 30
0.0
 40
1.3750063500127003
  0
CIRCLE
  5
9cf
330
1F
100
AcDbEntity
  8
Multi-Layer
100
AcDbCircle
 10
87.6301752603506
 20
0
 30
0.0
 40
1.3750063500127003
  0
CIRCLE
  5
9d0
330
1F
100
AcDbEntity
  8
Multi-Layer
100
AcDbCircle
 10
75.44856489712993
 20
-18.531623063246116
 30
0.0
 40
1.5875031750063502
  0
CIRCLE
  5
9d1
330
1F
100
AcDbEntity
  8
Multi-Layer
100
AcDbCircle
 10
75.44856489712993
 20
18.531623063246116
 30
0.0
 40
1.5875031750063502
  0
CIRCLE
  5
9d2
330
1F
100
AcDbEntity
  8
Multi-Layer
100
AcDbCircle
 10
112.51181102362193
 20
-18.531623063246116
 30
0.0
 40
1.5875031750063502
  0
CIRCLE
  5
9d3
330
1F
100
AcDbEntity
  8
Multi-Layer
100
AcDbCircle
 10
112.51181102362193
 20
18.531623063246116
 30
0.0
 40
1.5875031750063502
  0
CIRCLE
  5
9d4
330
1F
100
AcDbEntity
  8
Multi-Layer
100
AcDbCircle
 10
93.98018796037604
 20
0
 30
0.0
 40
2.108204216408433
  0
CIRCLE
  5
9d5
330
1F
100
AcDbEntity
  8
Multi-Layer
100
AcDbCircle
 10
100.33020066040126
 20
0
 30
0.0
 40
1.3750063500127003
  0
CIRCLE
  5
9d6
330
1F
100
AcDbEntity
  8
Multi-Layer
100
AcDbCircle
 10
87.6301752603506
 20
0
 30
0.0
 40
1.3750063500127003
  0
CIRCLE
  5
9d7
330
1F
100
AcDbEntity
  8
Multi-Layer
100
AcDbCircle
 10
75.44856489712993
 20
-18.531623063246116
 30
0.0
 40
1.5875031750063502
  0
CIRCLE
  5
9d8
330
1F
100
AcDbEntity
  8
Multi-Layer
100
AcDbCircle
 10
75.44856489712993
 20
18.531623063246116
 30
0.0
 40
1.5875031750063502
  0
CIRCLE
  5
9d9
330
1F
100
AcDbEntity
  8
Multi-Layer
100
AcDbCircle
 10
112.51181102362193
 20
-18.531623063246116
 30
0.0
 40
1.5875031750063502
  0
CIRCLE
  5
9da
330
1F
100
AcDbEntity
  8
Multi-Layer
100
AcDbCircle
 10
112.51181102362193
 20
18.531623063246116
 30
0.0
 40
1.5875031750063502
  0
LWPOLYLINE
  5
9db
330
1F
100
AcDbEntity
  8
BottomLayer
100
AcDbPolyline
 90
12
 70
 1
 43
0
 10
95.37719075438145
 20
16.256032512065076
 10
99.44119888239788
 20
16.256032512065076
 10
99.69519939039878
 20
16.002032004064063
 10
99.69519939039878
 20
13.58902717805438
 10
99.44119888239788
 20
13.335026670053367
 10
92.32918465836929
 20
13.335026670053367
 10
92.07518415036839
 20
13.335026670053367
 10
91.82118364236726
 20
13.58902717805438
 10
91.82118364236726
 20
13.71602743205483
 10
91.82118364236726
 20
16.002032004064063
 10
92.07518415036839
 20
16.256032512065076
 10
93.85318770637537
 20
16.256032512065076
  0
LWPOLYLINE
  5
9dc
330
1F
100
AcDbEntity
  8
TopLayer
100
AcDbPolyline
 90
12
 70
 1
 43
0
 10
95.37719075438145
 20
16.256032512065076
 10
99.44119888239788
 20
16.256032512065076
 10
99.69519939039878
 20
16.002032004064063
 10
99.69519939039878
 20
13.58902717805438
 10
99.44119888239788
 20
13.335026670053367
 10
92.32918465836929
 20
13.335026670053367
 10
92.07518415036839
 20
13.335026670053367
 10
91.82118364236726
 20
13.58902717805438
 10
91.82118364236726
 20
13.71602743205483
 10
91.82118364236726
 20
16.002032004064063
 10
92.07518415036839
 20
16.256032512065076
 10
93.85318770637537
 20
16.256032512065076
  0
LWPOLYLINE
  5
9dd
330
1F
100
AcDbEntity
  8
Multi-Layer
100
AcDbPolyline
 90
11
 70
 1
 43
0
 10
104.71148082296168
 20
-4.508483616967169
 10
104.71148082296168
 20
-3.2384810769621026
 10
104.9654813309628
 20
-2.9844805689610894
 10
108.14048768097541
 20
-2.9844805689610894
 10
111.18849377698757
 20
-2.9844805689610894
 10
111.4424942849887
 20
-3.2384810769621026
 10
111.4424942849887
 20
-5.143484886969759
 10
111.12499364998735
 20
-5.397485394970772
 10
104.9654813309628
 20
-5.397485394970772
 10
104.71148082296168
 20
-5.270485140970209
 10
104.71148082296168
 20
-4.762484124968182
  0
LWPOLYLINE
  5
9de
330
1F
100
AcDbEntity
  8
Multi-Layer
100
AcDbPolyline
 90
11
 70
 1
 43
0
 10
125.66675133350259
 20
-8.191516383032763
 10
125.66675133350259
 20
-9.46151892303783
 10
125.41275082550169
 20
-9.715519431038842
 10
122.23774447548908
 20
-9.715519431038842
 10
119.1897383794767
 20
-9.715519431038842
 10
118.9357378714758
 20
-9.46151892303783
 10
118.9357378714758
 20
-7.556515113030173
 10
119.25323850647715
 20
-7.30251460502916
 10
125.41275082550169
 20
-7.30251460502916
 10
125.66675133350259
 20
-7.429514859029723
 10
125.66675133350259
 20
-7.93751587503175
0
HATCH
5
9e0
100
AcDbEntity
8
Document
100
AcDbHatch
10
0
20
0
30
0
210
0
220
0
230
1
2
SOLID
70
1
71
0
91
1
92
7
72
0
73
1
93
4
10
81.46215392430804
20
1.3899669799340018
10
77.65214630429273
20
1.3899669799340018
10
77.65214630429273
20
1.1359664719329885
10
81.46215392430804
20
1.1359664719329885
97
1
330

75
0
76
1
47
0.4128176842155181
98
1
10
34.90568961886538
20
22.81183545379326
450
0
451
0
460
0
461
0
452
1
462
1
453
2
463
0
63
5
421
255
463
1
63
7
421
16777215
470
LINEAR
1001
ACAD
1010
0
1020
0
1030
0
0
HATCH
5
9e2
100
AcDbEntity
8
Document
100
AcDbHatch
10
0
20
0
30
0
210
0
220
0
230
1
2
SOLID
70
1
71
0
91
1
92
7
72
0
73
1
93
4
10
81.33515367030759
20
-3.690043180086377
10
77.52514605029228
20
-3.690043180086377
10
77.52514605029228
20
-3.9440436880873904
10
81.33515367030759
20
-3.9440436880873904
97
1
330

75
0
76
1
47
0.4128176842155181
98
1
10
34.90568961886538
20
22.81183545379326
450
0
451
0
460
0
461
0
452
1
462
1
453
2
463
0
63
5
421
255
463
1
63
7
421
16777215
470
LINEAR
1001
ACAD
1010
0
1020
0
1030
0
  0
ENDSEC
  0
SECTION
  2
OBJECTS
  0
DICTIONARY
  5
C
330
0
100
AcDbDictionary
281
     1
  3
ACAD_CIP_PREVIOUS_PRODUCT_INFO
350
216
  3
ACAD_COLOR
350
6B
  3
ACAD_DETAILVIEWSTYLE
350
21B
  3
ACAD_GROUP
350
D
  3
ACAD_LAYOUT
350
1A
  3
ACAD_MATERIAL
350
6A
  3
ACAD_MLEADERSTYLE
350
12D
  3
ACAD_MLINESTYLE
350
17
  3
ACAD_PLOTSETTINGS
350
19
  3
ACAD_PLOTSTYLENAME
350
E
  3
ACAD_SCALELIST
350
10C
  3
ACAD_SECTIONVIEWSTYLE
350
219
  3
ACAD_TABLESTYLE
350
7E
  3
ACAD_VISUALSTYLE
350
EF
  3
ACDB_RECOMPOSE_DATA
350
27D
  3
AcDbVariableDictionary
350
5E
  3
AcDsDecomposeData
350
283
  0
DICTIONARY
  5
1FF
330
2
100
AcDbDictionary
280
     1
281
     1
  3
ACAD_LAYERSTATES
360
200
  0
DICTIONARY
  5
13C
330
10
100
AcDbDictionary
280
     1
281
     1
  0
DICTIONARY
  5
1CE
330
1F
100
AcDbDictionary
280
     1
281
     1
  0
XRECORD
  5
216
102
{ACAD_REACTORS
330
C
102
}
330
C
100
AcDbXrecord
280
     1
300
ACD
300
2017
300
ACD_F_S
  0
DICTIONARY
  5
6B
102
{ACAD_REACTORS
330
C
102
}
330
C
100
AcDbDictionary
281
     1
  0
DICTIONARY
  5
21B
102
{ACAD_REACTORS
330
C
102
}
330
C
100
AcDbDictionary
281
     1
  3
Metric50
350
21C
  0
DICTIONARY
  5
D
102
{ACAD_REACTORS
330
C
102
}
330
C
100
AcDbDictionary
281
     1
  0
DICTIONARY
  5
1A
102
{ACAD_REACTORS
330
C
102
}
330
C
100
AcDbDictionary
281
     1
  3
Model
350
22
  3
布局1
350
D3
  3
布局2
350
D7
  0
DICTIONARY
  5
6A
102
{ACAD_REACTORS
330
C
102
}
330
C
100
AcDbDictionary
281
     1
  3
ByBlock
350
ED
  3
ByLayer
350
EC
  3
Global
350
EE
  0
DICTIONARY
  5
12D
102
{ACAD_REACTORS
330
C
102
}
330
C
100
AcDbDictionary
281
     1
  3
Annotative
350
13B
  3
Standard
350
12E
  0
DICTIONARY
  5
17
102
{ACAD_REACTORS
330
C
102
}
330
C
100
AcDbDictionary
281
     1
  3
Standard
350
18
  0
DICTIONARY
  5
19
102
{ACAD_REACTORS
330
C
102
}
330
C
100
AcDbDictionary
281
     1
  0
ACDBDICTIONARYWDFLT
  5
E
102
{ACAD_REACTORS
330
C
102
}
330
C
100
AcDbDictionary
281
     1
  3
Normal
350
F
100
AcDbDictionaryWithDefault
340
F
  0
DICTIONARY
  5
10C
102
{ACAD_REACTORS
330
C
102
}
330
C
100
AcDbDictionary
281
     1
  3
A0
350
10D
  3
A1
350
1BE
  3
A2
350
1BF
  3
A3
350
1C0
  3
A4
350
1C1
  3
A5
350
1C2
  3
A6
350
1C3
  3
A7
350
1C4
  3
A8
350
1C5
  3
A9
350
1C6
  3
B0
350
1C7
  3
B1
350
1C8
  3
B2
350
1C9
  3
B3
350
1CA
  3
B4
350
1CB
  3
B5
350
1CC
  3
B6
350
1CD
  0
DICTIONARY
  5
219
102
{ACAD_REACTORS
330
C
102
}
330
C
100
AcDbDictionary
281
     1
  3
Metric50
350
21A
  0
DICTIONARY
  5
7E
102
{ACAD_REACTORS
330
C
102
}
330
C
100
AcDbDictionary
281
     1
  3
Standard
350
7F
  0
DICTIONARY
  5
EF
102
{ACAD_REACTORS
330
C
102
}
330
C
100
AcDbDictionary
281
     1
  3
2dWireframe
350
F5
  3
Basic
350
F4
  3
Brighten
350
FB
  3
ColorChange
350
FF
  3
Conceptual
350
F8
  3
Dim
350
FA
  3
EdgeColorOff
350
1E6
  3
Facepattern
350
FE
  3
Flat
350
F0
  3
FlatWithEdges
350
F1
  3
Gouraud
350
F2
  3
GouraudWithEdges
350
F3
  3
Hidden
350
F7
  3
JitterOff
350
1E4
  3
Linepattern
350
FD
  3
OverhangOff
350
1E5
  3
Realistic
350
F9
  3
Shaded
350
1F3
  3
Shaded with edges
350
1F2
  3
Shades of Gray
350
1EF
  3
Sketchy
350
1F0
  3
Thicken
350
FC
  3
Wireframe
350
F6
  3
X-Ray
350
1F1
  0
XRECORD
  5
27D
102
{ACAD_REACTORS
330
C
102
}
330
C
100
AcDbXrecord
280
     1
 90
        1
330
7F
  0
DICTIONARY
  5
5E
102
{ACAD_REACTORS
330
C
102
}
330
C
100
AcDbDictionary
281
     1
  3
CANNOSCALE
350
146
  3
CENTEREXE
350
259
  3
CENTERLTYPEFILE
350
25A
  3
CMLEADERSTYLE
350
145
  3
CTABLESTYLE
350
84
  3
CVIEWDETAILSTYLE
350
227
  3
CVIEWSECTIONSTYLE
350
228
  3
DIMASSOC
350
5F
  3
HIDETEXT
350
63
  3
LAYEREVAL
350
1AE
  3
LAYERNOTIFY
350
1AF
  3
XCLIPFRAME
350
27B
  0
DICTIONARY
  5
283
102
{ACAD_REACTORS
330
C
102
}
330
C
100
AcDbDictionary
281
     1
  3
AcDsRecords
350
285
  3
AcDsSchemas
350
284
1001
ACAD
1070
     2
  0
DICTIONARY
  5
200
102
{ACAD_REACTORS
330
1FF
102
}
330
1FF
100
AcDbDictionary
281
     1
  0
ACDBDETAILVIEWSTYLE
  5
21C
102
{ACAD_XDICTIONARY
360
236
102
}
102
{ACAD_REACTORS
330
21B
102
}
330
21B
100
AcDbModelDocViewStyle
 70
     0
  3
Metric50
290
     0
100
AcDbDetailViewStyle
 70
     0
 71
     0
 90
        3
 71
     1
340
11
 62
   256
 40
5.0
340
0
 62
   256
 40
5.0
300

 40
0.0
280
     1
 71
     2
340
16
 90
       25
 62
   256
 71
     3
340
11
 62
   256
 40
5.0
 90
        0
 40
15.0
 90
        1
300
%<AcVar ViewDetailId>% (%<AcVar ViewScale  "%sn">%)
 71
     4
340
16
 90
       25
 62
   256
340
16
 90
       25
 62
   256
280
     0
  0
LAYOUT
  5
22
102
{ACAD_XDICTIONARY
360
205
102
}
102
{ACAD_REACTORS
330
1A
102
}
330
1A
100
AcDbPlotSettings
  1

  2
none_device
  4
ISO_A4_(210.00_x_297.00_MM)
  6

 40
7.5
 41
20.0
 42
7.5
 43
20.0
 44
210.0
 45
297.0
 46
11.54999923706054
 47
-13.65000009536743
 48
0.0
 49
0.0
140
0.0
141
0.0
142
1.0
143
8.704084754739808
 70
 11952
 72
     1
 73
     0
 74
     0
  7

 75
     0
147
0.1148885871608098
 76
     0
 77
     2
 78
   300
148
0.0
149
0.0
100
AcDbLayout
  1
Model
 70
     1
 71
     0
 10
0.0
 20
0.0
 11
12.0
 21
9.0
 12
0.0
 22
0.0
 32
0.0
 14
0.0
 24
0.0
 34
0.0
 15
0.0
 25
0.0
 35
0.0
146
0.0
 13
0.0
 23
0.0
 33
0.0
 16
1.0
 26
0.0
 36
0.0
 17
0.0
 27
1.0
 37
0.0
 76
     0
330
1F
331
EA
1001
ACAD_PSEXT
1000
None
1000
None
1000
Not applicable
1000
The layout will not be plotted unless a new plotter configuration name is selected.
1070
     0
  0
LAYOUT
  5
D3
102
{ACAD_REACTORS
330
1A
102
}
330
1A
100
AcDbPlotSettings
  1

  2
C:Documents and SettingsasasApplication DataAutodeskAutoCAD 2005R16.1enuplottersDefault Windows System Printer.pc3
  4

  6

 40
0.0
 41
0.0
 42
0.0
 43
0.0
 44
0.0
 45
0.0
 46
0.0
 47
0.0
 48
0.0
 49
0.0
140
0.0
141
0.0
142
1.0
143
1.0
 70
   688
 72
     0
 73
     0
 74
     5
  7

 75
    16
147
1.0
 76
     0
 77
     2
 78
   300
148
0.0
149
0.0
100
AcDbLayout
  1
布局1
 70
     1
 71
     1
 10
0.0
 20
0.0
 11
12.0
 21
9.0
 12
0.0
 22
0.0
 32
0.0
 14
0.0
 24
0.0
 34
0.0
 15
0.0
 25
0.0
 35
0.0
146
0.0
 13
0.0
 23
0.0
 33
0.0
 16
1.0
 26
0.0
 36
0.0
 17
0.0
 27
1.0
 37
0.0
 76
     0
330
D2
  0
LAYOUT
  5
D7
102
{ACAD_REACTORS
330
1A
102
}
330
1A
100
AcDbPlotSettings
  1

  2
C:Documents and SettingsasasApplication DataAutodeskAutoCAD 2005R16.1enuplottersDefault Windows System Printer.pc3
  4

  6

 40
0.0
 41
0.0
 42
0.0
 43
0.0
 44
0.0
 45
0.0
 46
0.0
 47
0.0
 48
0.0
 49
0.0
140
0.0
141
0.0
142
1.0
143
1.0
 70
   688
 72
     0
 73
     0
 74
     5
  7

 75
    16
147
1.0
 76
     0
 77
     2
 78
   300
148
0.0
149
0.0
100
AcDbLayout
  1
布局2
 70
     1
 71
     2
 10
0.0
 20
0.0
 11
12.0
 21
9.0
 12
0.0
 22
0.0
 32
0.0
 14
0.0
 24
0.0
 34
0.0
 15
0.0
 25
0.0
 35
0.0
146
0.0
 13
0.0
 23
0.0
 33
0.0
 16
1.0
 26
0.0
 36
0.0
 17
0.0
 27
1.0
 37
0.0
 76
     0
330
D6
  0
MATERIAL
  5
ED
102
{ACAD_XDICTIONARY
360
1F9
102
}
102
{ACAD_REACTORS
330
6A
102
}
330
6A
100
AcDbMaterial
  1
ByBlock
 94
       63
  0
MATERIAL
  5
EC
102
{ACAD_XDICTIONARY
360
1F7
102
}
102
{ACAD_REACTORS
330
6A
102
}
330
6A
100
AcDbMaterial
  1
ByLayer
 94
       63
  0
MATERIAL
  5
EE
102
{ACAD_XDICTIONARY
360
173
102
}
102
{ACAD_REACTORS
330
6A
102
}
330
6A
100
AcDbMaterial
  1
Global
 43
0.0007999999797903
 43
0.0
 43
0.0
 43
0.0
 43
0.0
 43
0.0007999999797903
 43
0.0
 43
0.0
 43
0.0
 43
0.0
 43
1.0
 43
0.0
 43
0.0
 43
0.0
 43
0.0
 43
1.0
 49
0.0007999999797903
 49
0.0
 49
0.0
 49
0.0
 49
0.0
 49
0.0007999999797903
 49
0.0
 49
0.0
 49
0.0
 49
0.0
 49
1.0
 49
0.0
 49
0.0
 49
0.0
 49
0.0
 49
1.0
142
0.0007999999797903
142
0.0
142
0.0
142
0.0
142
0.0
142
0.0007999999797903
142
0.0
142
0.0
142
0.0
142
0.0
142
1.0
142
0.0
142
0.0
142
0.0
142
0.0
142
1.0
144
0.0007999999797903
144
0.0
144
0.0
144
0.0
144
0.0
144
0.0007999999797903
144
0.0
144
0.0
144
0.0
144
0.0
144
1.0
144
0.0
144
0.0
144
0.0
144
0.0
144
1.0
 94
       63
1001
ACAD
1070
    -1
1070
     3
1070
     0
1000

1071
        0
1070
     0
  0
MLEADERSTYLE
  5
13B
102
{ACAD_REACTORS
330
12D
102
}
330
12D
100
AcDbMLeaderStyle
170
     2
171
     1
172
     0
 90
        2
 40
0.0
 41
0.0
173
     1
 91
-1056964608
340
14
 92
       -2
290
     1
 42
2.0
291
     1
 43
8.0
  3
Standard
 44
4.0
300

342
11
174
     1
178
     1
175
     1
176
     0
 93
-1056964608
 45
4.0
292
     0
297
     0
 46
4.0
 94
-1056964608
 47
1.0
 49
1.0
140
1.0
293
     1
141
0.0
294
     1
177
     0
142
1.0
295
     0
296
     1
143
3.75
1001
ACAD_MLEADERVER
1070
     2
  0
MLEADERSTYLE
  5
12E
102
{ACAD_REACTORS
330
12D
102
}
330
12D
100
AcDbMLeaderStyle
170
     2
171
     1
172
     0
 90
        2
 40
0.0
 41
0.0
173
     1
 91
-1056964608
340
14
 92
       -2
290
     1
 42
2.0
291
     1
 43
8.0
  3
Standard
 44
4.0
300

342
11
174
     1
178
     1
175
     1
176
     0
 93
-1056964608
 45
4.0
292
     0
297
     0
 46
4.0
 94
-1056964608
 47
1.0
 49
1.0
140
1.0
293
     1
141
0.0
294
     1
177
     0
142
1.0
295
     0
296
     0
143
3.75
1001
ACAD_MLEADERVER
1070
     2
  0
MLINESTYLE
  5
18
102
{ACAD_REACTORS
330
17
102
}
330
17
100
AcDbMlineStyle
  2
STANDARD
 70
     0
  3

 62
   256
 51
90.0
 52
90.0
 71
     2
 49
0.5
 62
   256
  6
BYLAYER
 49
-0.5
 62
   256
  6
BYLAYER
  0
ACDBPLACEHOLDER
  5
F
102
{ACAD_REACTORS
330
E
102
}
330
E
  0
SCALE
  5
10D
102
{ACAD_REACTORS
330
10C
102
}
330
10C
100
AcDbScale
 70
     0
300
1:1
140
1.0
141
1.0
290
     1
  0
SCALE
  5
1BE
102
{ACAD_REACTORS
330
10C
102
}
330
10C
100
AcDbScale
 70
     0
300
1:2
140
1.0
141
2.0
290
     0
  0
SCALE
  5
1BF
102
{ACAD_REACTORS
330
10C
102
}
330
10C
100
AcDbScale
 70
     0
300
1:4
140
1.0
141
4.0
290
     0
  0
SCALE
  5
1C0
102
{ACAD_REACTORS
330
10C
102
}
330
10C
100
AcDbScale
 70
     0
300
1:5
140
1.0
141
5.0
290
     0
  0
SCALE
  5
1C1
102
{ACAD_REACTORS
330
10C
102
}
330
10C
100
AcDbScale
 70
     0
300
1:8
140
1.0
141
8.0
290
     0
  0
SCALE
  5
1C2
102
{ACAD_REACTORS
330
10C
102
}
330
10C
100
AcDbScale
 70
     0
300
1:10
140
1.0
141
10.0
290
     0
  0
SCALE
  5
1C3
102
{ACAD_REACTORS
330
10C
102
}
330
10C
100
AcDbScale
 70
     0
300
1:16
140
1.0
141
16.0
290
     0
  0
SCALE
  5
1C4
102
{ACAD_REACTORS
330
10C
102
}
330
10C
100
AcDbScale
 70
     0
300
1:20
140
1.0
141
20.0
290
     0
  0
SCALE
  5
1C5
102
{ACAD_REACTORS
330
10C
102
}
330
10C
100
AcDbScale
 70
     0
300
1:30
140
1.0
141
30.0
290
     0
  0
SCALE
  5
1C6
102
{ACAD_REACTORS
330
10C
102
}
330
10C
100
AcDbScale
 70
     0
300
1:40
140
1.0
141
40.0
290
     0
  0
SCALE
  5
1C7
102
{ACAD_REACTORS
330
10C
102
}
330
10C
100
AcDbScale
 70
     0
300
1:50
140
1.0
141
50.0
290
     0
  0
SCALE
  5
1C8
102
{ACAD_REACTORS
330
10C
102
}
330
10C
100
AcDbScale
 70
     0
300
1:100
140
1.0
141
100.0
290
     0
  0
SCALE
  5
1C9
102
{ACAD_REACTORS
330
10C
102
}
330
10C
100
AcDbScale
 70
     0
300
2:1
140
2.0
141
1.0
290
     0
  0
SCALE
  5
1CA
102
{ACAD_REACTORS
330
10C
102
}
330
10C
100
AcDbScale
 70
     0
300
4:1
140
4.0
141
1.0
290
     0
  0
SCALE
  5
1CB
102
{ACAD_REACTORS
330
10C
102
}
330
10C
100
AcDbScale
 70
     0
300
8:1
140
8.0
141
1.0
290
     0
  0
SCALE
  5
1CC
102
{ACAD_REACTORS
330
10C
102
}
330
10C
100
AcDbScale
 70
     0
300
10:1
140
10.0
141
1.0
290
     0
  0
SCALE
  5
1CD
102
{ACAD_REACTORS
330
10C
102
}
330
10C
100
AcDbScale
 70
     0
300
100:1
140
100.0
141
1.0
290
     0
  0
ACDBSECTIONVIEWSTYLE
  5
21A
102
{ACAD_XDICTIONARY
360
234
102
}
102
{ACAD_REACTORS
330
219
102
}
330
219
100
AcDbModelDocViewStyle
 70
     0
  3
Metric50
290
     0
100
AcDbSectionViewStyle
 70
     0
 71
     0
 90
      102
 71
     1
340
11
 62
   256
 40
5.0
340
0
340
0
 62
   256
 40
5.0
300
I, O, Q, S, X, Z
 40
10.0
 90
        0
 40
2.5
 90
        0
 71
     2
340
16
 90
       25
 62
   256
340
16
 90
       50
 62
   256
 40
5.0
 40
2.5
 40
5.0
 71
     3
340
11
 62
   256
 40
5.0
 90
        0
 40
15.0
 90
        1
300
%<AcVar ViewSectionStartId>%-%<AcVar ViewSectionEndId>% (%<AcVar ViewScale  "%sn">%)
 71
     4
 62
   256
 62
   257
300
ANSI31
 40
1.0
 90
        0
290
     0
290
     0
 90
        6
 40
0.0
 40
1.570796326794896
 40
0.2617993877991494
 40
1.308996938995747
 40
-0.2617993877991494
 40
1.832595714594046
  0
TABLESTYLE
  5
7F
102
{ACAD_XDICTIONARY
360
162
102
}
102
{ACAD_REACTORS
330
7E
102
}
330
7E
100
AcDbTableStyle
  3
Standard
 70
     0
 71
     0
 40
1.5
 41
1.5
280
     0
281
     0
  7
Standard
140
4.5
170
     2
 62
     0
 63
     7
283
     0
 90
      512
 91
        0
  1

274
    -2
284
     1
 64
     0
275
    -2
285
     1
 65
     0
276
    -2
286
     1
 66
     0
277
    -2
287
     1
 67
     0
278
    -2
288
     1
 68
     0
279
    -2
289
     1
 69
     0
  7
Standard
140
6.0
170
     5
 62
     0
 63
     7
283
     0
 90
      512
 91
        0
  1

274
    -2
284
     1
 64
     0
275
    -2
285
     1
 65
     0
276
    -2
286
     1
 66
     0
277
    -2
287
     1
 67
     0
278
    -2
288
     1
 68
     0
279
    -2
289
     1
 69
     0
  7
Standard
140
4.5
170
     5
 62
     0
 63
     7
283
     0
 90
      512
 91
        0
  1

274
    -2
284
     1
 64
     0
275
    -2
285
     1
 65
     0
276
    -2
286
     1
 66
     0
277
    -2
287
     1
 67
     0
278
    -2
288
     1
 68
     0
279
    -2
289
     1
 69
     0
  0
VISUALSTYLE
  5
F5
102
{ACAD_XDICTIONARY
360
290
102
}
102
{ACAD_REACTORS
330
EF
102
}
330
EF
100
AcDbVisualStyle
  2
2dWireframe
 70
     4
 71
     0
 72
     2
 73
     1
 90
        0
 40
-0.6
 41
-30.0
 62
     5
 63
     7
421
 16777215
 74
     1
 91
        4
 64
     7
 65
   257
 75
     1
175
     1
 42
1.0
 92
        0
 66
   257
 43
1.0
 76
     1
 77
     6
 78
     2
 67
     7
 79
     5
170
     0
171
     0
290
     0
174
     0
 93
        1
 44
0.0
173
     0
291
     0
 45
0.0
1001
ACAD
1000
AcDbSavedByObjectVersion
1070
     0
  0
VISUALSTYLE
  5
F4
102
{ACAD_XDICTIONARY
360
28E
102
}
102
{ACAD_REACTORS
330
EF
102
}
330
EF
100
AcDbVisualStyle
  2
Basic
 70
     7
 71
     1
 72
     0
 73
     1
 90
        0
 40
-0.6
 41
-30.0
 62
     5
 63
     7
421
 16777215
 74
     0
 91
        4
 64
     7
 65
   257
 75
     1
175
     1
 42
1.0
 92
        8
 66
     7
 43
1.0
 76
     1
 77
     6
 78
     2
 67
     7
 79
     5
170
     0
171
     0
290
     0
174
     0
 93
        1
 44
0.0
173
     0
291
     1
 45
0.0
1001
ACAD
1000
AcDbSavedByObjectVersion
1070
     0
  0
VISUALSTYLE
  5
FB
102
{ACAD_XDICTIONARY
360
29C
102
}
102
{ACAD_REACTORS
330
EF
102
}
330
EF
100
AcDbVisualStyle
  2
Brighten
 70
    12
 71
     2
 72
     2
 73
     1
 90
        0
 40
-0.6
 41
-30.0
 62
     5
 63
     7
421
 16777215
 74
     1
 91
        4
 64
     7
 65
   257
 75
     1
175
     1
 42
1.0
 92
        8
 66
     7
 43
1.0
 76
     1
 77
     6
 78
     2
 67
     7
 79
     5
170
     0
171
     0
290
     0
174
     0
 93
        1
 44
50.0
173
     0
291
     1
 45
0.0
1001
ACAD
1000
AcDbSavedByObjectVersion
1070
     0
  0
VISUALSTYLE
  5
FF
102
{ACAD_XDICTIONARY
360
2A4
102
}
102
{ACAD_REACTORS
330
EF
102
}
330
EF
100
AcDbVisualStyle
  2
ColorChange
 70
    16
 71
     2
 72
     2
 73
     3
 90
        0
 40
-0.6
 41
-30.0
 62
     5
 63
     8
421
  8421504
 74
     1
 91
        4
 64
     7
 65
   257
 75
     1
175
     1
 42
1.0
 92
        8
 66
     8
424
  8421504
 43
1.0
 76
     1
 77
     6
 78
     2
 67
     7
 79
     5
170
     0
171
     0
290
     0
174
     0
 93
        1
 44
0.0
173
     0
291
     1
 45
0.0
1001
ACAD
1000
AcDbSavedByObjectVersion
1070
     0
  0
VISUALSTYLE
  5
F8
102
{ACAD_XDICTIONARY
360
296
102
}
102
{ACAD_REACTORS
330
EF
102
}
330
EF
100
AcDbVisualStyle
  2
Conceptual
 70
     9
 71
     3
 72
     2
 73
     1
 90
        0
 40
-0.6
 41
-30.0
 62
     5
 63
     7
421
 16777215
 74
     2
 91
        2
 64
     7
 65
   257
 75
     1
175
     1
 42
40.0
 92
        8
 66
     7
 43
1.0
 76
     1
 77
     6
 78
     2
 67
     7
 79
     3
170
     0
171
     0
290
     0
174
     0
 93
        1
 44
0.0
173
     0
291
     0
 45
0.0
1001
ACAD
1000
AcDbSavedByObjectVersion
1070
     0
  0
VISUALSTYLE
  5
FA
102
{ACAD_XDICTIONARY
360
29A
102
}
102
{ACAD_REACTORS
330
EF
102
}
330
EF
100
AcDbVisualStyle
  2
Dim
 70
    11
 71
     2
 72
     2
 73
     1
 90
        0
 40
-0.6
 41
-30.0
 62
     5
 63
     7
421
 16777215
 74
     1
 91
        4
 64
     7
 65
   257
 75
     1
175
     1
 42
1.0
 92
        8
 66
     7
 43
1.0
 76
     1
 77
     6
 78
     2
 67
     7
 79
     5
170
     0
171
     0
290
     0
174
     0
 93
        1
 44
-50.0
173
     0
291
     1
 45
0.0
1001
ACAD
1000
AcDbSavedByObjectVersion
1070
     0
  0
VISUALSTYLE
  5
1E6
102
{ACAD_XDICTIONARY
360
2AA
102
}
102
{ACAD_REACTORS
330
EF
102
}
330
EF
100
AcDbVisualStyle
  2
EdgeColorOff
 70
    22
 71
     2
 72
     2
 73
     0
 90
        0
 40
-0.6
 41
-30.0
 62
     5
 63
     7
421
 16777215
 74
     1
 91
        4
 64
     7
 65
   257
 75
     1
175
     1
 42
1.0
 92
        8
 66
     7
 43
1.0
 76
     1
 77
     6
 78
     2
 67
     7
 79
     5
170
     0
171
     0
290
     0
174
     0
 93
        1
 44
0.0
173
     0
291
     1
 45
0.0
1001
ACAD
1000
AcDbSavedByObjectVersion
1070
     0
  0
VISUALSTYLE
  5
FE
102
{ACAD_XDICTIONARY
360
2A2
102
}
102
{ACAD_REACTORS
330
EF
102
}
330
EF
100
AcDbVisualStyle
  2
Facepattern
 70
    15
 71
     2
 72
     2
 73
     1
 90
        0
 40
-0.6
 41
-30.0
 62
     5
 63
     7
421
 16777215
 74
     1
 91
        4
 64
     7
 65
   257
 75
     1
175
     1
 42
1.0
 92
        8
 66
     7
 43
1.0
 76
     1
 77
     6
 78
     2
 67
     7
 79
     5
170
     0
171
     0
290
     0
174
     0
 93
        1
 44
0.0
173
     0
291
     1
 45
0.0
1001
ACAD
1000
AcDbSavedByObjectVersion
1070
     0
  0
VISUALSTYLE
  5
F0
102
{ACAD_XDICTIONARY
360
286
102
}
102
{ACAD_REACTORS
330
EF
102
}
330
EF
100
AcDbVisualStyle
  2
Flat
 70
     0
 71
     2
 72
     1
 73
     1
 90
        2
 40
-0.6
 41
30.0
 62
     5
 63
     7
421
 16777215
 74
     0
 91
        0
 64
     7
 65
   257
 75
     1
175
     1
 42
1.0
 92
        8
 66
     7
 43
1.0
 76
     1
 77
     6
 78
     2
 67
     7
 79
     5
170
     0
171
     0
290
     0
174
     0
 93
       13
 44
0.0
173
     0
291
     1
 45
0.0
1001
ACAD
1000
AcDbSavedByObjectVersion
1070
     0
  0
VISUALSTYLE
  5
F1
102
{ACAD_XDICTIONARY
360
288
102
}
102
{ACAD_REACTORS
330
EF
102
}
330
EF
100
AcDbVisualStyle
  2
FlatWithEdges
 70
     1
 71
     2
 72
     1
 73
     1
 90
        2
 40
-0.6
 41
30.0
 62
     5
 63
     7
421
 16777215
 74
     1
 91
        0
 64
     7
 65
   257
 75
     1
175
     1
 42
1.0
 92
        0
 66
   257
 43
1.0
 76
     1
 77
     6
 78
     2
 67
     7
 79
     5
170
     0
171
     0
290
     0
174
     0
 93
       13
 44
0.0
173
     0
291
     1
 45
0.0
1001
ACAD
1000
AcDbSavedByObjectVersion
1070
     0
  0
VISUALSTYLE
  5
F2
102
{ACAD_XDICTIONARY
360
28A
102
}
102
{ACAD_REACTORS
330
EF
102
}
330
EF
100
AcDbVisualStyle
  2
Gouraud
 70
     2
 71
     2
 72
     2
 73
     1
 90
        2
 40
-0.6
 41
30.0
 62
     5
 63
     7
421
 16777215
 74
     0
 91
        0
 64
     7
 65
   257
 75
     1
175
     1
 42
1.0
 92
        0
 66
     7
 43
1.0
 76
     1
 77
     6
 78
     2
 67
     7
 79
     5
170
     0
171
     0
290
     0
174
     0
 93
       13
 44
0.0
173
     0
291
     1
 45
0.0
1001
ACAD
1000
AcDbSavedByObjectVersion
1070
     0
  0
VISUALSTYLE
  5
F3
102
{ACAD_XDICTIONARY
360
28C
102
}
102
{ACAD_REACTORS
330
EF
102
}
330
EF
100
AcDbVisualStyle
  2
GouraudWithEdges
 70
     3
 71
     2
 72
     2
 73
     1
 90
        2
 40
-0.6
 41
30.0
 62
     5
 63
     7
421
 16777215
 74
     1
 91
        0
 64
     7
 65
   257
 75
     1
175
     1
 42
1.0
 92
        0
 66
   257
 43
1.0
 76
     1
 77
     6
 78
     2
 67
     7
 79
     5
170
     0
171
     0
290
     0
174
     0
 93
       13
 44
0.0
173
     0
291
     1
 45
0.0
1001
ACAD
1000
AcDbSavedByObjectVersion
1070
     0
  0
VISUALSTYLE
  5
F7
102
{ACAD_XDICTIONARY
360
294
102
}
102
{ACAD_REACTORS
330
EF
102
}
330
EF
100
AcDbVisualStyle
  2
Hidden
 70
     6
 71
     1
 72
     2
 73
     2
 90
        0
 40
-0.6
 41
-30.0
 62
     5
 63
     7
421
 16777215
 74
     2
 91
        2
 64
     7
 65
   257
 75
     2
175
     1
 42
40.0
 92
        0
 66
   257
 43
1.0
 76
     1
 77
     6
 78
     2
 67
     7
 79
     3
170
     0
171
     0
290
     0
174
     0
 93
        1
 44
0.0
173
     0
291
     0
 45
0.0
1001
ACAD
1000
AcDbSavedByObjectVersion
1070
     0
  0
VISUALSTYLE
  5
1E4
102
{ACAD_XDICTIONARY
360
2A6
102
}
102
{ACAD_REACTORS
330
EF
102
}
330
EF
100
AcDbVisualStyle
  2
JitterOff
 70
    20
 71
     2
 72
     2
 73
     0
 90
        0
 40
-0.6
 41
-30.0
 62
     5
 63
     7
421
 16777215
 74
     1
 91
        4
 64
     7
 65
   257
 75
     1
175
     1
 42
1.0
 92
       10
 66
     7
 43
1.0
 76
     1
 77
     6
 78
     2
 67
     7
 79
     5
170
     0
171
     0
290
     0
174
     0
 93
        1
 44
0.0
173
     0
291
     1
 45
0.0
1001
ACAD
1000
AcDbSavedByObjectVersion
1070
     0
  0
VISUALSTYLE
  5
FD
102
{ACAD_XDICTIONARY
360
2A0
102
}
102
{ACAD_REACTORS
330
EF
102
}
330
EF
100
AcDbVisualStyle
  2
Linepattern
 70
    14
 71
     2
 72
     2
 73
     1
 90
        0
 40
-0.6
 41
-30.0
 62
     5
 63
     7
421
 16777215
 74
     1
 91
        4
 64
     7
 65
   257
 75
     7
175
     7
 42
1.0
 92
        8
 66
     7
 43
1.0
 76
     1
 77
     6
 78
     2
 67
     7
 79
     5
170
     0
171
     0
290
     0
174
     0
 93
        1
 44
0.0
173
     0
291
     1
 45
0.0
1001
ACAD
1000
AcDbSavedByObjectVersion
1070
     0
  0
VISUALSTYLE
  5
1E5
102
{ACAD_XDICTIONARY
360
2A8
102
}
102
{ACAD_REACTORS
330
EF
102
}
330
EF
100
AcDbVisualStyle
  2
OverhangOff
 70
    21
 71
     2
 72
     2
 73
     0
 90
        0
 40
-0.6
 41
-30.0
 62
     5
 63
     7
421
 16777215
 74
     1
 91
        4
 64
     7
 65
   257
 75
     1
175
     1
 42
1.0
 92
        9
 66
     7
 43
1.0
 76
     1
 77
     6
 78
     2
 67
     7
 79
     5
170
     0
171
     0
290
     0
174
     0
 93
        1
 44
0.0
173
     0
291
     1
 45
0.0
1001
ACAD
1000
AcDbSavedByObjectVersion
1070
     0
  0
VISUALSTYLE
  5
F9
102
{ACAD_XDICTIONARY
360
298
102
}
102
{ACAD_REACTORS
330
EF
102
}
330
EF
100
AcDbVisualStyle
  2
Realistic
 70
     8
 71
     2
 72
     3
 73
     0
 90
        2
 40
-0.6
 41
30.0
 62
     5
 63
     7
421
 16777215
 74
     0
 91
        0
 64
     7
 65
   257
 75
     1
175
     1
 42
1.0
 92
        8
 66
   257
 43
1.0
 76
     1
 77
     6
 78
     2
 67
     7
 79
     3
170
     0
171
     0
290
     0
174
     0
 93
       13
 44
0.0
173
     0
291
     0
 45
0.0
1001
ACAD
1000
AcDbSavedByObjectVersion
1070
     0
  0
VISUALSTYLE
  5
1F3
102
{ACAD_XDICTIONARY
360
2B4
102
}
102
{ACAD_REACTORS
330
EF
102
}
330
EF
100
AcDbVisualStyle
  2
Shaded
 70
    27
 71
     2
 72
     2
 73
     1
 90
        2
 40
-0.6
 41
30.0
 62
     5
 63
     7
421
 16777215
 74
     0
 91
        4
 64
     7
 65
   257
 75
     1
175
     1
 42
1.0
 92
        8
 66
   257
 43
1.0
 76
     1
 77
     6
 78
     2
 67
     8
425
  7895160
 79
     3
170
     0
171
     0
290
     0
174
     0
 93
        5
 44
0.0
173
     0
291
     0
 45
0.0
1001
ACAD
1000
AcDbSavedByObjectVersion
1070
     0
  0
VISUALSTYLE
  5
1F2
102
{ACAD_XDICTIONARY
360
2B2
102
}
102
{ACAD_REACTORS
330
EF
102
}
330
EF
100
AcDbVisualStyle
  2
Shaded with edges
 70
    26
 71
     2
 72
     2
 73
     1
 90
        2
 40
-0.6
 41
30.0
 62
     5
 63
     7
421
 16777215
 74
     1
 91
        2
 64
     7
 65
   257
 75
     2
175
     1
 42
1.0
 92
        8
 66
   257
 43
1.0
 76
     1
 77
     6
 78
     2
 67
     7
 79
     3
170
     0
171
     0
290
     0
174
     0
 93
        5
 44
0.0
173
     0
291
     0
 45
0.0
1001
ACAD
1000
AcDbSavedByObjectVersion
1070
     0
  0
VISUALSTYLE
  5
1EF
102
{ACAD_XDICTIONARY
360
2AC
102
}
102
{ACAD_REACTORS
330
EF
102
}
330
EF
100
AcDbVisualStyle
  2
Shades of Gray
 70
    23
 71
     2
 72
     2
 73
     3
 90
        0
 40
-0.6
 41
-30.0
 62
     5
 63
     7
421
 16777215
 74
     2
 91
        2
 64
     7
 65
     7
 75
     1
175
     1
 42
40.0
 92
        8
 66
     7
 43
1.0
 76
     1
 77
     6
 78
     2
 67
     7
 79
     3
170
     0
171
     0
290
     0
174
     0
 93
        1
 44
0.0
173
     0
291
     0
 45
0.0
1001
ACAD
1000
AcDbSavedByObjectVersion
1070
     0
  0
VISUALSTYLE
  5
1F0
102
{ACAD_XDICTIONARY
360
2AE
102
}
102
{ACAD_REACTORS
330
EF
102
}
330
EF
100
AcDbVisualStyle
  2
Sketchy
 70
    24
 71
     1
 72
     2
 73
     2
 90
        0
 40
-0.6
 41
-30.0
 62
     5
 63
     7
421
 16777215
 74
     2
 91
        2
 64
     7
 65
     7
 75
     1
175
     1
 42
40.0
 92
       11
 66
     7
 43
1.0
 76
     1
 77
     6
 78
     2
 67
     7
 79
     6
170
     0
171
     0
290
     0
174
     0
 93
        1
 44
0.0
173
     0
291
     0
 45
0.0
1001
ACAD
1000
AcDbSavedByObjectVersion
1070
     0
  0
VISUALSTYLE
  5
FC
102
{ACAD_XDICTIONARY
360
29E
102
}
102
{ACAD_REACTORS
330
EF
102
}
330
EF
100
AcDbVisualStyle
  2
Thicken
 70
    13
 71
     2
 72
     2
 73
     1
 90
        0
 40
-0.6
 41
-30.0
 62
     5
 63
     7
421
 16777215
 74
     1
 91
        4
 64
     7
 65
   257
 75
     1
175
     1
 42
1.0
 92
       12
 66
     7
 43
1.0
 76
     1
 77
     6
 78
     2
 67
     7
 79
     5
170
     0
171
     0
290
     0
174
     0
 93
        1
 44
0.0
173
     0
291
     1
 45
0.0
1001
ACAD
1000
AcDbSavedByObjectVersion
1070
     0
  0
VISUALSTYLE
  5
F6
102
{ACAD_XDICTIONARY
360
292
102
}
102
{ACAD_REACTORS
330
EF
102
}
330
EF
100
AcDbVisualStyle
  2
Wireframe
 70
     5
 71
     0
 72
     2
 73
     0
 90
        0
 40
-0.6
 41
-30.0
 62
     5
 63
     7
421
 16777215
 74
     1
 91
        4
 64
     7
 65
   257
 75
     1
175
     1
 42
1.0
 92
        0
 66
   257
 43
1.0
 76
     1
 77
     6
 78
     2
 67
     7
 79
     3
170
     0
171
     0
290
     0
174
     0
 93
        1
 44
0.0
173
     0
291
     0
 45
0.0
1001
ACAD
1000
AcDbSavedByObjectVersion
1070
     0
  0
VISUALSTYLE
  5
1F1
102
{ACAD_XDICTIONARY
360
2B0
102
}
102
{ACAD_REACTORS
330
EF
102
}
330
EF
100
AcDbVisualStyle
  2
X-Ray
 70
    25
 71
     2
 72
     2
 73
     1
 90
        1
 40
0.5
 41
-30.0
 62
     5
 63
     7
421
 16777215
 74
     1
 91
        0
 64
     7
 65
   257
 75
     1
175
     1
 42
1.0
 92
        8
 66
     7
 43
1.0
 76
     1
 77
     6
 78
     2
 67
     7
 79
     3
170
     0
171
     0
290
     0
174
     0
 93
       13
 44
0.0
173
     0
291
     0
 45
0.0
1001
ACAD
1000
AcDbSavedByObjectVersion
1070
     0
  0
DICTIONARYVAR
  5
146
102
{ACAD_REACTORS
330
5E
102
}
330
5E
100
DictionaryVariables
280
     0
  1
1:1
  0
DICTIONARYVAR
  5
259
102
{ACAD_REACTORS
330
5E
102
}
330
5E
100
DictionaryVariables
280
     0
  1
3.500000
  0
DICTIONARYVAR
  5
25A
102
{ACAD_REACTORS
330
5E
102
}
330
5E
100
DictionaryVariables
280
     0
  1
acadiso.lin
  0
DICTIONARYVAR
  5
145
102
{ACAD_REACTORS
330
5E
102
}
330
5E
100
DictionaryVariables
280
     0
  1
STANDARD
  0
DICTIONARYVAR
  5
84
102
{ACAD_REACTORS
330
5E
102
}
330
5E
100
DictionaryVariables
280
     0
  1
STANDARD
  0
DICTIONARYVAR
  5
227
102
{ACAD_REACTORS
330
5E
102
}
330
5E
100
DictionaryVariables
280
     0
  1
Metric50
  0
DICTIONARYVAR
  5
228
102
{ACAD_REACTORS
330
5E
102
}
330
5E
100
DictionaryVariables
280
     0
  1
Metric50
  0
DICTIONARYVAR
  5
5F
102
{ACAD_REACTORS
330
5E
102
}
330
5E
100
DictionaryVariables
280
     0
  1
2
  0
DICTIONARYVAR
  5
63
102
{ACAD_REACTORS
330
5E
102
}
330
5E
100
DictionaryVariables
280
     0
  1
1
  0
DICTIONARYVAR
  5
1AE
102
{ACAD_REACTORS
330
5E
102
}
330
5E
100
DictionaryVariables
280
     0
  1
0
  0
DICTIONARYVAR
  5
1AF
102
{ACAD_REACTORS
330
5E
102
}
330
5E
100
DictionaryVariables
280
     0
  1
0
  0
DICTIONARYVAR
  5
27B
102
{ACAD_REACTORS
330
5E
102
}
330
5E
100
DictionaryVariables
280
     0
  1
2
  0
DICTIONARY
  5
285
102
{ACAD_REACTORS
330
283
102
}
330
283
100
AcDbDictionary
281
     1
  0
DICTIONARY
  5
284
102
{ACAD_REACTORS
330
283
102
}
330
283
100
AcDbDictionary
281
     1
  3
1923465580128
350
27E
  3
1923465580144
350
27F
  3
1923465580160
350
280
  3
1923465580176
350
281
  3
1923465580192
350
282
  0
DICTIONARY
  5
236
330
21C
100
AcDbDictionary
280
     1
281
     1
  3
ACAD_XREC_ROUNDTRIP
360
2B7
  0
DICTIONARY
  5
205
330
22
100
AcDbDictionary
280
     1
281
     1
  0
DICTIONARY
  5
1F9
330
ED
100
AcDbDictionary
280
     1
281
     1
  3
FBXASSET
360
1FA
  0
DICTIONARY
  5
1F7
330
EC
100
AcDbDictionary
280
     1
281
     1
  3
FBXASSET
360
1F8
  0
DICTIONARY
  5
173
330
EE
100
AcDbDictionary
280
     1
281
     1
  3
BUMPTILE
360
175
  3
DIFFUSETILE
360
174
  3
FBXASSET
360
1FB
  3
OPACITYTILE
360
176
  3
REFLECTIONTILE
360
177
  0
DICTIONARY
  5
234
330
21A
100
AcDbDictionary
280
     1
281
     1
  3
ACAD_XREC_ROUNDTRIP
360
2B6
  0
DICTIONARY
  5
162
330
7F
100
AcDbDictionary
280
     1
281
     1
  3
ACAD_ROUNDTRIP_2008_TABLESTYLE_CELLSTYLEMAP
360
27C
  0
DICTIONARY
  5
290
330
F5
100
AcDbDictionary
280
     1
281
     1
  3
ACAD_XREC_ROUNDTRIP
360
291
  0
DICTIONARY
  5
28E
330
F4
100
AcDbDictionary
280
     1
281
     1
  3
ACAD_XREC_ROUNDTRIP
360
28F
  0
DICTIONARY
  5
29C
330
FB
100
AcDbDictionary
280
     1
281
     1
  3
ACAD_XREC_ROUNDTRIP
360
29D
  0
DICTIONARY
  5
2A4
330
FF
100
AcDbDictionary
280
     1
281
     1
  3
ACAD_XREC_ROUNDTRIP
360
2A5
  0
DICTIONARY
  5
296
330
F8
100
AcDbDictionary
280
     1
281
     1
  3
ACAD_XREC_ROUNDTRIP
360
297
  0
DICTIONARY
  5
29A
330
FA
100
AcDbDictionary
280
     1
281
     1
  3
ACAD_XREC_ROUNDTRIP
360
29B
  0
DICTIONARY
  5
2AA
330
1E6
100
AcDbDictionary
280
     1
281
     1
  3
ACAD_XREC_ROUNDTRIP
360
2AB
  0
DICTIONARY
  5
2A2
330
FE
100
AcDbDictionary
280
     1
281
     1
  3
ACAD_XREC_ROUNDTRIP
360
2A3
  0
DICTIONARY
  5
286
330
F0
100
AcDbDictionary
280
     1
281
     1
  3
ACAD_XREC_ROUNDTRIP
360
287
  0
DICTIONARY
  5
288
330
F1
100
AcDbDictionary
280
     1
281
     1
  3
ACAD_XREC_ROUNDTRIP
360
289
  0
DICTIONARY
  5
28A
330
F2
100
AcDbDictionary
280
     1
281
     1
  3
ACAD_XREC_ROUNDTRIP
360
28B
  0
DICTIONARY
  5
28C
330
F3
100
AcDbDictionary
280
     1
281
     1
  3
ACAD_XREC_ROUNDTRIP
360
28D
  0
DICTIONARY
  5
294
330
F7
100
AcDbDictionary
280
     1
281
     1
  3
ACAD_XREC_ROUNDTRIP
360
295
  0
DICTIONARY
  5
2A6
330
1E4
100
AcDbDictionary
280
     1
281
     1
  3
ACAD_XREC_ROUNDTRIP
360
2A7
  0
DICTIONARY
  5
2A0
330
FD
100
AcDbDictionary
280
     1
281
     1
  3
ACAD_XREC_ROUNDTRIP
360
2A1
  0
DICTIONARY
  5
2A8
330
1E5
100
AcDbDictionary
280
     1
281
     1
  3
ACAD_XREC_ROUNDTRIP
360
2A9
  0
DICTIONARY
  5
298
330
F9
100
AcDbDictionary
280
     1
281
     1
  3
ACAD_XREC_ROUNDTRIP
360
299
  0
DICTIONARY
  5
2B4
330
1F3
100
AcDbDictionary
280
     1
281
     1
  3
ACAD_XREC_ROUNDTRIP
360
2B5
  0
DICTIONARY
  5
2B2
330
1F2
100
AcDbDictionary
280
     1
281
     1
  3
ACAD_XREC_ROUNDTRIP
360
2B3
  0
DICTIONARY
  5
2AC
330
1EF
100
AcDbDictionary
280
     1
281
     1
  3
ACAD_XREC_ROUNDTRIP
360
2AD
  0
DICTIONARY
  5
2AE
330
1F0
100
AcDbDictionary
280
     1
281
     1
  3
ACAD_XREC_ROUNDTRIP
360
2AF
  0
DICTIONARY
  5
29E
330
FC
100
AcDbDictionary
280
     1
281
     1
  3
ACAD_XREC_ROUNDTRIP
360
29F
  0
DICTIONARY
  5
292
330
F6
100
AcDbDictionary
280
     1
281
     1
  3
ACAD_XREC_ROUNDTRIP
360
293
  0
DICTIONARY
  5
2B0
330
1F1
100
AcDbDictionary
280
     1
281
     1
  3
ACAD_XREC_ROUNDTRIP
360
2B1
  0
XRECORD
  5
27E
102
{ACAD_REACTORS
330
284
102
}
330
284
100
AcDbXrecord
280
     1
  1
AcDb_Thumbnail_Schema
102
{ATTRRECORD
341
27F
  2
AcDbDs::TreatedAsObjectData
280
     1
291
     1
102
ATTRRECORD}
102
{ATTRRECORD
341
280
  2
AcDbDs::Legacy
280
     1
291
     1
102
ATTRRECORD}
  2
AcDbDs::ID
280
    10
 91
        8
102
{ATTRRECORD
341
281
  2
AcDs:Indexable
280
     1
291
     1
102
ATTRRECORD}
102
{ATTRRECORD
341
282
  2
AcDbDs::HandleAttribute
280
     7
282
     1
102
ATTRRECORD}
  2
Thumbnail_Data
280
    15
 91
        0
  0
XRECORD
  5
27F
102
{ACAD_REACTORS
330
284
102
}
330
284
100
AcDbXrecord
280
     1
  1
AcDbDs::TreatedAsObjectDataSchema
  2
AcDbDs::TreatedAsObjectData
280
     1
 91
        0
  0
XRECORD
  5
280
102
{ACAD_REACTORS
330
284
102
}
330
284
100
AcDbXrecord
280
     1
  1
AcDbDs::LegacySchema
  2
AcDbDs::Legacy
280
     1
 91
        0
  0
XRECORD
  5
281
102
{ACAD_REACTORS
330
284
102
}
330
284
100
AcDbXrecord
280
     1
  1
AcDbDs::IndexedPropertySchema
  2
AcDs:Indexable
280
     1
 91
        0
  0
XRECORD
  5
282
102
{ACAD_REACTORS
330
284
102
}
330
284
100
AcDbXrecord
280
     1
  1
AcDbDs::HandleAttributeSchema
  2
AcDbDs::HandleAttribute
280
     7
 91
        1
284
     1
  0
XRECORD
  5
2B7
102
{ACAD_REACTORS
330
236
102
}
330
236
100
AcDbXrecord
280
     1
102
DISPLAYNAME
  1
Metric50
102
FLAGS
 90
        0
  0
XRECORD
  5
1FA
102
{ACAD_REACTORS
330
1F9
102
}
330
1F9
100
AcDbXrecord
280
     1
 70
     1
 90
429727718
  1
D62C5603-E3A1-4AEA-B7FB-FE5D8D0755AF
310
504B03040A0000080000CC70623B3DEE336E79000000790000001B0000006175746F6465736B2D64657369676E2D7061636B6167652E786D6C3C3F786D6C2076657273696F6E3D22312E302220656E636F64696E673D227574662D3822203F3E3C666F726D6174733E3C666F726D61743E687474703A2F2F736368656D612E
310
6175746F6465736B2E636F6D2F64657369676E2D7061636B6167652F323030393C2F666F726D61743E3C2F666F726D6174733E504B0304140006080800CC70623BD486FD9CA0000000F4000000130000005B436F6E74656E745F54797065735D2E786D6C7D8EC10E82300C865F65E91D8A1E8C310C0EEA1BF002731658846E
310
D98AC1B77784ABF1D8FE5FBFBF75BBCE937A534CCEB38643598122B6FEE978D0B0485F9C41B54DDD7D022595594E1A469170414C76A4D9A4D207E29CF43ECE46F218070CC6BECC4078ACAA135ACF422C856C0E68EA1BF5669944DDD7BCDE7B1F8E415D77AECB980613C2E4AC91FC167A2B244592486606FC29C8FD7F045B9A
310
EF7053A7E60B504B0304140006080800CC70623B853B8169EB0000007C01000008000000636F72652E786D6C8D90416EC3201045AF62CDB6C206821CC7C244919D9CA01740401C94182C03558F5F9C3852BBEB6A467FFE9B197D7EFC9E1EC5975982F5AE035262288C535E5B377690E21535501C055FBC8FBF6C503839990E
310
5619041F179FE64D52DE45E362569DD7661365082642A11EB9E920A89B99642953CC8E702F67A9EE7234257977194EC9EAE275C4EABCCF5EAD5940D4AC6F0E35A568B8F43562CD7046CD199FD07E60174276A7BE677B5EADB0E0D14EEFFB6A31321A0D82627C4084204C3F096B71DD52F6819B16635EADF63F509AF53FA164
310
5DDCD1EDDD17164090FCC8732078B56691CB33A85CD7DCC40F504B0304140006080800CC70623B55019EA25F0000007C00000007000000636E782E786D6C4DCB3B0E80201045D1AD90E915ED2CF8AC45050C11660C8261F98AB1B07AC9C97D42D718D865D3E909258CFD00CCE24AC6E326A164D74DC0B4128928FF32603847
310
2BA13128B1252AC747C6BAB984FC68F0B87FE8960A5C09FE86CFB69FBA01504B0304140006080800CC70623BDBABAAF470010000D40300000C0000006662782F636F72652E786D6CC553D16E823014FD95A6AF4B694182CC941A83FA05FB810A9511A125A5257EFE2E82712ECEB8A7F100CD39F7F69E734AF9FADC366850B6
310
AF8DCE7018308C942E4C59EB2AC3DE1D498AD15A706B8CFB56869196ADCAF00863C12B6B7C374385D14E6907A836A59A41D9F7CA615434B0C8705F7CAA5606D23BA8E84F41278B93AC54100640439DE0BDB320004D43C63716C7C399D30917DCFBBA9CD9BA8469F5B156168B24CED3F7248AC8769F27244EB73B92EED8862C
310
B7F13E0C179B3C8F979C8ECD82BBBABDAA2BAC924E9558448CBD9330242CFA08E3154B5651FCC6D215639C8EE5774DBE2B5F6CF2B5768B68963BB5F5588420E442FC700B1139D4CB01F450C1E918227C2E09DF070D8140C84E1E9AAB8F1340832A9CB13130A5F1376A908D57309505ECF2A0DF179C4E9D30F5B239B87E3823
310
7A79C6F31DE1A8A5AEC08474B03C7837EAE4938639B44E5932B833D2C6B6B279CDC613877FA26EE21F4A2A4C63EC7F29A2F301D1F9F7A0E37D145F504B0304140006080800CC70623B9C113CC27E0000009D0000000B0000006662782F636E782E786D6C4DCCDF0A83201C86E15B91DFB94BFB330DD428C8FB886521330DA7
310
6397BF1A1DECE883878F57749FCDA1B7892F1BBC047A23808C7F84D9FA55424E0BE6803A256208E9EF06C84F9B91703228B1C690F78B66B34CD9A5439DF5CF0BFBF65E35BCA1B8D6A5C6F540381E886698B5741C695F9503EBA150A2F8958E3DC3EA0B504B0304140006080800CC70623B7DF2F77C2A010000120200003100
310
00006662782F41393633353835312D344632462D344230382D423046372D3739314545314133324237412F636F72652E786D6C8D51DB8EC22014FC15C2939B0D2DB4B45643319AE817EC0F6041255A68B86CFCFC856D4D76DF7CE190393373060EDB3DC707F856CE6B6B7A480A0C81328395DA5C7B18C3057510EC3873D686
310
3F34088C18550F330C39BB3A1BA7051AAC09CA84841A2BD5020AEF55806078A44B0FFD7053A328440C89E1EFC52486BBB8AA8214A99D789CF9E05200300FC927E4FB4D5B375D43103D5527440FB843077C5AA3F5861C8F645F5787F59E95B390B318B55CE45AA638FAA2957BD7248B390B7A7CC51F9C124149C82B8C378810
310
84AB2F42B7B8DD56F413775B8C5999E9FF4471926F8AA236A1AE96B8B3CC434E5839373893369E1FAF30EA395917409EB7F26AF8801C171837A4A6AC9C89E9F9C9B1A58BA30FD6A5EF5DDDCF894B9AD9B6A59C957943A9FCAE2FD5BC4DFE03504B0304140006080800CC70623BAD7543B64E01000033030000300000006662
310
782F41393633353835312D344632462D344230382D423046372D3739314545314133324237412F636E782E786D6CD593CD6EC32010845F0571AD6CE3D48AD20813A9873E410FBD12D82434182C7EAAE6EDBB2424CD25871E7B41D6EC30B3FA84F9E67BB2E40B4234DE8DB46F1925E094D7C6ED479AD3AE5951B2113C789FEE
310
6C943839C1488B4C05DF079FE72A69D8C96C13AAD6B8631503449F83828872B949AC57D26200B826A308D316B4064D6E46FCDA41C05550DC9E483A00797BFD207EFB092A45DE9514C1BBD22178396BD39D891265658C238DEA00936C654E5E433CB65A26D9F6EDB5EBC14EBF49A45CB856E66048291F6939A9A81BB5C89177
310
38143CA680F4AA299D66A042CEB3354A2684DC9D8D178FE0D9B8B41CAAD720F880EE7EF93C0C18769E099ECC04D5A102C8049A8A05632F4DDF376CF1DE0F6BB65C2F8627B65A33C6BB62177CEBBDAD973006829F89F22E814B54F4BC2BE347F8AA8F681390B50FA73F804400B5F542E796F19FF974E7F78DB802FE05E20750
310
4B0304140006080800CC70623BE75B7789680500003C100000340000006662782F41393633353835312D344632462D344230382D423046372D3739314545314133324237412F6F626A656374732E786D6CAD575B8F9B3818FD2B887D06C22499CB8AA1CA655245D5B455A356FB305264C061D8018C6C3393D95FBFC7600890
310
A4CD5EF210B0B1BFEBF98E3F7B1FF6596ABC522E1296DF9BAE3D320D9A872C4AF2F8DE2CE5CEBA358D0FBEC719939D65A691938CDE9B6ADAF4BD98B3B2D05311DD91329583D9D5FC0F438434A7A611A644887B5384CF34233629258BA878B12322891DEFF6B66BD70BFB62634E8AE781D082709A4B588AF91C528CDA28B73F
310
1C998EEF39EABBEFA97FBD6A7C7E9553F9D3D79FE442923C3C523610337627CB87ABE99D359D4CC6D6E4FACAB5E6ABF9D2726FC6A3C5F56271377BB88362213924694B38DD99FE47C48627A1E7D49F5A8BB5E1A74C0A599ED3B0F21F1E56366B89112D681E218F0915D0D6F17AD41FBA2A369DCF6335D62ABBD39779D5DDD1
310
11D4D8DE3CBB96B2E04FB8202E41051754A1AA8E8F76B4C6DFE810B580B1547F4B84911149794252234D024EF8BBE963A95AE27B3D310A9D5C215C7960FAEE415ED75694C6AFB17BCACA5D99A60A9AA65F217B0BFC53292ACB92BF283FAD0D3621576592CB5BED907C2FA8E9DF794E35E97BEA31BED21FEB401ABB94C44839
310
DCACBF0E1C5DA8DA5B2F4DFFD32AD86F543D9E565E7056502E157C00AD2671CD534549AB752FCA9CDA00677A313F04E51B22FF19E57B300579E3C97EB29F682D92935CEC18CF901B7B54FD8C51F362B56FC72FE0B3C1EAE335EDCCBF5AEC39ADB17DC238973F804BA5E6F6BFE7AF1FB32E523BE9F3BD571418E3631DCA4D48
310
5250CF639223210A9446CA30052EDF057BD35F8329C1ECD84552BF0DC8D18BE7BCE23BFE6BD960AB4A7DE79923A103BEBD80F911CBAA2C60DB19B01CF164A5583B772EE6D3FFA56666CBCDA74DC97724A48F9A58967497E489C4D979006FD7A05E227A1EBDD0F737C623387A9C844D3709995625106D157315F8B8392CD4E0
310
A0B9A720C4BE9829CEF37EA1E13111214D53925356365ADA634861B52519DD27A00AEB808EAF0628E6F435519D446F45CF2C9CF5214F0A15B2F6D06B79DA3EE3CBF7F56780D2F4E7EF73A0F5E5B02A38D07DC852C6B7C1FBB6664213E0C39E3EBA7FF4E1AD23EA2829407C85E586727488B751B2DB9502BC7B228A3FD68B6E
310
A65A22397E690AA8D158D7E404EC8CDA235CC3B7D1898680131CEC2CDF2638C65196279577750F15884AEE19F94199155B92B13297978469D4F8D358DF0AEF7631E28DC8F0D9F437D5D39A83B2231A1D52D543813A824EF8D44BCFF2FA6A31BD1E8DAD87F1CCB526B3879935BF59CDADD5C37479BB1CDD4CA7B3556B516589
310
EF352754B706114D9C885EC9131DE6EFEB43D99AFE2391C2F958179413D7CFEF6B1B6DB1E7600F00DE6E5C67454A339A4BA2E0FBA85ED26F045D454F463DBFCE484C2F90F2E5E3666003662ED8F755951A7D1BECD5B30B550B2785C8E7320B7292A4838DDA71BBC863ED7613CAF659337A3354231D4FF4A182A54904C2898C
310
98B28C4AD0CE056CCF332A80986E571EE9DBC305BB5FEB7E509220A58D25CF042D712A806AC0AD0C657FDEF80D2D9CEAA2EE4D1C76F60BFE74219A06527D6F82DF6412526107381E55E353090704D085B52408A8913C4ED159D79BDA71BB4BC506F4831350EB6F975CD22D69BF7AC49B91A2C0A9DDA3D5CA36AD20FC478E37
310
E61844E2352865EBCB61A275A65283CAAA9DD27703B4102F5AF51EF5F573B75CBB5AD38BC845F7A49F82A0966A49C2E3EA5EA0ECD326CD965F1DB402C6FA8B51A4658C5C5E2EC9E214602E55810345408596591009A82E7E7FFACA19EEA299B14A0081A705CB3296EBC14CDF658DCD336EA6D1136881AAEB87B81AB9EE53D5
310
F5EB8BC8362082DA24122F98680A4E7930C01A0079749CEA14382A0783E5EBA5A10F8C098456A03D6A4AEB6BB881E2513747552A5DB22C7EDAF83BD5528081A365F7FF06504B0304140006080000CC70623B000000000000000000000000350000006662782F41393633353835312D344632462D344230382D423046372D37
310
39314545314133324237412F76657274696365732E62696E504B0304140006080800CC70623BF270F1330600000004000000360000006662782F41393633353835312D344632462D344230382D423046372D3739314545314133324237412F747269616E676C65732E62696E636660600000504B0304140006080000CC7062
310
3B000000000000000000000000370000006662782F41393633353835312D344632462D344230382D423046372D3739314545314133324237412F617474726962757465732E62696E504B0304140006080800CC70623B08DA0BD19000000041010000360000006662782F41393633353835312D344632462D344230382D4230
310
46372D3739314545314133324237412F6469726563746F72792E786D6C858F410AC3201045AF22B36F53E9A60B35CBEEBAE80D244E44489C6234F4F835464A48035D0DF398FF9F8AF63D0E6CC63039F212F8F9020C7D47C6792B21C5FE7403D62A1188E2E60C98D7234A5830286103A55745067B9D86B8A3CF9C7F90C11DE6
310
07FB144396D7B6A82D282E9A152AD114D5EF2CB866EEE831B8EEA07A7BB5A8D7D61A2BAAEB7FD5F70921FF497D00504B0304140006080800CC70623BEDD1DC58FD000000A00100003B0000006662782F41393633353835312D344632462D344230382D423046372D3739314545314133324237412F7265736F75726365732F
310
636F72652E786D6C8D504B6E833010BD0A9A6D65B00922041947112427E8052C33A156828DFCA97AFC9A40A576D7CDCCE87D344F8F9FBFE667F689CE6B6B3A6039850C8DB2A336530731DC4903D95970676DF82583CCC8193B5861107C72362E3BA4AC096842428D1D7107A5F7182053CF7474E0D507CE32973124857FE48B
310
540F3961CEF244279DE03EB81420DB9EAC1384436FA353E879B1B182C7A8C75DA3C7F453DF353A1075D537A7BA6464B8F535A99AE14A9A2BBD90E350DD183B5CFABE3AF262350B1EF4FC9351399401471025A527C218A1E53BAB5A5AB765F5469B96525EACF23FA6B88CFF34456DC2A1DCE36E360F82A5202F42F062ED2BAD
310
579969AFDD8A6F504B010214000A0000080000CC70623B3DEE336E79000000790000001B00000000000000000000000000000000006175746F6465736B2D64657369676E2D7061636B6167652E786D6C504B01021400140006080800CC70623BD486FD9CA0000000F40000001300000000000000000000000000B20000005B
310
436F6E74656E745F54797065735D2E786D6C504B01021400140006080800CC70623B853B8169EB0000007C010000080000000000000000000000000083010000636F72652E786D6C504B01021400140006080800CC70623B55019EA25F0000007C000000070000000000000000000000000094020000636E782E786D6C504B
310
01021400140006080800CC70623BDBABAAF470010000D40300000C00000000000000000000000000180300006662782F636F72652E786D6C504B01021400140006080800CC70623B9C113CC27E0000009D0000000B00000000000000000000000000B20400006662782F636E782E786D6C504B01021400140006080800CC70
310
623B7DF2F77C2A010000120200003100000000000000000000000000590500006662782F41393633353835312D344632462D344230382D423046372D3739314545314133324237412F636F72652E786D6C504B01021400140006080800CC70623BAD7543B64E010000330300003000000000000000000000000000D2060000
310
6662782F41393633353835312D344632462D344230382D423046372D3739314545314133324237412F636E782E786D6C504B01021400140006080800CC70623BE75B7789680500003C10000034000000000000000000000000006E0800006662782F41393633353835312D344632462D344230382D423046372D3739314545
310
314133324237412F6F626A656374732E786D6C504B01021400140006080000CC70623B0000000000000000000000003500000000000000000000000000280E00006662782F41393633353835312D344632462D344230382D423046372D3739314545314133324237412F76657274696365732E62696E504B01021400140006
310
080800CC70623BF270F133060000000400000036000000000000000000000000007B0E00006662782F41393633353835312D344632462D344230382D423046372D3739314545314133324237412F747269616E676C65732E62696E504B01021400140006080000CC70623B0000000000000000000000003700000000000000
310
000000000000D50E00006662782F41393633353835312D344632462D344230382D423046372D3739314545314133324237412F617474726962757465732E62696E504B01021400140006080800CC70623B08DA0BD1900000004101000036000000000000000000000000002A0F00006662782F41393633353835312D344632
310
462D344230382D423046372D3739314545314133324237412F6469726563746F72792E786D6C504B01021400140006080800CC70623BEDD1DC58FD000000A00100003B000000000000000000000000000E1000006662782F41393633353835312D344632462D344230382D423046372D3739314545314133324237412F7265
310
736F75726365732F636F72652E786D6C504B0506000000000E000E0080040000641100000000
  0
XRECORD
  5
1F8
102
{ACAD_REACTORS
330
1F7
102
}
330
1F7
100
AcDbXrecord
280
     1
 70
     1
 90
429727718
  1
30362254-06B7-45E0-A893-8CFA70E3D6BC
310
504B03040A0000080000CC70623B3DEE336E79000000790000001B0000006175746F6465736B2D64657369676E2D7061636B6167652E786D6C3C3F786D6C2076657273696F6E3D22312E302220656E636F64696E673D227574662D3822203F3E3C666F726D6174733E3C666F726D61743E687474703A2F2F736368656D612E
310
6175746F6465736B2E636F6D2F64657369676E2D7061636B6167652F323030393C2F666F726D61743E3C2F666F726D6174733E504B0304140006080800CC70623BD486FD9CA0000000F4000000130000005B436F6E74656E745F54797065735D2E786D6C7D8EC10E82300C865F65E91D8A1E8C310C0EEA1BF002731658846E
310
D98AC1B77784ABF1D8FE5FBFBF75BBCE937A534CCEB38643598122B6FEE978D0B0485F9C41B54DDD7D022595594E1A469170414C76A4D9A4D207E29CF43ECE46F218070CC6BECC4078ACAA135ACF422C856C0E68EA1BF5669944DDD7BCDE7B1F8E415D77AECB980613C2E4AC91FC167A2B244592486606FC29C8FD7F045B9A
310
EF7053A7E60B504B0304140006080800CC70623B1EC5D7A3EB0000007C01000008000000636F72652E786D6C8D90416EC3201045AF82665B6103C6756C6122AB4D4ED00B204C5C94182C03558F5F9C3852BBEB6A467FFE9B197D71FC9E6FE8CBACC17AD7032D0820E3B41FAD9B7A48F1820F808E52ACDEC75F36404ECDA687
310
4D0629A6D5A76597B477D1B89855E747B38B2A041301E95B6E7A08FAD3CCAA50296647B8168BD2573599823EBB0CA76447F43862C7BCCF5EAC59410E4DDD9C7973C2755553CCCFA4C603E3040F1565ED3B1FDE4E432BCA0D9622DAF9795FAF464533826484B498524CD807E51D79ED187F21878E10516EF63F505AC67F42C9
310
BA58B1FDDD071640D2FCC87D2045B96591CB3DA85CB7DCE40F504B0304140006080800CC70623B55019EA25F0000007C00000007000000636E782E786D6C4DCB3B0E80201045D1AD90E915ED2CF8AC45050C11660C8261F98AB1B07AC9C97D42D718D865D3E909258CFD00CCE24AC6E326A164D74DC0B4128928FF32603847
310
2BA13128B1252AC747C6BAB984FC68F0B87FE8960A5C09FE86CFB69FBA01504B0304140006080800CC70623B8C9102E971010000D40300000C0000006662782F636F72652E786D6CC5535B6E833010BC8AE5DF0A6C08340F1947A84D4ED00B38C6A128602363A31CBFCB234A53A551FA553EC09AD9F5CE8C31DB9E9B1AF5CA
310
7695D1198E428A91D2D214952E33ECDD315861B4E5CC1AE3BE9561A445A3323CC098B3D21ADFCE9034DA29ED00D5A6503328BA4E398C640D8B0C77F253352214DE4145770A5B214FA2546114020D759C75CE8200340D19DE981F0F6746269C33EFAB6266AB02A655C74A59CCF365BADC27CB5D902ED22848F6340DF238A141
310
BE88E2F57B92BFEDF23523433367AE6A2EEAA455C2A902F398D2751045018D3FA264435F3771F242571B4A1919CA6F9A7C5B3CD9E42BED16F12C776AEB308F40C848FC700B1139D4891EF410CEC810227CC6846F8386402064270EF5C5C709A05E49676C024C61FC95EA45ED154CA5211D1FF4FB8291A913A68E9B83EBBB33
310
E2A7673CDE118E5AE8124C0807CB8377834E366998436B950D7A7746DAD846D4CFD978E0F04FD455FC5D49D2D4C6FE9722321F10997F0F32DC47FE05504B0304140006080800CC70623BFFEA85907E0000009D0000000B0000006662782F636E782E786D6C4DCCD10A83201886E15B91FFDC95D95A811AB6F23E625948A6C3
310
E9D8E5AF46073BFAE0E1E365ED67B3E8ADC3CB78C7815C7240DA3DFC64DCC221C519D7805AC182F7F1EF06C88D9BE6703008B6049F9E274D7A1E938DBB5AE3D6131B2589BA0D3D965551E0B2EA732C9B9A624AAEB41E3A557677029960D9AFB4EF11165F504B0304140006080800CC70623B4FEEA4082C0100001202000031
310
0000006662782F39464131463745442D413632322D343644302D413938332D3331353338454246344243312F636F72652E786D6C8D515B6EC32010BC0AE2AB55850DD871ED0813254D72825EC00192A2C460F1A872FC42ED48ED5F7E00CDCECCCEB26C731F6FE05B39AFADE921293004CA082BB5B9F43086336A21D870E6AC
310
0D7F68109861543DCC30E4ECE26C9C164858139409093556AA051CBC570102714B8F1E7AF1A5C6A11862480C7F2DA6415C878B2A4891CA89C7990F2E050073937C42DE1DB7E4F87ED8A36D4329AA9B3D46DBAEAD504556557BD81DEBDD0761E52CE42C462D17B996298E3E6BE59E35C962CE821E1FF18553435012728A7187
310
0841987E927A8D9B35ADDF70BBC6989599FE4F1427F9A4286A132ABAC49D651EF234CD5CE04CDA78BA3DC2A8FB645D00B9DF8B57E215725C60BCA2A463E54C4CE327C7A65E1C7DB02E7DEFCBF594B864C5CA6CDBD49C957943E9FA5D5FBAF336F90F504B0304140006080800CC70623BAD7543B64E01000033030000300000
310
006662782F39464131463745442D413632322D343644302D413938332D3331353338454246344243312F636E782E786D6CD593CD6EC32010845F0571AD6CE3D48AD20813A9873E410FBD12D82434182C7EAAE6EDBB2424CD25871E7B41D6EC30B3FA84F9E67BB2E40B4234DE8DB46F1925E094D7C6ED479AD3AE5951B2113C
310
789FEE6C943839C1488B4C05DF079FE72A69D8C96C13AAD6B8631503449F83828872B949AC57D26200B826A308D316B4064D6E46FCDA41C05550DC9E483A00797BFD207EFB092A45DE9514C1BBD22178396BD39D891265658C238DEA00936C654E5E433CB65A26D9F6EDB5EBC14EBF49A45CB856E66048291F6939A9A81BB5
310
C8917738143CA680F4AA299D66A042CEB3354A2684DC9D8D178FE0D9B8B41CAAD720F880EE7EF93C0C18769E099ECC04D5A102C8049A8A05632F4DDF376CF1DE0F6BB65C2F8627B65A33C6BB62177CEBBDAD973006829F89F22E814B54F4BC2BE347F8AA8F681390B50FA73F804400B5F542E796F19FF974E7F78DB802FE05
310
E207504B0304140006080800CC70623B16AB87BA640500003C100000340000006662782F39464131463745442D413632322D343644302D413938332D3331353338454246344243312F6F626A656374732E786D6CAD575B6FA33818FD2B887DE6924B3BED8A326A92B68A663B534DD4D13E548A0C38942D60649B369D5FBFC7
310
600890A493BDE42160637FD7F31D7FF63E6FB3D478A55C242CBF3247B66B1A340F5994E4F19559CA8D75611A9F7D8F33263BCB4C232719BD32D5B4E97B316765A1A722BA21652A07B3B7B33F0D11D29C9A46981221AE4C113ED38CD8A4942CA2E2C58E882476BCD9DA23BB5ED8171B73523C0F841684D35CC252CCE79062D4
310
468DFA43D7747CCF51DF7D4FFDEB5593E3AB9CCA9FBEFE241792E4E19EB28198C968BAB8199F5D5A67D3E9C49A9E8F47D6EC76B6B0469F26EEFC7C3EBFBCBEB98462213924694B38DD98FE1D62C393D073EA4FADC5DAF04326852CCF6958F90F0F2B9BB5C48816348F90C7840A68EB78EDF68723159BCEE7891A6B95DDE9D3
310
BCEAEEE8086A6C6F9E5D4B59F0175C10A7A0820BAA5055C7473B5AE3CFDD452D602CD5DF12616444529E90D448938013FE6EFA58AA96F85E4F8C42275708571E98FE6827AF6B2B4AE3D7D83D64E5A64C53054DD3AF90BD06FEA9149565C94FCA0F6B834DC85599E4F2423B24DF0B6AFA979E534DFA9E7A4CC6FA631D486393
310
921829879BF5D781A373557BCB85E97FB90DB62B558F8795179C15944B051F40AB495CF35451D26A4727654E6D8033BD98EF82F21D91FF8AF2DD9982BCF1643BDD4EB516C9492E368C67C88DED563FC36D5EACF66DFF057C3658BDBFA69DF9578B3DA735B64F18C7F20770A9D45CFCF7FCF563D6456A277DBEF78A02637CA2
310
43B90A490AEAB94F72244481D24819A6C0E59B606BFA4B3025981DBB48EAB701D97BF19C577CC77F2D1B6C55A9EF3C732474C0B727303F625995056C3B02963D9EAC146BE78EC5FCEC7FA999EBC5EACBAAE41B12D27B4D2C0BBA49F244E2ECDC81B76B502F113D8F5EE8FB1BE3111CDD4FC2AA9B844CAB1288B68AB90A7CDC
310
1C166AB0D3DC5310625FCC14E779BFD0709F8890A629C9292B1B2DED31A4B0DA928CEE135085754027E3018A397D4D5427D15BD1330B677DC8934285AC3DF45A9EB68FF8F2B8FC0A509AFEECFD0FF2DE25CC6047F7214B195F07EFEB9A094D800F7BFAE8FED187B78EA8A3A400F115961BCAD1215E47C966530AF0EE8128FE
310
58CEBB996A8964FFA529A046635D9353B0336A8F700DDF46271A024E70B0B37C9DE01847591E54DED53D54202AB947E4076556AC49C6CA5C9E1226B7F1A7B1BE15DEED62C41B91E1B3E9AFAAA735036547343A925075041DF0A9979E893B391F8FCFA6967B3EFB644DCF6E5CEBFAE272625DCC6FAF3FB93793C5F90CE1EF57
310
407342756B10D1C489E8953CD1617E5CEECAD6F4EF8914CE5D5D504E5C3F1F9736DA62CFC11E00BCDDB8CC8A9466349744C1F75EBDA4DF09BA8A9E8C7A7E9991989E20E5DBDD6A6003664ED8F7A04A8DBE0DF6EAD9B9AA858342E47399053949D2C146EDB85DE4B176BB0965FBAC19BD19AA918E27FA50C1D22402E144464C
310
59462568E704B6E71915404CB72B8FF4EDE184DDAF753F284990D2C6926782963815403548A70C657FDEF80D2D9CEAA2AE4C1C76F60BFE74219A06527D6582DF6412526107381E55E353090704D085B52408D0933C4ED159D79BDA71BB4BC506F4831350EB6F979CD22D69BF7AC49B91A2C0A9DDA3D5CA36AD20FC478E37E6
310
1844E2352865EBCB6EA275A652E3836BE04EFB400BF1A2556F515F1FBB35B2AB35BD889C744FFA1004B5544B121E57F70215746DD2F5E2C1412B602CBF19455AC6C8E5E9922C4E01E65215385004546899059180EAFCF7A707CE7017CD8CDB0410789AB32C63B91E5CEBBBACB17AC6CD347A022D5075FD106377347AAABA7E
310
7D11590744509B44E205134DC1290F06580320F78E537D3D73540E06CB970B431F185308AD40BBD794D6D77003C5A36E8EAA54BA64597CD8F83BD552A080A365F7FF06504B0304140006080000CC70623B000000000000000000000000350000006662782F39464131463745442D413632322D343644302D413938332D3331
310
353338454246344243312F76657274696365732E62696E504B0304140006080800CC70623BF270F1330600000004000000360000006662782F39464131463745442D413632322D343644302D413938332D3331353338454246344243312F747269616E676C65732E62696E636660600000504B0304140006080000CC70623B
310
000000000000000000000000370000006662782F39464131463745442D413632322D343644302D413938332D3331353338454246344243312F617474726962757465732E62696E504B0304140006080800CC70623B08DA0BD19000000041010000360000006662782F39464131463745442D413632322D343644302D413938
310
332D3331353338454246344243312F6469726563746F72792E786D6C858F410AC3201045AF22B36F53E9A60B35CBEEBAE80D244E44489C6234F4F835464A48035D0DF398FF9F8AF63D0E6CC63039F212F8F9020C7D47C6792B21C5FE7403D62A1188E2E60C98D7234A5830286103A55745067B9D86B8A3CF9C7F90C11DE607
310
FB144396D7B6A82D282E9A152AD114D5EF2CB866EEE831B8EEA07A7BB5A8D7D61A2BAAEB7FD5F70921FF497D00504B0304140006080800CC70623B0D6EF93BFE000000A00100003B0000006662782F39464131463745442D413632322D343644302D413938332D3331353338454246344243312F7265736F75726365732F63
310
6F72652E786D6C8D50596E833010BD0A9ADFCA60B334011947A8694ED00B586642AC041B79A97AFC9A40A5F6AF3F33A3B7689E1E3F7DCD8FEC139DD7D6F4C0720A191A65476DA61E62B892236427C19DB5E1970C322367EC618541F0C9D9B8EC90B226A009093576C41D94DE63804C3DD2D18357379C652E63480A7FCF17A9
310
EE72C29CE5894E3AC17D702940B63D59270887DE46A7D0F36263058F518FBB468FE9A7BE6A7420864373B8D4873369AA8691FA421B3294352543C5CAF65C0F6FEF43CB8BD52C78D0F34F46E550061C419494B6843142CB0F5677F4B52BEB177AEC28E5C52AFF638ACBF84F53D42654E51E77B379102C05791282176B5F693D
310
CB4C7BED567C03504B010214000A0000080000CC70623B3DEE336E79000000790000001B00000000000000000000000000000000006175746F6465736B2D64657369676E2D7061636B6167652E786D6C504B01021400140006080800CC70623BD486FD9CA0000000F40000001300000000000000000000000000B20000005B
310
436F6E74656E745F54797065735D2E786D6C504B01021400140006080800CC70623B1EC5D7A3EB0000007C010000080000000000000000000000000083010000636F72652E786D6C504B01021400140006080800CC70623B55019EA25F0000007C000000070000000000000000000000000094020000636E782E786D6C504B
310
01021400140006080800CC70623B8C9102E971010000D40300000C00000000000000000000000000180300006662782F636F72652E786D6C504B01021400140006080800CC70623BFFEA85907E0000009D0000000B00000000000000000000000000B30400006662782F636E782E786D6C504B01021400140006080800CC70
310
623B4FEEA4082C0100001202000031000000000000000000000000005A0500006662782F39464131463745442D413632322D343644302D413938332D3331353338454246344243312F636F72652E786D6C504B01021400140006080800CC70623BAD7543B64E010000330300003000000000000000000000000000D5060000
310
6662782F39464131463745442D413632322D343644302D413938332D3331353338454246344243312F636E782E786D6C504B01021400140006080800CC70623B16AB87BA640500003C1000003400000000000000000000000000710800006662782F39464131463745442D413632322D343644302D413938332D3331353338
310
454246344243312F6F626A656374732E786D6C504B01021400140006080000CC70623B0000000000000000000000003500000000000000000000000000270E00006662782F39464131463745442D413632322D343644302D413938332D3331353338454246344243312F76657274696365732E62696E504B01021400140006
310
080800CC70623BF270F133060000000400000036000000000000000000000000007A0E00006662782F39464131463745442D413632322D343644302D413938332D3331353338454246344243312F747269616E676C65732E62696E504B01021400140006080000CC70623B0000000000000000000000003700000000000000
310
000000000000D40E00006662782F39464131463745442D413632322D343644302D413938332D3331353338454246344243312F617474726962757465732E62696E504B01021400140006080800CC70623B08DA0BD190000000410100003600000000000000000000000000290F00006662782F39464131463745442D413632
310
322D343644302D413938332D3331353338454246344243312F6469726563746F72792E786D6C504B01021400140006080800CC70623B0D6EF93BFE000000A00100003B000000000000000000000000000D1000006662782F39464131463745442D413632322D343644302D413938332D3331353338454246344243312F7265
310
736F75726365732F636F72652E786D6C504B0506000000000E000E0080040000641100000000
  0
XRECORD
  5
175
102
{ACAD_REACTORS
330
173
102
}
330
173
100
AcDbXrecord
280
     1
270
     1
271
     1
  0
XRECORD
  5
174
102
{ACAD_REACTORS
330
173
102
}
330
173
100
AcDbXrecord
280
     1
270
     1
271
     1
  0
XRECORD
  5
1FB
102
{ACAD_REACTORS
330
173
102
}
330
173
100
AcDbXrecord
280
     1
 70
     0
 90
1673772943
  1
ECE7A1D2-D628-4531-984C-D00F80459256
310
504B03040A0000080000CC70623B3DEE336E79000000790000001B0000006175746F6465736B2D64657369676E2D7061636B6167652E786D6C3C3F786D6C2076657273696F6E3D22312E302220656E636F64696E673D227574662D3822203F3E3C666F726D6174733E3C666F726D61743E687474703A2F2F736368656D612E
310
6175746F6465736B2E636F6D2F64657369676E2D7061636B6167652F323030393C2F666F726D61743E3C2F666F726D6174733E504B0304140006080800CC70623BD486FD9CA0000000F4000000130000005B436F6E74656E745F54797065735D2E786D6C7D8EC10E82300C865F65E91D8A1E8C310C0EEA1BF002731658846E
310
D98AC1B77784ABF1D8FE5FBFBF75BBCE937A534CCEB38643598122B6FEE978D0B0485F9C41B54DDD7D022595594E1A469170414C76A4D9A4D207E29CF43ECE46F218070CC6BECC4078ACAA135ACF422C856C0E68EA1BF5669944DDD7BCDE7B1F8E415D77AECB980613C2E4AC91FC167A2B244592486606FC29C8FD7F045B9A
310
EF7053A7E60B504B0304140006080800CC70623BD9DDAED0EC0000007C01000008000000636F72652E786D6C8D90416EC3201045AF82665B61836D9CD8C2444DD39CA01740405C94182C03558F5F9C3852BBEB6A467FFE9B197D7EF89E6EE8CB2CC17A37002D0820E394D7D68D03A478C17B4007C117EFE32F1B20272733C0
310
2A83E0E3E2D3BC49CABB685CCCAAF3DA6CA20CC14440EA969B0182FA34932C648AD911AEC52CD5558EA6A0CF2EC329598D1E47ACCEFBECC59A050463A7EA5833865FEBDD0E37353BE3EE8DBDE3F6786A48D375FBF6CC78B9C282473B3DEFABC5C86834888A900E538A49F5419B9EB47DD5BC907D4F082F57FB1F28CDFA9F50
310
B22ED6D5F6EE030B20687EE43E10BC5CB3C8E51E54AE6B6EE207504B0304140006080800CC70623B55019EA25F0000007C00000007000000636E782E786D6C4DCB3B0E80201045D1AD90E915ED2CF8AC45050C11660C8261F98AB1B07AC9C97D42D718D865D3E909258CFD00CCE24AC6E326A164D74DC0B4128928FF326038
310
472BA13128B1252AC747C6BAB984FC68F0B87FE8960A5C09FE86CFB69FBA01504B0304140006080800CC70623BA24EB22D72010000D40300000C0000006662782F636F72652E786D6CC5535B6E833010BC8AE5DF0A6C5E49888CA3A6694ED00B38E05014B091B1518EDFE511A5A9D228FD2A1F60CDEC7A67C6986DCE4D8D7A
310
69BA4AAB0C073EC548AA5C17952A33ECECD15B61B4E1CC686DBF9561A44423333CC098B3D268D7CE50AE9595CA02AA74216750749DB418E5352C32DCE59FB211BE70162ABA93DF8AFC244AE9073ED050C759670D0840D390E18DF9F1706664C23973AE2A66B62A605A75ACA4C13C4976E1364A12EF355A2EBD384AF65EFA96
310
BC7B8BED2EA6719AAE16FB8491A199335B351775B991C2CA02F390D2D40B028F861F41BCA68B7518BFD0D59A524686F29B26D7164F36B94AD9289CE54E6D1DE6010819891F6E21228B3AD1831EC219194284CF98F06DD01008846CC5A1BEF83801D4CBDC6A1303536877A57A513B0953A94FC707FDBE6064EA84A9E3E6E0FA
310
EE8CF0E9198F7784A316AA0413C2C2F2E0ECA0934D1AE6D05A69BCDE9E91D2A611F573361E38FC1375157F5752AE6B6DFE4B11990F88CCBF0719EE23FF02504B0304140006080800CC70623B408A7D3B7C0000009D0000000B0000006662782F636E782E786D6C4DCCD10A83201886E15B91FFDC552A92A0064DBC8F581632
310
D3703A76F9ABD1C18E3E78F878E5F0D9027ABBFCF2292AE86E2D20171F69F6715550CB827B40839639A5F2770314A7CD293819B45C73AAFB45B35BA61ACAA1C1C7E7855C58C15BC331339661262CC762340413D68D77DA5B42298546CBE6573AF60CEB2F504B0304140006080800CC70623B449FB9BD290100001202000031
310
0000006662782F36394639363044362D344446342D343946362D394244322D3234314243333846323333332F636F72652E786D6C8D515B6EC32010BC0AE22B55850D98B871848994463E412FE002495162B07854397EA176A4F62F3F2C9A9D991D587EB84F37F0AD7D30CEF6905418026DA553C65E7A98E219ED203808EE9D
310
8B7F6810D871D23D2C3014FCE25D9A57483A1BB58D19B54EE9151C43D0110279CB971E06F9A5A7B11A53CC8C70ADE6515EC78BAE4895DB992778883E0700CB907242D17643D7E2538BD869608875438BBAE38922CAC8F1BDD90DB4691A5E2F42C153326A951B95E398B3D1FE599322163C9AE9115F7A3D46ADA0A018778810
310
84E907617BDCEE297BC5BB3DC6BC2EF47FA234AB2745C9D8D8D035EE220B50105E2F0DC1954B9FB747187D9F9D8FA0CCDB042D5FA0C015C65B42DF78BD10F3F3B363CB56C7109DCFDFBBB97E662ED92EB62D13BC2E1BCAE5777DB9966D8A1F504B0304140006080800CC70623BAD7543B64E01000033030000300000006662
310
782F36394639363044362D344446342D343946362D394244322D3234314243333846323333332F636E782E786D6CD593CD6EC32010845F0571AD6CE3D48AD20813A9873E410FBD12D82434182C7EAAE6EDBB2424CD25871E7B41D6EC30B3FA84F9E67BB2E40B4234DE8DB46F1925E094D7C6ED479AD3AE5951B2113C789FEE
310
6C943839C1488B4C05DF079FE72A69D8C96C13AAD6B8631503449F83828872B949AC57D26200B826A308D316B4064D6E46FCDA41C05550DC9E483A00797BFD207EFB092A45DE9514C1BBD22178396BD39D891265658C238DEA00936C654E5E433CB65A26D9F6EDB5EBC14EBF49A45CB856E66048291F6939A9A81BB5C89177
310
38143CA680F4AA299D66A042CEB3354A2684DC9D8D178FE0D9B8B41CAAD720F880EE7EF93C0C18769E099ECC04D5A102C8049A8A05632F4DDF376CF1DE0F6BB65C2F8627B65A33C6BB62177CEBBDAD973006829F89F22E814B54F4BC2BE347F8AA8F681390B50FA73F804400B5F542E796F19FF974E7F78DB802FE05E20750
310
4B0304140006080800CC70623B8D05915C650500003B100000340000006662782F36394639363044362D344446342D343946362D394244322D3234314243333846323333332F6F626A656374732E786D6CAD575B6FA33814FE2B887D06429276DA1565D4266D158D3A339A6846FB502932E050B66023DB74D2FDF5FB190C01
310
9276B2973C046C8ECFF53B17071F77456EBD502133CEAE6CDF9DD81665314F32965ED995DA3A17B6F5310C04E7AA47665B8C14F4CAD6DB7618A48257A5D94AE89654B91AEDDEDDFC61C998326A5B714EA4BCB265FC440BE2924AF184CA6737218AB8E976E7FA6E4338649B0A523E8D98964450A6A029F619B8588D52FE7039
310
B1BD30F0F4F730D0FF866AF6369557DB33949F31A9088B0F848DD8CCFCF9F2767A76E99CCDE733677E3EF59D9BBB9BA5E37F984D16E78BC5E5F5ED25044B25C0C96822E8D60EEFE11B91C581D77CEA34368A1F5329E68CD1B8B61F16D63A1B8E092D294B10C78C4A48EB593D192E7DED9BDEE7995E1B91FDEDD3ACEA9FE831
310
6A756F9F7D4D79F4274C90A7A04248AA51D5F8C718DAE06FB2F75AC4796EBE65D22A88A22223B995679120E2D50E41AA49C260C046A35368846B0BECD0DFF3EBEB8AD4F835768F69B9ADF25C43D30E6B646F807FAA64AD59F61715C7A54127C4AACA98BA3006A9D792DAE165E0D59B61A01FB3A9F9D838D2DAE62445C86166
310
F37564E842E7DE6A69879FEEA2DD5AE7E371E1A5E025154AC307D06A03D73EB5978C58FFA4C8E9033066E0F3BD53BEC1F39F91BE7B55103791EDE6BBB991A2046172CB4581D8B893FA674DDA17A77B3B7C413D1B511FD2743BFF8A38F03A658705E3ADF8015C3A3417FF3D7E439FF591DA0B5F18BC20C1B8981957AE6392A3
310
F43C640C01D1A0B4728E2DD4F26DB4B3C3152A252A3B4E913CEC1C72F012782FF88EFF8637AA552DBEF76408E8A8DE9E50F9E1CB3A2DA0DB1B6039A893B56063DC5B3E3FFB5F72E67AB9FEB4AEC496C4F4C1149625DD662C53E89D7BF0F6151A046260D1337DFDC94502430F83B0EE07A130A224BCAD7DAE1D9FB6CD422FF6
310
920702629C4BB9AE79C12F243C6432A6794E18E5552BA56B431AAB5D91317302B2B071E86C3A42B1A02F999E24061403B5D0EB639195DA655DD3EBEAB4FB862DDF579F014AD0E73C22F99E28DA57FB98E75C6CA2D74D53086D600F4786E0FE3144B771A8A7B900F03594DB8A633CBC49B2EDB69228BB479CF863B5E807AAAB
310
23872F6DFEB4129B949CA33823F58830E86D65621E10047D9DB34D862E8EAC3C2ABC2F7B2C40D67CDFE01F5545B92105AF983AC54D93D69E56FB8E797F88913F898A9FEC705D3F9D1B54EC8426FB500D40A03BD0119B06E1B95DDC7EB8F6975367793EBD70E66733DFB9BC982F9CE564727731999F5D4ECFCE3B8D6A4DC2A0
310
6D50FD148437D110834A64C6CDDF57FBACB5C307A2A477DFE4939736CFEF2B175371E0E10CF0DD1D5C15654E0BCA14D1E87DD02FF93782A162C0A3D95F1524A52770F972BF1EE9809D13CE7DD599467F8ECE9ADD85CE85A34CD45355448C64F9E8A031DC2D596ACC6E5DD93D9B82DE2EF5CAF81363A8E47996A0DE24564A79
310
4115AACE09C55E14540231FDA13C319787134EBF34E3A022514E5B4D9E0826E25C02D5805B15ABE1BEF51B26383D445DD9E875EE33FE4C22DA16427D65A3BCA92CA6D28DD01DF5DC53330704308475351050232CCD31583787BA75774AFB06E5070DD0C8EF484E19968C5D83BA5B90B244D31E54D55A372320FE4786B7EA58
310
44E135AA5467CB7EA333A61683CC6A8C3257034C10CF46F40EF9F5BE59BE5BD30C3C72D235E95D10345C1D45445A5F0BB47E46A5EBE5570F9380B5FA629579952296A773720405982B9DE04011506178964401AA8BDF1FBF0A8EAB6861DD6580C0E38217056766716DAEB2D6FA0917D3E4116581EADB879C4E7CFFB11EFACD
310
3D641311495D92C8676CB409A72D18610D803CE8A626049E8EC1887CB5B44CC39883690DDA8399B4B9855B481E7D71D4A9D22F96E5BB73BF5793020C02137BF837504B0304140006080000CC70623B000000000000000000000000350000006662782F36394639363044362D344446342D343946362D394244322D32343142
310
43333846323333332F76657274696365732E62696E504B0304140006080800CC70623BF270F1330600000004000000360000006662782F36394639363044362D344446342D343946362D394244322D3234314243333846323333332F747269616E676C65732E62696E636660600000504B0304140006080000CC70623B0000
310
00000000000000000000370000006662782F36394639363044362D344446342D343946362D394244322D3234314243333846323333332F617474726962757465732E62696E504B0304140006080800CC70623B08DA0BD19000000041010000360000006662782F36394639363044362D344446342D343946362D394244322D
310
3234314243333846323333332F6469726563746F72792E786D6C858F410AC3201045AF22B36F53E9A60B35CBEEBAE80D244E44489C6234F4F835464A48035D0DF398FF9F8AF63D0E6CC63039F212F8F9020C7D47C6792B21C5FE7403D62A1188E2E60C98D7234A5830286103A55745067B9D86B8A3CF9C7F90C11DE607FB14
310
4396D7B6A82D282E9A152AD114D5EF2CB866EEE831B8EEA07A7BB5A8D7D61A2BAAEB7FD5F70921FF497D00504B0304140006080800CC70623BCA768048FE000000A00100003B0000006662782F36394639363044362D344446342D343946362D394244322D3234314243333846323333332F7265736F75726365732F636F72
310
652E786D6C8D50596E833010BD0A9ADFCA60D600328E9AA639412F609909B1126CE4A5EAF16B0295DABFFECC8CDEA2797AECF8353F924FB44E193D409E5248504B332A3D0D10FC95B4901C39B3C6F85F3248B49871801506CE266BC2B243D2688FDA47549B11775038871E12F988C7004EDE7016A9083E2ADC3D5D84BC8B09
310
D33C8D74D471E6BC8D0192EDC93A815B742658898E651BCB59086ADC356A8C3FD555A1055ED7E7E254D615792D0F075295F585746FF53B694EE78A565DD736979A65AB9933AFE69F8CD2A2F038022F28ED489E135A7CE4554F9BBEA85E68DB53CAB255FEC71496F19FA6A0B42F8B3DEE6673C0F318E4497096AD7DC5F52C33
310
EEB55BFE0D504B010214000A0000080000CC70623B3DEE336E79000000790000001B00000000000000000000000000000000006175746F6465736B2D64657369676E2D7061636B6167652E786D6C504B01021400140006080800CC70623BD486FD9CA0000000F40000001300000000000000000000000000B20000005B436F
310
6E74656E745F54797065735D2E786D6C504B01021400140006080800CC70623BD9DDAED0EC0000007C010000080000000000000000000000000083010000636F72652E786D6C504B01021400140006080800CC70623B55019EA25F0000007C000000070000000000000000000000000095020000636E782E786D6C504B0102
310
1400140006080800CC70623BA24EB22D72010000D40300000C00000000000000000000000000190300006662782F636F72652E786D6C504B01021400140006080800CC70623B408A7D3B7C0000009D0000000B00000000000000000000000000B50400006662782F636E782E786D6C504B01021400140006080800CC70623B
310
449FB9BD290100001202000031000000000000000000000000005A0500006662782F36394639363044362D344446342D343946362D394244322D3234314243333846323333332F636F72652E786D6C504B01021400140006080800CC70623BAD7543B64E010000330300003000000000000000000000000000D20600006662
310
782F36394639363044362D344446342D343946362D394244322D3234314243333846323333332F636E782E786D6C504B01021400140006080800CC70623B8D05915C650500003B10000034000000000000000000000000006E0800006662782F36394639363044362D344446342D343946362D394244322D32343142433338
310
46323333332F6F626A656374732E786D6C504B01021400140006080000CC70623B0000000000000000000000003500000000000000000000000000250E00006662782F36394639363044362D344446342D343946362D394244322D3234314243333846323333332F76657274696365732E62696E504B010214001400060808
310
00CC70623BF270F13306000000040000003600000000000000000000000000780E00006662782F36394639363044362D344446342D343946362D394244322D3234314243333846323333332F747269616E676C65732E62696E504B01021400140006080000CC70623B00000000000000000000000037000000000000000000
310
00000000D20E00006662782F36394639363044362D344446342D343946362D394244322D3234314243333846323333332F617474726962757465732E62696E504B01021400140006080800CC70623B08DA0BD190000000410100003600000000000000000000000000270F00006662782F36394639363044362D344446342D
310
343946362D394244322D3234314243333846323333332F6469726563746F72792E786D6C504B01021400140006080800CC70623BCA768048FE000000A00100003B000000000000000000000000000B1000006662782F36394639363044362D344446342D343946362D394244322D3234314243333846323333332F7265736F
310
75726365732F636F72652E786D6C504B0506000000000E000E0080040000621100000000
  0
XRECORD
  5
176
102
{ACAD_REACTORS
330
173
102
}
330
173
100
AcDbXrecord
280
     1
270
     1
271
     1
  0
XRECORD
  5
177
102
{ACAD_REACTORS
330
173
102
}
330
173
100
AcDbXrecord
280
     1
270
     1
271
     1
  0
XRECORD
  5
2B6
102
{ACAD_REACTORS
330
234
102
}
330
234
100
AcDbXrecord
280
     1
102
DISPLAYNAME
  1
Metric50
102
FLAGS
 90
        0
  0
CELLSTYLEMAP
  5
27C
102
{ACAD_REACTORS
330
162
102
}
330
162
100
AcDbCellStyleMap
 90
        3
300
CELLSTYLE
  1
TABLEFORMAT_BEGIN
 90
        5
170
     1
 91
        0
 92
    32768
 62
   257
 93
        1
300
CONTENTFORMAT
  1
CONTENTFORMAT_BEGIN
 90
        0
 91
        0
 92
      512
 93
        0
300

 40
0.0
140
1.0
 94
        5
 62
     0
340
11
144
6.0
309
CONTENTFORMAT_END
171
     1
301
MARGIN
  1
CELLMARGIN_BEGIN
 40
1.5
 40
1.5
 40
1.5
 40
1.5
 40
4.5
 40
4.5
309
CELLMARGIN_END
 94
        6
 95
        1
302
GRIDFORMAT
  1
GRIDFORMAT_BEGIN
 90
        0
 91
        1
 62
     0
 92
       -2
340
14
 93
        0
 40
1.125
309
GRIDFORMAT_END
 95
        2
302
GRIDFORMAT
  1
GRIDFORMAT_BEGIN
 90
        0
 91
        1
 62
     0
 92
       -2
340
14
 93
        0
 40
1.125
309
GRIDFORMAT_END
 95
        4
302
GRIDFORMAT
  1
GRIDFORMAT_BEGIN
 90
        0
 91
        1
 62
     0
 92
       -2
340
14
 93
        0
 40
1.125
309
GRIDFORMAT_END
 95
        8
302
GRIDFORMAT
  1
GRIDFORMAT_BEGIN
 90
        0
 91
        1
 62
     0
 92
       -2
340
14
 93
        0
 40
1.125
309
GRIDFORMAT_END
 95
       16
302
GRIDFORMAT
  1
GRIDFORMAT_BEGIN
 90
        0
 91
        1
 62
     0
 92
       -2
340
14
 93
        0
 40
1.125
309
GRIDFORMAT_END
 95
       32
302
GRIDFORMAT
  1
GRIDFORMAT_BEGIN
 90
        0
 91
        1
 62
     0
 92
       -2
340
14
 93
        0
 40
1.125
309
GRIDFORMAT_END
309
TABLEFORMAT_END
  1
CELLSTYLE_BEGIN
 90
        1
 91
        1
300
_TITLE
309
CELLSTYLE_END
300
CELLSTYLE
  1
TABLEFORMAT_BEGIN
 90
        5
170
     1
 91
        0
 92
        0
 62
   257
 93
        1
300
CONTENTFORMAT
  1
CONTENTFORMAT_BEGIN
 90
        0
 91
        0
 92
      512
 93
        0
300

 40
0.0
140
1.0
 94
        5
 62
     0
340
11
144
4.5
309
CONTENTFORMAT_END
171
     1
301
MARGIN
  1
CELLMARGIN_BEGIN
 40
1.5
 40
1.5
 40
1.5
 40
1.5
 40
4.5
 40
4.5
309
CELLMARGIN_END
 94
        6
 95
        1
302
GRIDFORMAT
  1
GRIDFORMAT_BEGIN
 90
        0
 91
        1
 62
     0
 92
       -2
340
14
 93
        0
 40
1.125
309
GRIDFORMAT_END
 95
        2
302
GRIDFORMAT
  1
GRIDFORMAT_BEGIN
 90
        0
 91
        1
 62
     0
 92
       -2
340
14
 93
        0
 40
1.125
309
GRIDFORMAT_END
 95
        4
302
GRIDFORMAT
  1
GRIDFORMAT_BEGIN
 90
        0
 91
        1
 62
     0
 92
       -2
340
14
 93
        0
 40
1.125
309
GRIDFORMAT_END
 95
        8
302
GRIDFORMAT
  1
GRIDFORMAT_BEGIN
 90
        0
 91
        1
 62
     0
 92
       -2
340
14
 93
        0
 40
1.125
309
GRIDFORMAT_END
 95
       16
302
GRIDFORMAT
  1
GRIDFORMAT_BEGIN
 90
        0
 91
        1
 62
     0
 92
       -2
340
14
 93
        0
 40
1.125
309
GRIDFORMAT_END
 95
       32
302
GRIDFORMAT
  1
GRIDFORMAT_BEGIN
 90
        0
 91
        1
 62
     0
 92
       -2
340
14
 93
        0
 40
1.125
309
GRIDFORMAT_END
309
TABLEFORMAT_END
  1
CELLSTYLE_BEGIN
 90
        2
 91
        1
300
_HEADER
309
CELLSTYLE_END
300
CELLSTYLE
  1
TABLEFORMAT_BEGIN
 90
        5
170
     1
 91
        0
 92
        0
 62
   257
 93
        1
300
CONTENTFORMAT
  1
CONTENTFORMAT_BEGIN
 90
        0
 91
        0
 92
      512
 93
        0
300

 40
0.0
140
1.0
 94
        2
 62
     0
340
11
144
4.5
309
CONTENTFORMAT_END
171
     1
301
MARGIN
  1
CELLMARGIN_BEGIN
 40
1.5
 40
1.5
 40
1.5
 40
1.5
 40
4.5
 40
4.5
309
CELLMARGIN_END
 94
        6
 95
        1
302
GRIDFORMAT
  1
GRIDFORMAT_BEGIN
 90
        0
 91
        1
 62
     0
 92
       -2
340
14
 93
        0
 40
1.125
309
GRIDFORMAT_END
 95
        2
302
GRIDFORMAT
  1
GRIDFORMAT_BEGIN
 90
        0
 91
        1
 62
     0
 92
       -2
340
14
 93
        0
 40
1.125
309
GRIDFORMAT_END
 95
        4
302
GRIDFORMAT
  1
GRIDFORMAT_BEGIN
 90
        0
 91
        1
 62
     0
 92
       -2
340
14
 93
        0
 40
1.125
309
GRIDFORMAT_END
 95
        8
302
GRIDFORMAT
  1
GRIDFORMAT_BEGIN
 90
        0
 91
        1
 62
     0
 92
       -2
340
14
 93
        0
 40
1.125
309
GRIDFORMAT_END
 95
       16
302
GRIDFORMAT
  1
GRIDFORMAT_BEGIN
 90
        0
 91
        1
 62
     0
 92
       -2
340
14
 93
        0
 40
1.125
309
GRIDFORMAT_END
 95
       32
302
GRIDFORMAT
  1
GRIDFORMAT_BEGIN
 90
        0
 91
        1
 62
     0
 92
       -2
340
14
 93
        0
 40
1.125
309
GRIDFORMAT_END
309
TABLEFORMAT_END
  1
CELLSTYLE_BEGIN
 90
        3
 91
        2
300
_DATA
309
CELLSTYLE_END
  0
XRECORD
  5
291
102
{ACAD_REACTORS
330
290
102
}
330
290
100
AcDbXrecord
280
     1
102
RTVSPost2010Prop28
280
     1
102
RTVSPost2010PropOp28
 70
     1
102
RTVSPost2010Prop29
280
     1
102
RTVSPost2010PropOp29
 70
     1
102
RTVSPost2010Prop30
280
     0
102
RTVSPost2010PropOp30
 70
     1
102
RTVSPost2010Prop31
280
     0
102
RTVSPost2010PropOp31
 70
     1
102
RTVSPost2010Prop32
280
     0
102
RTVSPost2010PropOp32
 70
     1
102
RTVSPost2010Prop33
280
     0
102
RTVSPost2010PropOp33
 70
     1
102
RTVSPost2010Prop34
280
     0
102
RTVSPost2010PropOp34
 70
     1
102
RTVSPost2010Prop35
280
     0
102
RTVSPost2010PropOp35
 70
     1
102
RTVSPost2010Prop36
280
     0
102
RTVSPost2010PropOp36
 70
     1
102
RTVSPost2010Prop37
 90
       50
102
RTVSPost2010PropOp37
 70
     1
102
RTVSPost2010Prop38
140
0.0
102
RTVSPost2010PropOp38
 70
     1
102
RTVSPost2010Prop39
140
1.0
102
RTVSPost2010PropOp39
 70
     1
102
RTVSPost2010Prop40
 90
        0
102
RTVSPost2010PropOp40
 70
     1
102
RTVSPost2010Prop41ColorIndex
 90
       18
102
RTVSPost2010Prop41ColorRGB
 90
        0
102
RTVSPost2010PropOp41
 70
     1
102
RTVSPost2010Prop42
 90
       50
102
RTVSPost2010PropOp42
 70
     1
102
RTVSPost2010Prop43
 90
        3
102
RTVSPost2010PropOp43
 70
     1
102
RTVSPost2010Prop44ColorIndex
 90
        5
102
RTVSPost2010Prop44ColorRGB
 90
      255
102
RTVSPost2010PropOp44
 70
     1
102
RTVSPost2010Prop45
280
     0
102
RTVSPost2010PropOp45
 70
     1
102
RTVSPost2010Prop46
 90
       50
102
RTVSPost2010PropOp46
 70
     1
102
RTVSPost2010Prop47
 90
       50
102
RTVSPost2010PropOp47
 70
     1
102
RTVSPost2010Prop48
 90
       50
102
RTVSPost2010PropOp48
 70
     1
102
RTVSPost2010Prop49
280
     0
102
RTVSPost2010PropOp49
 70
     1
102
RTVSPost2010Prop50
 90
       50
102
RTVSPost2010PropOp50
 70
     1
102
RTVSPost2010Prop51ColorIndex
 90
      256
102
RTVSPost2010Prop51ColorRGB
 90
-16777216
102
RTVSPost2010PropOp51
 70
     0
102
RTVSPost2010Prop52
140
1.0
102
RTVSPost2010PropOp52
 70
     0
102
RTVSPost2010Prop53
 90
        2
102
RTVSPost2010PropOp53
 70
     1
102
RTVSPost2010Prop54
  1
strokes_ogs.tif
102
RTVSPost2010PropOp54
 70
     1
102
RTVSPost2010Prop55
280
     0
102
RTVSPost2010PropOp55
 70
     1
102
RTVSPost2010Prop56
140
1.0
102
RTVSPost2010PropOp56
 70
     1
102
RTVSPost2010Prop57
140
1.0
102
RTVSPost2010PropOp57
 70
     1
102
RTVSPropertyOp0
 70
     1
102
RTVSPropertyOp1
 70
     1
102
RTVSPropertyOp2
 70
     1
102
RTVSPropertyOp3
 70
     1
102
RTVSPropertyOp4
 70
     1
102
RTVSPropertyOp5
 70
     1
102
RTVSPropertyOp6
 70
     1
102
RTVSPropertyOp7
 70
     1
102
RTVSPropertyOp8
 70
     1
102
RTVSPropertyOp9
 70
     1
102
RTVSPropertyOp10
 70
     1
102
RTVSPropertyOp11
 70
     1
102
RTVSPropertyOp12
 70
     1
102
RTVSPropertyOp13
 70
     1
102
RTVSPropertyOp14
 70
     1
102
RTVSPropertyOp15
 70
     1
102
RTVSPropertyOp16
 70
     1
102
RTVSPropertyOp17
 70
     1
102
RTVSPropertyOp18
 70
     1
102
RTVSPropertyOp19
 70
     1
102
RTVSPropertyOp20
 70
     1
102
RTVSPropertyOp21
 70
     1
102
RTVSPropertyOp22
 70
     1
102
RTVSPropertyOp23
 70
     1
102
RTVSPropertyOp24
 70
     1
102
RTVSPropertyOp25
 70
     1
102
RTVSPropertyOp26
 70
     1
102
RTVSPropertyOp27
 70
     1
102
RTVSPropertyOp28
 70
     1
102
RTVSPropertyOp29
 70
     1
102
RTVSPropertyOp30
 70
     1
102
RTVSPropertyOp31
 70
     1
102
RTVSPropertyOp32
 70
     1
102
RTVSPropertyOp33
 70
     1
102
RTVSPropertyOp34
 70
     1
102
RTVSPropertyOp35
 70
     1
102
RTVSPropertyOp36
 70
     1
102
RTVSPropertyOp37
 70
     1
102
RTVSPropertyOp38
 70
     1
102
RTVSPropertyOp39
 70
     1
102
RTVSPropertyOp40
 70
     1
102
RTVSPropertyOp41
 70
     1
102
RTVSPropertyOp42
 70
     1
102
RTVSPropertyOp43
 70
     1
102
RTVSPropertyOp44
 70
     1
102
RTVSPropertyOp45
 70
     1
102
RTVSPropertyOp46
 70
     1
102
RTVSPropertyOp47
 70
     1
102
RTVSPropertyOp48
 70
     1
102
RTVSPropertyOp49
 70
     1
102
RTVSPropertyOp50
 70
     1
102
RTVSPropertyOp51
 70
     0
102
RTVSPropertyOp52
 70
     0
102
RTVSPropertyOp53
 70
     1
102
RTVSPropertyOp54
 70
     1
102
RTVSPropertyOp55
 70
     1
102
RTVSPropertyOp56
 70
     1
102
RTVSPropertyOp57
 70
     1
102
RTVSPropertyOp58
 70
     1
102
RTVSPropertyOp59
 70
     1
102
RTVSPropertyOp60
 70
     1
102
RTVSPropertyOp61
 70
     1
102
RTVSPropertyOp62
 70
     1
  0
XRECORD
  5
28F
102
{ACAD_REACTORS
330
28E
102
}
330
28E
100
AcDbXrecord
280
     1
102
RTVSPost2010Prop28
280
     0
102
RTVSPost2010PropOp28
 70
     1
102
RTVSPost2010Prop29
280
     1
102
RTVSPost2010PropOp29
 70
     1
102
RTVSPost2010Prop30
280
     1
102
RTVSPost2010PropOp30
 70
     1
102
RTVSPost2010Prop31
280
     0
102
RTVSPost2010PropOp31
 70
     1
102
RTVSPost2010Prop32
280
     0
102
RTVSPost2010PropOp32
 70
     1
102
RTVSPost2010Prop33
280
     0
102
RTVSPost2010PropOp33
 70
     1
102
RTVSPost2010Prop34
280
     0
102
RTVSPost2010PropOp34
 70
     1
102
RTVSPost2010Prop35
280
     0
102
RTVSPost2010PropOp35
 70
     1
102
RTVSPost2010Prop36
280
     0
102
RTVSPost2010PropOp36
 70
     1
102
RTVSPost2010Prop37
 90
       50
102
RTVSPost2010PropOp37
 70
     1
102
RTVSPost2010Prop38
140
0.0
102
RTVSPost2010PropOp38
 70
     1
102
RTVSPost2010Prop39
140
1.0
102
RTVSPost2010PropOp39
 70
     1
102
RTVSPost2010Prop40
 90
        0
102
RTVSPost2010PropOp40
 70
     1
102
RTVSPost2010Prop41ColorIndex
 90
       18
102
RTVSPost2010Prop41ColorRGB
 90
        0
102
RTVSPost2010PropOp41
 70
     1
102
RTVSPost2010Prop42
 90
       50
102
RTVSPost2010PropOp42
 70
     1
102
RTVSPost2010Prop43
 90
        3
102
RTVSPost2010PropOp43
 70
     1
102
RTVSPost2010Prop44ColorIndex
 90
        5
102
RTVSPost2010Prop44ColorRGB
 90
      255
102
RTVSPost2010PropOp44
 70
     1
102
RTVSPost2010Prop45
280
     0
102
RTVSPost2010PropOp45
 70
     1
102
RTVSPost2010Prop46
 90
       50
102
RTVSPost2010PropOp46
 70
     1
102
RTVSPost2010Prop47
 90
       50
102
RTVSPost2010PropOp47
 70
     1
102
RTVSPost2010Prop48
 90
       50
102
RTVSPost2010PropOp48
 70
     1
102
RTVSPost2010Prop49
280
     0
102
RTVSPost2010PropOp49
 70
     1
102
RTVSPost2010Prop50
 90
       50
102
RTVSPost2010PropOp50
 70
     1
102
RTVSPost2010Prop51ColorIndex
 90
      256
102
RTVSPost2010Prop51ColorRGB
 90
-16777216
102
RTVSPost2010PropOp51
 70
     0
102
RTVSPost2010Prop52
140
1.0
102
RTVSPost2010PropOp52
 70
     0
102
RTVSPost2010Prop53
 90
        2
102
RTVSPost2010PropOp53
 70
     1
102
RTVSPost2010Prop54
  1
strokes_ogs.tif
102
RTVSPost2010PropOp54
 70
     1
102
RTVSPost2010Prop55
280
     0
102
RTVSPost2010PropOp55
 70
     1
102
RTVSPost2010Prop56
140
1.0
102
RTVSPost2010PropOp56
 70
     1
102
RTVSPost2010Prop57
140
1.0
102
RTVSPost2010PropOp57
 70
     1
102
RTVSPropertyOp0
 70
     1
102
RTVSPropertyOp1
 70
     1
102
RTVSPropertyOp2
 70
     1
102
RTVSPropertyOp3
 70
     1
102
RTVSPropertyOp4
 70
     1
102
RTVSPropertyOp5
 70
     1
102
RTVSPropertyOp6
 70
     1
102
RTVSPropertyOp7
 70
     1
102
RTVSPropertyOp8
 70
     1
102
RTVSPropertyOp9
 70
     1
102
RTVSPropertyOp10
 70
     1
102
RTVSPropertyOp11
 70
     1
102
RTVSPropertyOp12
 70
     1
102
RTVSPropertyOp13
 70
     1
102
RTVSPropertyOp14
 70
     1
102
RTVSPropertyOp15
 70
     1
102
RTVSPropertyOp16
 70
     1
102
RTVSPropertyOp17
 70
     1
102
RTVSPropertyOp18
 70
     1
102
RTVSPropertyOp19
 70
     1
102
RTVSPropertyOp20
 70
     1
102
RTVSPropertyOp21
 70
     1
102
RTVSPropertyOp22
 70
     1
102
RTVSPropertyOp23
 70
     1
102
RTVSPropertyOp24
 70
     1
102
RTVSPropertyOp25
 70
     1
102
RTVSPropertyOp26
 70
     1
102
RTVSPropertyOp27
 70
     1
102
RTVSPropertyOp28
 70
     1
102
RTVSPropertyOp29
 70
     1
102
RTVSPropertyOp30
 70
     1
102
RTVSPropertyOp31
 70
     1
102
RTVSPropertyOp32
 70
     1
102
RTVSPropertyOp33
 70
     1
102
RTVSPropertyOp34
 70
     1
102
RTVSPropertyOp35
 70
     1
102
RTVSPropertyOp36
 70
     1
102
RTVSPropertyOp37
 70
     1
102
RTVSPropertyOp38
 70
     1
102
RTVSPropertyOp39
 70
     1
102
RTVSPropertyOp40
 70
     1
102
RTVSPropertyOp41
 70
     1
102
RTVSPropertyOp42
 70
     1
102
RTVSPropertyOp43
 70
     1
102
RTVSPropertyOp44
 70
     1
102
RTVSPropertyOp45
 70
     1
102
RTVSPropertyOp46
 70
     1
102
RTVSPropertyOp47
 70
     1
102
RTVSPropertyOp48
 70
     1
102
RTVSPropertyOp49
 70
     1
102
RTVSPropertyOp50
 70
     1
102
RTVSPropertyOp51
 70
     0
102
RTVSPropertyOp52
 70
     0
102
RTVSPropertyOp53
 70
     1
102
RTVSPropertyOp54
 70
     1
102
RTVSPropertyOp55
 70
     1
102
RTVSPropertyOp56
 70
     1
102
RTVSPropertyOp57
 70
     1
102
RTVSPropertyOp58
 70
     1
102
RTVSPropertyOp59
 70
     1
102
RTVSPropertyOp60
 70
     1
102
RTVSPropertyOp61
 70
     1
102
RTVSPropertyOp62
 70
     1
  0
XRECORD
  5
29D
102
{ACAD_REACTORS
330
29C
102
}
330
29C
100
AcDbXrecord
280
     1
102
RTVSPost2010Prop28
280
     0
102
RTVSPost2010PropOp28
 70
     1
102
RTVSPost2010Prop29
280
     1
102
RTVSPost2010PropOp29
 70
     1
102
RTVSPost2010Prop30
280
     1
102
RTVSPost2010PropOp30
 70
     1
102
RTVSPost2010Prop31
280
     0
102
RTVSPost2010PropOp31
 70
     1
102
RTVSPost2010Prop32
280
     0
102
RTVSPost2010PropOp32
 70
     1
102
RTVSPost2010Prop33
280
     0
102
RTVSPost2010PropOp33
 70
     1
102
RTVSPost2010Prop34
280
     0
102
RTVSPost2010PropOp34
 70
     1
102
RTVSPost2010Prop35
280
     0
102
RTVSPost2010PropOp35
 70
     1
102
RTVSPost2010Prop36
280
     0
102
RTVSPost2010PropOp36
 70
     1
102
RTVSPost2010Prop37
 90
       50
102
RTVSPost2010PropOp37
 70
     1
102
RTVSPost2010Prop38
140
0.0
102
RTVSPost2010PropOp38
 70
     1
102
RTVSPost2010Prop39
140
1.0
102
RTVSPost2010PropOp39
 70
     1
102
RTVSPost2010Prop40
 90
        0
102
RTVSPost2010PropOp40
 70
     1
102
RTVSPost2010Prop41ColorIndex
 90
       18
102
RTVSPost2010Prop41ColorRGB
 90
        0
102
RTVSPost2010PropOp41
 70
     1
102
RTVSPost2010Prop42
 90
       50
102
RTVSPost2010PropOp42
 70
     1
102
RTVSPost2010Prop43
 90
        3
102
RTVSPost2010PropOp43
 70
     1
102
RTVSPost2010Prop44ColorIndex
 90
        5
102
RTVSPost2010Prop44ColorRGB
 90
      255
102
RTVSPost2010PropOp44
 70
     1
102
RTVSPost2010Prop45
280
     0
102
RTVSPost2010PropOp45
 70
     1
102
RTVSPost2010Prop46
 90
       50
102
RTVSPost2010PropOp46
 70
     1
102
RTVSPost2010Prop47
 90
       50
102
RTVSPost2010PropOp47
 70
     1
102
RTVSPost2010Prop48
 90
       50
102
RTVSPost2010PropOp48
 70
     1
102
RTVSPost2010Prop49
280
     0
102
RTVSPost2010PropOp49
 70
     1
102
RTVSPost2010Prop50
 90
       50
102
RTVSPost2010PropOp50
 70
     1
102
RTVSPost2010Prop51ColorIndex
 90
      256
102
RTVSPost2010Prop51ColorRGB
 90
-16777216
102
RTVSPost2010PropOp51
 70
     0
102
RTVSPost2010Prop52
140
1.0
102
RTVSPost2010PropOp52
 70
     0
102
RTVSPost2010Prop53
 90
        2
102
RTVSPost2010PropOp53
 70
     1
102
RTVSPost2010Prop54
  1
strokes_ogs.tif
102
RTVSPost2010PropOp54
 70
     1
102
RTVSPost2010Prop55
280
     0
102
RTVSPost2010PropOp55
 70
     1
102
RTVSPost2010Prop56
140
1.0
102
RTVSPost2010PropOp56
 70
     1
102
RTVSPost2010Prop57
140
1.0
102
RTVSPost2010PropOp57
 70
     1
102
RTVSPropertyOp0
 70
     1
102
RTVSPropertyOp1
 70
     1
102
RTVSPropertyOp2
 70
     1
102
RTVSPropertyOp3
 70
     1
102
RTVSPropertyOp4
 70
     1
102
RTVSPropertyOp5
 70
     1
102
RTVSPropertyOp6
 70
     1
102
RTVSPropertyOp7
 70
     1
102
RTVSPropertyOp8
 70
     1
102
RTVSPropertyOp9
 70
     1
102
RTVSPropertyOp10
 70
     1
102
RTVSPropertyOp11
 70
     1
102
RTVSPropertyOp12
 70
     1
102
RTVSPropertyOp13
 70
     1
102
RTVSPropertyOp14
 70
     1
102
RTVSPropertyOp15
 70
     1
102
RTVSPropertyOp16
 70
     1
102
RTVSPropertyOp17
 70
     1
102
RTVSPropertyOp18
 70
     1
102
RTVSPropertyOp19
 70
     1
102
RTVSPropertyOp20
 70
     1
102
RTVSPropertyOp21
 70
     1
102
RTVSPropertyOp22
 70
     1
102
RTVSPropertyOp23
 70
     1
102
RTVSPropertyOp24
 70
     1
102
RTVSPropertyOp25
 70
     1
102
RTVSPropertyOp26
 70
     1
102
RTVSPropertyOp27
 70
     1
102
RTVSPropertyOp28
 70
     1
102
RTVSPropertyOp29
 70
     1
102
RTVSPropertyOp30
 70
     1
102
RTVSPropertyOp31
 70
     1
102
RTVSPropertyOp32
 70
     1
102
RTVSPropertyOp33
 70
     1
102
RTVSPropertyOp34
 70
     1
102
RTVSPropertyOp35
 70
     1
102
RTVSPropertyOp36
 70
     1
102
RTVSPropertyOp37
 70
     1
102
RTVSPropertyOp38
 70
     1
102
RTVSPropertyOp39
 70
     1
102
RTVSPropertyOp40
 70
     1
102
RTVSPropertyOp41
 70
     1
102
RTVSPropertyOp42
 70
     1
102
RTVSPropertyOp43
 70
     1
102
RTVSPropertyOp44
 70
     1
102
RTVSPropertyOp45
 70
     1
102
RTVSPropertyOp46
 70
     1
102
RTVSPropertyOp47
 70
     1
102
RTVSPropertyOp48
 70
     1
102
RTVSPropertyOp49
 70
     1
102
RTVSPropertyOp50
 70
     1
102
RTVSPropertyOp51
 70
     0
102
RTVSPropertyOp52
 70
     0
102
RTVSPropertyOp53
 70
     1
102
RTVSPropertyOp54
 70
     1
102
RTVSPropertyOp55
 70
     1
102
RTVSPropertyOp56
 70
     1
102
RTVSPropertyOp57
 70
     1
102
RTVSPropertyOp58
 70
     1
102
RTVSPropertyOp59
 70
     1
102
RTVSPropertyOp60
 70
     1
102
RTVSPropertyOp61
 70
     1
102
RTVSPropertyOp62
 70
     1
  0
XRECORD
  5
2A5
102
{ACAD_REACTORS
330
2A4
102
}
330
2A4
100
AcDbXrecord
280
     1
102
RTVSPost2010Prop28
280
     0
102
RTVSPost2010PropOp28
 70
     1
102
RTVSPost2010Prop29
280
     1
102
RTVSPost2010PropOp29
 70
     1
102
RTVSPost2010Prop30
280
     1
102
RTVSPost2010PropOp30
 70
     1
102
RTVSPost2010Prop31
280
     0
102
RTVSPost2010PropOp31
 70
     1
102
RTVSPost2010Prop32
280
     0
102
RTVSPost2010PropOp32
 70
     1
102
RTVSPost2010Prop33
280
     0
102
RTVSPost2010PropOp33
 70
     1
102
RTVSPost2010Prop34
280
     0
102
RTVSPost2010PropOp34
 70
     1
102
RTVSPost2010Prop35
280
     0
102
RTVSPost2010PropOp35
 70
     1
102
RTVSPost2010Prop36
280
     0
102
RTVSPost2010PropOp36
 70
     1
102
RTVSPost2010Prop37
 90
       50
102
RTVSPost2010PropOp37
 70
     1
102
RTVSPost2010Prop38
140
0.0
102
RTVSPost2010PropOp38
 70
     1
102
RTVSPost2010Prop39
140
1.0
102
RTVSPost2010PropOp39
 70
     1
102
RTVSPost2010Prop40
 90
        0
102
RTVSPost2010PropOp40
 70
     1
102
RTVSPost2010Prop41ColorIndex
 90
       18
102
RTVSPost2010Prop41ColorRGB
 90
        0
102
RTVSPost2010PropOp41
 70
     1
102
RTVSPost2010Prop42
 90
       50
102
RTVSPost2010PropOp42
 70
     1
102
RTVSPost2010Prop43
 90
        3
102
RTVSPost2010PropOp43
 70
     1
102
RTVSPost2010Prop44ColorIndex
 90
        5
102
RTVSPost2010Prop44ColorRGB
 90
      255
102
RTVSPost2010PropOp44
 70
     1
102
RTVSPost2010Prop45
280
     0
102
RTVSPost2010PropOp45
 70
     1
102
RTVSPost2010Prop46
 90
       50
102
RTVSPost2010PropOp46
 70
     1
102
RTVSPost2010Prop47
 90
       50
102
RTVSPost2010PropOp47
 70
     1
102
RTVSPost2010Prop48
 90
       50
102
RTVSPost2010PropOp48
 70
     1
102
RTVSPost2010Prop49
280
     0
102
RTVSPost2010PropOp49
 70
     1
102
RTVSPost2010Prop50
 90
       50
102
RTVSPost2010PropOp50
 70
     1
102
RTVSPost2010Prop51ColorIndex
 90
      256
102
RTVSPost2010Prop51ColorRGB
 90
-16777216
102
RTVSPost2010PropOp51
 70
     0
102
RTVSPost2010Prop52
140
1.0
102
RTVSPost2010PropOp52
 70
     0
102
RTVSPost2010Prop53
 90
        2
102
RTVSPost2010PropOp53
 70
     1
102
RTVSPost2010Prop54
  1
strokes_ogs.tif
102
RTVSPost2010PropOp54
 70
     1
102
RTVSPost2010Prop55
280
     0
102
RTVSPost2010PropOp55
 70
     1
102
RTVSPost2010Prop56
140
1.0
102
RTVSPost2010PropOp56
 70
     1
102
RTVSPost2010Prop57
140
1.0
102
RTVSPost2010PropOp57
 70
     1
102
RTVSPropertyOp0
 70
     1
102
RTVSPropertyOp1
 70
     1
102
RTVSPropertyOp2
 70
     1
102
RTVSPropertyOp3
 70
     1
102
RTVSPropertyOp4
 70
     1
102
RTVSPropertyOp5
 70
     1
102
RTVSPropertyOp6
 70
     1
102
RTVSPropertyOp7
 70
     1
102
RTVSPropertyOp8
 70
     1
102
RTVSPropertyOp9
 70
     1
102
RTVSPropertyOp10
 70
     1
102
RTVSPropertyOp11
 70
     1
102
RTVSPropertyOp12
 70
     1
102
RTVSPropertyOp13
 70
     1
102
RTVSPropertyOp14
 70
     1
102
RTVSPropertyOp15
 70
     1
102
RTVSPropertyOp16
 70
     1
102
RTVSPropertyOp17
 70
     1
102
RTVSPropertyOp18
 70
     1
102
RTVSPropertyOp19
 70
     1
102
RTVSPropertyOp20
 70
     1
102
RTVSPropertyOp21
 70
     1
102
RTVSPropertyOp22
 70
     1
102
RTVSPropertyOp23
 70
     1
102
RTVSPropertyOp24
 70
     1
102
RTVSPropertyOp25
 70
     1
102
RTVSPropertyOp26
 70
     1
102
RTVSPropertyOp27
 70
     1
102
RTVSPropertyOp28
 70
     1
102
RTVSPropertyOp29
 70
     1
102
RTVSPropertyOp30
 70
     1
102
RTVSPropertyOp31
 70
     1
102
RTVSPropertyOp32
 70
     1
102
RTVSPropertyOp33
 70
     1
102
RTVSPropertyOp34
 70
     1
102
RTVSPropertyOp35
 70
     1
102
RTVSPropertyOp36
 70
     1
102
RTVSPropertyOp37
 70
     1
102
RTVSPropertyOp38
 70
     1
102
RTVSPropertyOp39
 70
     1
102
RTVSPropertyOp40
 70
     1
102
RTVSPropertyOp41
 70
     1
102
RTVSPropertyOp42
 70
     1
102
RTVSPropertyOp43
 70
     1
102
RTVSPropertyOp44
 70
     1
102
RTVSPropertyOp45
 70
     1
102
RTVSPropertyOp46
 70
     1
102
RTVSPropertyOp47
 70
     1
102
RTVSPropertyOp48
 70
     1
102
RTVSPropertyOp49
 70
     1
102
RTVSPropertyOp50
 70
     1
102
RTVSPropertyOp51
 70
     0
102
RTVSPropertyOp52
 70
     0
102
RTVSPropertyOp53
 70
     1
102
RTVSPropertyOp54
 70
     1
102
RTVSPropertyOp55
 70
     1
102
RTVSPropertyOp56
 70
     1
102
RTVSPropertyOp57
 70
     1
102
RTVSPropertyOp58
 70
     1
102
RTVSPropertyOp59
 70
     1
102
RTVSPropertyOp60
 70
     1
102
RTVSPropertyOp61
 70
     1
102
RTVSPropertyOp62
 70
     1
  0
XRECORD
  5
297
102
{ACAD_REACTORS
330
296
102
}
330
296
100
AcDbXrecord
280
     1
102
RTVSPost2010Prop28
280
     0
102
RTVSPost2010PropOp28
 70
     1
102
RTVSPost2010Prop29
280
     1
102
RTVSPost2010PropOp29
 70
     1
102
RTVSPost2010Prop30
280
     1
102
RTVSPost2010PropOp30
 70
     1
102
RTVSPost2010Prop31
280
     0
102
RTVSPost2010PropOp31
 70
     1
102
RTVSPost2010Prop32
280
     0
102
RTVSPost2010PropOp32
 70
     1
102
RTVSPost2010Prop33
280
     0
102
RTVSPost2010PropOp33
 70
     1
102
RTVSPost2010Prop34
280
     0
102
RTVSPost2010PropOp34
 70
     1
102
RTVSPost2010Prop35
280
     0
102
RTVSPost2010PropOp35
 70
     1
102
RTVSPost2010Prop36
280
     0
102
RTVSPost2010PropOp36
 70
     1
102
RTVSPost2010Prop37
 90
       50
102
RTVSPost2010PropOp37
 70
     1
102
RTVSPost2010Prop38
140
0.0
102
RTVSPost2010PropOp38
 70
     1
102
RTVSPost2010Prop39
140
1.0
102
RTVSPost2010PropOp39
 70
     1
102
RTVSPost2010Prop40
 90
        0
102
RTVSPost2010PropOp40
 70
     1
102
RTVSPost2010Prop41ColorIndex
 90
       18
102
RTVSPost2010Prop41ColorRGB
 90
        0
102
RTVSPost2010PropOp41
 70
     1
102
RTVSPost2010Prop42
 90
       50
102
RTVSPost2010PropOp42
 70
     1
102
RTVSPost2010Prop43
 90
        3
102
RTVSPost2010PropOp43
 70
     1
102
RTVSPost2010Prop44ColorIndex
 90
        5
102
RTVSPost2010Prop44ColorRGB
 90
      255
102
RTVSPost2010PropOp44
 70
     1
102
RTVSPost2010Prop45
280
     0
102
RTVSPost2010PropOp45
 70
     1
102
RTVSPost2010Prop46
 90
       50
102
RTVSPost2010PropOp46
 70
     1
102
RTVSPost2010Prop47
 90
       50
102
RTVSPost2010PropOp47
 70
     1
102
RTVSPost2010Prop48
 90
       50
102
RTVSPost2010PropOp48
 70
     1
102
RTVSPost2010Prop49
280
     0
102
RTVSPost2010PropOp49
 70
     1
102
RTVSPost2010Prop50
 90
       50
102
RTVSPost2010PropOp50
 70
     1
102
RTVSPost2010Prop51ColorIndex
 90
      256
102
RTVSPost2010Prop51ColorRGB
 90
-16777216
102
RTVSPost2010PropOp51
 70
     0
102
RTVSPost2010Prop52
140
1.0
102
RTVSPost2010PropOp52
 70
     0
102
RTVSPost2010Prop53
 90
        2
102
RTVSPost2010PropOp53
 70
     1
102
RTVSPost2010Prop54
  1
strokes_ogs.tif
102
RTVSPost2010PropOp54
 70
     1
102
RTVSPost2010Prop55
280
     0
102
RTVSPost2010PropOp55
 70
     1
102
RTVSPost2010Prop56
140
1.0
102
RTVSPost2010PropOp56
 70
     1
102
RTVSPost2010Prop57
140
1.0
102
RTVSPost2010PropOp57
 70
     1
102
RTVSPropertyOp0
 70
     1
102
RTVSPropertyOp1
 70
     1
102
RTVSPropertyOp2
 70
     1
102
RTVSPropertyOp3
 70
     1
102
RTVSPropertyOp4
 70
     1
102
RTVSPropertyOp5
 70
     1
102
RTVSPropertyOp6
 70
     1
102
RTVSPropertyOp7
 70
     1
102
RTVSPropertyOp8
 70
     1
102
RTVSPropertyOp9
 70
     1
102
RTVSPropertyOp10
 70
     1
102
RTVSPropertyOp11
 70
     1
102
RTVSPropertyOp12
 70
     1
102
RTVSPropertyOp13
 70
     1
102
RTVSPropertyOp14
 70
     1
102
RTVSPropertyOp15
 70
     1
102
RTVSPropertyOp16
 70
     1
102
RTVSPropertyOp17
 70
     1
102
RTVSPropertyOp18
 70
     1
102
RTVSPropertyOp19
 70
     1
102
RTVSPropertyOp20
 70
     1
102
RTVSPropertyOp21
 70
     1
102
RTVSPropertyOp22
 70
     1
102
RTVSPropertyOp23
 70
     1
102
RTVSPropertyOp24
 70
     1
102
RTVSPropertyOp25
 70
     1
102
RTVSPropertyOp26
 70
     1
102
RTVSPropertyOp27
 70
     1
102
RTVSPropertyOp28
 70
     1
102
RTVSPropertyOp29
 70
     1
102
RTVSPropertyOp30
 70
     1
102
RTVSPropertyOp31
 70
     1
102
RTVSPropertyOp32
 70
     1
102
RTVSPropertyOp33
 70
     1
102
RTVSPropertyOp34
 70
     1
102
RTVSPropertyOp35
 70
     1
102
RTVSPropertyOp36
 70
     1
102
RTVSPropertyOp37
 70
     1
102
RTVSPropertyOp38
 70
     1
102
RTVSPropertyOp39
 70
     1
102
RTVSPropertyOp40
 70
     1
102
RTVSPropertyOp41
 70
     1
102
RTVSPropertyOp42
 70
     1
102
RTVSPropertyOp43
 70
     1
102
RTVSPropertyOp44
 70
     1
102
RTVSPropertyOp45
 70
     1
102
RTVSPropertyOp46
 70
     1
102
RTVSPropertyOp47
 70
     1
102
RTVSPropertyOp48
 70
     1
102
RTVSPropertyOp49
 70
     1
102
RTVSPropertyOp50
 70
     1
102
RTVSPropertyOp51
 70
     0
102
RTVSPropertyOp52
 70
     0
102
RTVSPropertyOp53
 70
     1
102
RTVSPropertyOp54
 70
     1
102
RTVSPropertyOp55
 70
     1
102
RTVSPropertyOp56
 70
     1
102
RTVSPropertyOp57
 70
     1
102
RTVSPropertyOp58
 70
     1
102
RTVSPropertyOp59
 70
     1
102
RTVSPropertyOp60
 70
     1
102
RTVSPropertyOp61
 70
     1
102
RTVSPropertyOp62
 70
     1
  0
XRECORD
  5
29B
102
{ACAD_REACTORS
330
29A
102
}
330
29A
100
AcDbXrecord
280
     1
102
RTVSPost2010Prop28
280
     0
102
RTVSPost2010PropOp28
 70
     1
102
RTVSPost2010Prop29
280
     1
102
RTVSPost2010PropOp29
 70
     1
102
RTVSPost2010Prop30
280
     1
102
RTVSPost2010PropOp30
 70
     1
102
RTVSPost2010Prop31
280
     0
102
RTVSPost2010PropOp31
 70
     1
102
RTVSPost2010Prop32
280
     0
102
RTVSPost2010PropOp32
 70
     1
102
RTVSPost2010Prop33
280
     0
102
RTVSPost2010PropOp33
 70
     1
102
RTVSPost2010Prop34
280
     0
102
RTVSPost2010PropOp34
 70
     1
102
RTVSPost2010Prop35
280
     0
102
RTVSPost2010PropOp35
 70
     1
102
RTVSPost2010Prop36
280
     0
102
RTVSPost2010PropOp36
 70
     1
102
RTVSPost2010Prop37
 90
       50
102
RTVSPost2010PropOp37
 70
     1
102
RTVSPost2010Prop38
140
0.0
102
RTVSPost2010PropOp38
 70
     1
102
RTVSPost2010Prop39
140
1.0
102
RTVSPost2010PropOp39
 70
     1
102
RTVSPost2010Prop40
 90
        0
102
RTVSPost2010PropOp40
 70
     1
102
RTVSPost2010Prop41ColorIndex
 90
       18
102
RTVSPost2010Prop41ColorRGB
 90
        0
102
RTVSPost2010PropOp41
 70
     1
102
RTVSPost2010Prop42
 90
       50
102
RTVSPost2010PropOp42
 70
     1
102
RTVSPost2010Prop43
 90
        3
102
RTVSPost2010PropOp43
 70
     1
102
RTVSPost2010Prop44ColorIndex
 90
        5
102
RTVSPost2010Prop44ColorRGB
 90
      255
102
RTVSPost2010PropOp44
 70
     1
102
RTVSPost2010Prop45
280
     0
102
RTVSPost2010PropOp45
 70
     1
102
RTVSPost2010Prop46
 90
       50
102
RTVSPost2010PropOp46
 70
     1
102
RTVSPost2010Prop47
 90
       50
102
RTVSPost2010PropOp47
 70
     1
102
RTVSPost2010Prop48
 90
       50
102
RTVSPost2010PropOp48
 70
     1
102
RTVSPost2010Prop49
280
     0
102
RTVSPost2010PropOp49
 70
     1
102
RTVSPost2010Prop50
 90
       50
102
RTVSPost2010PropOp50
 70
     1
102
RTVSPost2010Prop51ColorIndex
 90
      256
102
RTVSPost2010Prop51ColorRGB
 90
-16777216
102
RTVSPost2010PropOp51
 70
     0
102
RTVSPost2010Prop52
140
1.0
102
RTVSPost2010PropOp52
 70
     0
102
RTVSPost2010Prop53
 90
        2
102
RTVSPost2010PropOp53
 70
     1
102
RTVSPost2010Prop54
  1
strokes_ogs.tif
102
RTVSPost2010PropOp54
 70
     1
102
RTVSPost2010Prop55
280
     0
102
RTVSPost2010PropOp55
 70
     1
102
RTVSPost2010Prop56
140
1.0
102
RTVSPost2010PropOp56
 70
     1
102
RTVSPost2010Prop57
140
1.0
102
RTVSPost2010PropOp57
 70
     1
102
RTVSPropertyOp0
 70
     1
102
RTVSPropertyOp1
 70
     1
102
RTVSPropertyOp2
 70
     1
102
RTVSPropertyOp3
 70
     1
102
RTVSPropertyOp4
 70
     1
102
RTVSPropertyOp5
 70
     1
102
RTVSPropertyOp6
 70
     1
102
RTVSPropertyOp7
 70
     1
102
RTVSPropertyOp8
 70
     1
102
RTVSPropertyOp9
 70
     1
102
RTVSPropertyOp10
 70
     1
102
RTVSPropertyOp11
 70
     1
102
RTVSPropertyOp12
 70
     1
102
RTVSPropertyOp13
 70
     1
102
RTVSPropertyOp14
 70
     1
102
RTVSPropertyOp15
 70
     1
102
RTVSPropertyOp16
 70
     1
102
RTVSPropertyOp17
 70
     1
102
RTVSPropertyOp18
 70
     1
102
RTVSPropertyOp19
 70
     1
102
RTVSPropertyOp20
 70
     1
102
RTVSPropertyOp21
 70
     1
102
RTVSPropertyOp22
 70
     1
102
RTVSPropertyOp23
 70
     1
102
RTVSPropertyOp24
 70
     1
102
RTVSPropertyOp25
 70
     1
102
RTVSPropertyOp26
 70
     1
102
RTVSPropertyOp27
 70
     1
102
RTVSPropertyOp28
 70
     1
102
RTVSPropertyOp29
 70
     1
102
RTVSPropertyOp30
 70
     1
102
RTVSPropertyOp31
 70
     1
102
RTVSPropertyOp32
 70
     1
102
RTVSPropertyOp33
 70
     1
102
RTVSPropertyOp34
 70
     1
102
RTVSPropertyOp35
 70
     1
102
RTVSPropertyOp36
 70
     1
102
RTVSPropertyOp37
 70
     1
102
RTVSPropertyOp38
 70
     1
102
RTVSPropertyOp39
 70
     1
102
RTVSPropertyOp40
 70
     1
102
RTVSPropertyOp41
 70
     1
102
RTVSPropertyOp42
 70
     1
102
RTVSPropertyOp43
 70
     1
102
RTVSPropertyOp44
 70
     1
102
RTVSPropertyOp45
 70
     1
102
RTVSPropertyOp46
 70
     1
102
RTVSPropertyOp47
 70
     1
102
RTVSPropertyOp48
 70
     1
102
RTVSPropertyOp49
 70
     1
102
RTVSPropertyOp50
 70
     1
102
RTVSPropertyOp51
 70
     0
102
RTVSPropertyOp52
 70
     0
102
RTVSPropertyOp53
 70
     1
102
RTVSPropertyOp54
 70
     1
102
RTVSPropertyOp55
 70
     1
102
RTVSPropertyOp56
 70
     1
102
RTVSPropertyOp57
 70
     1
102
RTVSPropertyOp58
 70
     1
102
RTVSPropertyOp59
 70
     1
102
RTVSPropertyOp60
 70
     1
102
RTVSPropertyOp61
 70
     1
102
RTVSPropertyOp62
 70
     1
  0
XRECORD
  5
2AB
102
{ACAD_REACTORS
330
2AA
102
}
330
2AA
100
AcDbXrecord
280
     1
102
RTVSPost2010Prop28
280
     0
102
RTVSPost2010PropOp28
 70
     1
102
RTVSPost2010Prop29
280
     1
102
RTVSPost2010PropOp29
 70
     1
102
RTVSPost2010Prop30
280
     1
102
RTVSPost2010PropOp30
 70
     1
102
RTVSPost2010Prop31
280
     0
102
RTVSPost2010PropOp31
 70
     1
102
RTVSPost2010Prop32
280
     0
102
RTVSPost2010PropOp32
 70
     1
102
RTVSPost2010Prop33
280
     0
102
RTVSPost2010PropOp33
 70
     1
102
RTVSPost2010Prop34
280
     0
102
RTVSPost2010PropOp34
 70
     1
102
RTVSPost2010Prop35
280
     0
102
RTVSPost2010PropOp35
 70
     1
102
RTVSPost2010Prop36
280
     0
102
RTVSPost2010PropOp36
 70
     1
102
RTVSPost2010Prop37
 90
       50
102
RTVSPost2010PropOp37
 70
     1
102
RTVSPost2010Prop38
140
0.0
102
RTVSPost2010PropOp38
 70
     1
102
RTVSPost2010Prop39
140
1.0
102
RTVSPost2010PropOp39
 70
     1
102
RTVSPost2010Prop40
 90
        0
102
RTVSPost2010PropOp40
 70
     1
102
RTVSPost2010Prop41ColorIndex
 90
       18
102
RTVSPost2010Prop41ColorRGB
 90
        0
102
RTVSPost2010PropOp41
 70
     1
102
RTVSPost2010Prop42
 90
       50
102
RTVSPost2010PropOp42
 70
     1
102
RTVSPost2010Prop43
 90
        3
102
RTVSPost2010PropOp43
 70
     1
102
RTVSPost2010Prop44ColorIndex
 90
        5
102
RTVSPost2010Prop44ColorRGB
 90
      255
102
RTVSPost2010PropOp44
 70
     1
102
RTVSPost2010Prop45
280
     0
102
RTVSPost2010PropOp45
 70
     1
102
RTVSPost2010Prop46
 90
       50
102
RTVSPost2010PropOp46
 70
     1
102
RTVSPost2010Prop47
 90
       50
102
RTVSPost2010PropOp47
 70
     1
102
RTVSPost2010Prop48
 90
       50
102
RTVSPost2010PropOp48
 70
     1
102
RTVSPost2010Prop49
280
     0
102
RTVSPost2010PropOp49
 70
     1
102
RTVSPost2010Prop50
 90
       50
102
RTVSPost2010PropOp50
 70
     1
102
RTVSPost2010Prop51ColorIndex
 90
      256
102
RTVSPost2010Prop51ColorRGB
 90
-16777216
102
RTVSPost2010PropOp51
 70
     0
102
RTVSPost2010Prop52
140
1.0
102
RTVSPost2010PropOp52
 70
     0
102
RTVSPost2010Prop53
 90
        2
102
RTVSPost2010PropOp53
 70
     1
102
RTVSPost2010Prop54
  1
strokes_ogs.tif
102
RTVSPost2010PropOp54
 70
     1
102
RTVSPost2010Prop55
280
     0
102
RTVSPost2010PropOp55
 70
     1
102
RTVSPost2010Prop56
140
1.0
102
RTVSPost2010PropOp56
 70
     1
102
RTVSPost2010Prop57
140
1.0
102
RTVSPost2010PropOp57
 70
     1
102
RTVSPropertyOp0
 70
     0
102
RTVSPropertyOp1
 70
     0
102
RTVSPropertyOp2
 70
     0
102
RTVSPropertyOp3
 70
     0
102
RTVSPropertyOp4
 70
     0
102
RTVSPropertyOp5
 70
     0
102
RTVSPropertyOp6
 70
     0
102
RTVSPropertyOp7
 70
     0
102
RTVSPropertyOp8
 70
     0
102
RTVSPropertyOp9
 70
     0
102
RTVSPropertyOp10
 70
     0
102
RTVSPropertyOp11
 70
     0
102
RTVSPropertyOp12
 70
     0
102
RTVSPropertyOp13
 70
     0
102
RTVSPropertyOp14
 70
     2
102
RTVSPropertyOp15
 70
     0
102
RTVSPropertyOp16
 70
     0
102
RTVSPropertyOp17
 70
     0
102
RTVSPropertyOp18
 70
     0
102
RTVSPropertyOp19
 70
     0
102
RTVSPropertyOp20
 70
     0
102
RTVSPropertyOp21
 70
     0
102
RTVSPropertyOp22
 70
     0
102
RTVSPropertyOp23
 70
     0
102
RTVSPropertyOp24
 70
     0
102
RTVSPropertyOp25
 70
     0
102
RTVSPropertyOp26
 70
     0
102
RTVSPropertyOp27
 70
     0
102
RTVSPropertyOp28
 70
     1
102
RTVSPropertyOp29
 70
     1
102
RTVSPropertyOp30
 70
     1
102
RTVSPropertyOp31
 70
     1
102
RTVSPropertyOp32
 70
     1
102
RTVSPropertyOp33
 70
     1
102
RTVSPropertyOp34
 70
     1
102
RTVSPropertyOp35
 70
     1
102
RTVSPropertyOp36
 70
     1
102
RTVSPropertyOp37
 70
     1
102
RTVSPropertyOp38
 70
     1
102
RTVSPropertyOp39
 70
     1
102
RTVSPropertyOp40
 70
     1
102
RTVSPropertyOp41
 70
     1
102
RTVSPropertyOp42
 70
     1
102
RTVSPropertyOp43
 70
     1
102
RTVSPropertyOp44
 70
     1
102
RTVSPropertyOp45
 70
     1
102
RTVSPropertyOp46
 70
     1
102
RTVSPropertyOp47
 70
     1
102
RTVSPropertyOp48
 70
     1
102
RTVSPropertyOp49
 70
     1
102
RTVSPropertyOp50
 70
     1
102
RTVSPropertyOp51
 70
     0
102
RTVSPropertyOp52
 70
     0
102
RTVSPropertyOp53
 70
     1
102
RTVSPropertyOp54
 70
     1
102
RTVSPropertyOp55
 70
     1
102
RTVSPropertyOp56
 70
     1
102
RTVSPropertyOp57
 70
     1
102
RTVSPropertyOp58
 70
     1
102
RTVSPropertyOp59
 70
     1
102
RTVSPropertyOp60
 70
     1
102
RTVSPropertyOp61
 70
     1
102
RTVSPropertyOp62
 70
     1
  0
XRECORD
  5
2A3
102
{ACAD_REACTORS
330
2A2
102
}
330
2A2
100
AcDbXrecord
280
     1
102
RTVSPost2010Prop28
280
     0
102
RTVSPost2010PropOp28
 70
     1
102
RTVSPost2010Prop29
280
     1
102
RTVSPost2010PropOp29
 70
     1
102
RTVSPost2010Prop30
280
     1
102
RTVSPost2010PropOp30
 70
     1
102
RTVSPost2010Prop31
280
     0
102
RTVSPost2010PropOp31
 70
     1
102
RTVSPost2010Prop32
280
     0
102
RTVSPost2010PropOp32
 70
     1
102
RTVSPost2010Prop33
280
     0
102
RTVSPost2010PropOp33
 70
     1
102
RTVSPost2010Prop34
280
     0
102
RTVSPost2010PropOp34
 70
     1
102
RTVSPost2010Prop35
280
     0
102
RTVSPost2010PropOp35
 70
     1
102
RTVSPost2010Prop36
280
     0
102
RTVSPost2010PropOp36
 70
     1
102
RTVSPost2010Prop37
 90
       50
102
RTVSPost2010PropOp37
 70
     1
102
RTVSPost2010Prop38
140
0.0
102
RTVSPost2010PropOp38
 70
     1
102
RTVSPost2010Prop39
140
1.0
102
RTVSPost2010PropOp39
 70
     1
102
RTVSPost2010Prop40
 90
        0
102
RTVSPost2010PropOp40
 70
     1
102
RTVSPost2010Prop41ColorIndex
 90
       18
102
RTVSPost2010Prop41ColorRGB
 90
        0
102
RTVSPost2010PropOp41
 70
     1
102
RTVSPost2010Prop42
 90
       50
102
RTVSPost2010PropOp42
 70
     1
102
RTVSPost2010Prop43
 90
        3
102
RTVSPost2010PropOp43
 70
     1
102
RTVSPost2010Prop44ColorIndex
 90
        5
102
RTVSPost2010Prop44ColorRGB
 90
      255
102
RTVSPost2010PropOp44
 70
     1
102
RTVSPost2010Prop45
280
     0
102
RTVSPost2010PropOp45
 70
     1
102
RTVSPost2010Prop46
 90
       50
102
RTVSPost2010PropOp46
 70
     1
102
RTVSPost2010Prop47
 90
       50
102
RTVSPost2010PropOp47
 70
     1
102
RTVSPost2010Prop48
 90
       50
102
RTVSPost2010PropOp48
 70
     1
102
RTVSPost2010Prop49
280
     0
102
RTVSPost2010PropOp49
 70
     1
102
RTVSPost2010Prop50
 90
       50
102
RTVSPost2010PropOp50
 70
     1
102
RTVSPost2010Prop51ColorIndex
 90
      256
102
RTVSPost2010Prop51ColorRGB
 90
-16777216
102
RTVSPost2010PropOp51
 70
     0
102
RTVSPost2010Prop52
140
1.0
102
RTVSPost2010PropOp52
 70
     0
102
RTVSPost2010Prop53
 90
        2
102
RTVSPost2010PropOp53
 70
     1
102
RTVSPost2010Prop54
  1
strokes_ogs.tif
102
RTVSPost2010PropOp54
 70
     1
102
RTVSPost2010Prop55
280
     0
102
RTVSPost2010PropOp55
 70
     1
102
RTVSPost2010Prop56
140
1.0
102
RTVSPost2010PropOp56
 70
     1
102
RTVSPost2010Prop57
140
1.0
102
RTVSPost2010PropOp57
 70
     1
102
RTVSPropertyOp0
 70
     1
102
RTVSPropertyOp1
 70
     1
102
RTVSPropertyOp2
 70
     1
102
RTVSPropertyOp3
 70
     1
102
RTVSPropertyOp4
 70
     1
102
RTVSPropertyOp5
 70
     1
102
RTVSPropertyOp6
 70
     1
102
RTVSPropertyOp7
 70
     1
102
RTVSPropertyOp8
 70
     1
102
RTVSPropertyOp9
 70
     1
102
RTVSPropertyOp10
 70
     1
102
RTVSPropertyOp11
 70
     1
102
RTVSPropertyOp12
 70
     1
102
RTVSPropertyOp13
 70
     1
102
RTVSPropertyOp14
 70
     1
102
RTVSPropertyOp15
 70
     1
102
RTVSPropertyOp16
 70
     1
102
RTVSPropertyOp17
 70
     1
102
RTVSPropertyOp18
 70
     1
102
RTVSPropertyOp19
 70
     1
102
RTVSPropertyOp20
 70
     1
102
RTVSPropertyOp21
 70
     1
102
RTVSPropertyOp22
 70
     1
102
RTVSPropertyOp23
 70
     1
102
RTVSPropertyOp24
 70
     1
102
RTVSPropertyOp25
 70
     1
102
RTVSPropertyOp26
 70
     1
102
RTVSPropertyOp27
 70
     1
102
RTVSPropertyOp28
 70
     1
102
RTVSPropertyOp29
 70
     1
102
RTVSPropertyOp30
 70
     1
102
RTVSPropertyOp31
 70
     1
102
RTVSPropertyOp32
 70
     1
102
RTVSPropertyOp33
 70
     1
102
RTVSPropertyOp34
 70
     1
102
RTVSPropertyOp35
 70
     1
102
RTVSPropertyOp36
 70
     1
102
RTVSPropertyOp37
 70
     1
102
RTVSPropertyOp38
 70
     1
102
RTVSPropertyOp39
 70
     1
102
RTVSPropertyOp40
 70
     1
102
RTVSPropertyOp41
 70
     1
102
RTVSPropertyOp42
 70
     1
102
RTVSPropertyOp43
 70
     1
102
RTVSPropertyOp44
 70
     1
102
RTVSPropertyOp45
 70
     1
102
RTVSPropertyOp46
 70
     1
102
RTVSPropertyOp47
 70
     1
102
RTVSPropertyOp48
 70
     1
102
RTVSPropertyOp49
 70
     1
102
RTVSPropertyOp50
 70
     1
102
RTVSPropertyOp51
 70
     0
102
RTVSPropertyOp52
 70
     0
102
RTVSPropertyOp53
 70
     1
102
RTVSPropertyOp54
 70
     1
102
RTVSPropertyOp55
 70
     1
102
RTVSPropertyOp56
 70
     1
102
RTVSPropertyOp57
 70
     1
102
RTVSPropertyOp58
 70
     1
102
RTVSPropertyOp59
 70
     1
102
RTVSPropertyOp60
 70
     1
102
RTVSPropertyOp61
 70
     1
102
RTVSPropertyOp62
 70
     1
  0
XRECORD
  5
287
102
{ACAD_REACTORS
330
286
102
}
330
286
100
AcDbXrecord
280
     1
102
RTVSPost2010Prop28
280
     0
102
RTVSPost2010PropOp28
 70
     1
102
RTVSPost2010Prop29
280
     1
102
RTVSPost2010PropOp29
 70
     1
102
RTVSPost2010Prop30
280
     1
102
RTVSPost2010PropOp30
 70
     1
102
RTVSPost2010Prop31
280
     0
102
RTVSPost2010PropOp31
 70
     1
102
RTVSPost2010Prop32
280
     0
102
RTVSPost2010PropOp32
 70
     1
102
RTVSPost2010Prop33
280
     0
102
RTVSPost2010PropOp33
 70
     1
102
RTVSPost2010Prop34
280
     0
102
RTVSPost2010PropOp34
 70
     1
102
RTVSPost2010Prop35
280
     0
102
RTVSPost2010PropOp35
 70
     1
102
RTVSPost2010Prop36
280
     0
102
RTVSPost2010PropOp36
 70
     1
102
RTVSPost2010Prop37
 90
       50
102
RTVSPost2010PropOp37
 70
     1
102
RTVSPost2010Prop38
140
0.0
102
RTVSPost2010PropOp38
 70
     1
102
RTVSPost2010Prop39
140
1.0
102
RTVSPost2010PropOp39
 70
     1
102
RTVSPost2010Prop40
 90
        0
102
RTVSPost2010PropOp40
 70
     1
102
RTVSPost2010Prop41ColorIndex
 90
       18
102
RTVSPost2010Prop41ColorRGB
 90
        0
102
RTVSPost2010PropOp41
 70
     1
102
RTVSPost2010Prop42
 90
       50
102
RTVSPost2010PropOp42
 70
     1
102
RTVSPost2010Prop43
 90
        3
102
RTVSPost2010PropOp43
 70
     1
102
RTVSPost2010Prop44ColorIndex
 90
        5
102
RTVSPost2010Prop44ColorRGB
 90
      255
102
RTVSPost2010PropOp44
 70
     1
102
RTVSPost2010Prop45
280
     0
102
RTVSPost2010PropOp45
 70
     1
102
RTVSPost2010Prop46
 90
       50
102
RTVSPost2010PropOp46
 70
     1
102
RTVSPost2010Prop47
 90
       50
102
RTVSPost2010PropOp47
 70
     1
102
RTVSPost2010Prop48
 90
       50
102
RTVSPost2010PropOp48
 70
     1
102
RTVSPost2010Prop49
280
     0
102
RTVSPost2010PropOp49
 70
     1
102
RTVSPost2010Prop50
 90
       50
102
RTVSPost2010PropOp50
 70
     1
102
RTVSPost2010Prop51ColorIndex
 90
      256
102
RTVSPost2010Prop51ColorRGB
 90
-16777216
102
RTVSPost2010PropOp51
 70
     0
102
RTVSPost2010Prop52
140
1.0
102
RTVSPost2010PropOp52
 70
     0
102
RTVSPost2010Prop53
 90
        2
102
RTVSPost2010PropOp53
 70
     1
102
RTVSPost2010Prop54
  1
strokes_ogs.tif
102
RTVSPost2010PropOp54
 70
     1
102
RTVSPost2010Prop55
280
     0
102
RTVSPost2010PropOp55
 70
     1
102
RTVSPost2010Prop56
140
1.0
102
RTVSPost2010PropOp56
 70
     1
102
RTVSPost2010Prop57
140
1.0
102
RTVSPost2010PropOp57
 70
     1
102
RTVSPropertyOp0
 70
     1
102
RTVSPropertyOp1
 70
     1
102
RTVSPropertyOp2
 70
     1
102
RTVSPropertyOp3
 70
     1
102
RTVSPropertyOp4
 70
     1
102
RTVSPropertyOp5
 70
     1
102
RTVSPropertyOp6
 70
     1
102
RTVSPropertyOp7
 70
     1
102
RTVSPropertyOp8
 70
     1
102
RTVSPropertyOp9
 70
     1
102
RTVSPropertyOp10
 70
     1
102
RTVSPropertyOp11
 70
     1
102
RTVSPropertyOp12
 70
     1
102
RTVSPropertyOp13
 70
     1
102
RTVSPropertyOp14
 70
     1
102
RTVSPropertyOp15
 70
     1
102
RTVSPropertyOp16
 70
     1
102
RTVSPropertyOp17
 70
     1
102
RTVSPropertyOp18
 70
     1
102
RTVSPropertyOp19
 70
     1
102
RTVSPropertyOp20
 70
     1
102
RTVSPropertyOp21
 70
     1
102
RTVSPropertyOp22
 70
     1
102
RTVSPropertyOp23
 70
     1
102
RTVSPropertyOp24
 70
     1
102
RTVSPropertyOp25
 70
     1
102
RTVSPropertyOp26
 70
     1
102
RTVSPropertyOp27
 70
     1
102
RTVSPropertyOp28
 70
     1
102
RTVSPropertyOp29
 70
     1
102
RTVSPropertyOp30
 70
     1
102
RTVSPropertyOp31
 70
     1
102
RTVSPropertyOp32
 70
     1
102
RTVSPropertyOp33
 70
     1
102
RTVSPropertyOp34
 70
     1
102
RTVSPropertyOp35
 70
     1
102
RTVSPropertyOp36
 70
     1
102
RTVSPropertyOp37
 70
     1
102
RTVSPropertyOp38
 70
     1
102
RTVSPropertyOp39
 70
     1
102
RTVSPropertyOp40
 70
     1
102
RTVSPropertyOp41
 70
     1
102
RTVSPropertyOp42
 70
     1
102
RTVSPropertyOp43
 70
     1
102
RTVSPropertyOp44
 70
     1
102
RTVSPropertyOp45
 70
     1
102
RTVSPropertyOp46
 70
     1
102
RTVSPropertyOp47
 70
     1
102
RTVSPropertyOp48
 70
     1
102
RTVSPropertyOp49
 70
     1
102
RTVSPropertyOp50
 70
     1
102
RTVSPropertyOp51
 70
     0
102
RTVSPropertyOp52
 70
     0
102
RTVSPropertyOp53
 70
     1
102
RTVSPropertyOp54
 70
     1
102
RTVSPropertyOp55
 70
     1
102
RTVSPropertyOp56
 70
     1
102
RTVSPropertyOp57
 70
     1
102
RTVSPropertyOp58
 70
     1
102
RTVSPropertyOp59
 70
     1
102
RTVSPropertyOp60
 70
     1
102
RTVSPropertyOp61
 70
     1
102
RTVSPropertyOp62
 70
     1
  0
XRECORD
  5
289
102
{ACAD_REACTORS
330
288
102
}
330
288
100
AcDbXrecord
280
     1
102
RTVSPost2010Prop28
280
     0
102
RTVSPost2010PropOp28
 70
     1
102
RTVSPost2010Prop29
280
     1
102
RTVSPost2010PropOp29
 70
     1
102
RTVSPost2010Prop30
280
     1
102
RTVSPost2010PropOp30
 70
     1
102
RTVSPost2010Prop31
280
     0
102
RTVSPost2010PropOp31
 70
     1
102
RTVSPost2010Prop32
280
     0
102
RTVSPost2010PropOp32
 70
     1
102
RTVSPost2010Prop33
280
     0
102
RTVSPost2010PropOp33
 70
     1
102
RTVSPost2010Prop34
280
     0
102
RTVSPost2010PropOp34
 70
     1
102
RTVSPost2010Prop35
280
     0
102
RTVSPost2010PropOp35
 70
     1
102
RTVSPost2010Prop36
280
     0
102
RTVSPost2010PropOp36
 70
     1
102
RTVSPost2010Prop37
 90
       50
102
RTVSPost2010PropOp37
 70
     1
102
RTVSPost2010Prop38
140
0.0
102
RTVSPost2010PropOp38
 70
     1
102
RTVSPost2010Prop39
140
1.0
102
RTVSPost2010PropOp39
 70
     1
102
RTVSPost2010Prop40
 90
        0
102
RTVSPost2010PropOp40
 70
     1
102
RTVSPost2010Prop41ColorIndex
 90
       18
102
RTVSPost2010Prop41ColorRGB
 90
        0
102
RTVSPost2010PropOp41
 70
     1
102
RTVSPost2010Prop42
 90
       50
102
RTVSPost2010PropOp42
 70
     1
102
RTVSPost2010Prop43
 90
        3
102
RTVSPost2010PropOp43
 70
     1
102
RTVSPost2010Prop44ColorIndex
 90
        5
102
RTVSPost2010Prop44ColorRGB
 90
      255
102
RTVSPost2010PropOp44
 70
     1
102
RTVSPost2010Prop45
280
     0
102
RTVSPost2010PropOp45
 70
     1
102
RTVSPost2010Prop46
 90
       50
102
RTVSPost2010PropOp46
 70
     1
102
RTVSPost2010Prop47
 90
       50
102
RTVSPost2010PropOp47
 70
     1
102
RTVSPost2010Prop48
 90
       50
102
RTVSPost2010PropOp48
 70
     1
102
RTVSPost2010Prop49
280
     0
102
RTVSPost2010PropOp49
 70
     1
102
RTVSPost2010Prop50
 90
       50
102
RTVSPost2010PropOp50
 70
     1
102
RTVSPost2010Prop51ColorIndex
 90
      256
102
RTVSPost2010Prop51ColorRGB
 90
-16777216
102
RTVSPost2010PropOp51
 70
     0
102
RTVSPost2010Prop52
140
1.0
102
RTVSPost2010PropOp52
 70
     0
102
RTVSPost2010Prop53
 90
        2
102
RTVSPost2010PropOp53
 70
     1
102
RTVSPost2010Prop54
  1
strokes_ogs.tif
102
RTVSPost2010PropOp54
 70
     1
102
RTVSPost2010Prop55
280
     0
102
RTVSPost2010PropOp55
 70
     1
102
RTVSPost2010Prop56
140
1.0
102
RTVSPost2010PropOp56
 70
     1
102
RTVSPost2010Prop57
140
1.0
102
RTVSPost2010PropOp57
 70
     1
102
RTVSPropertyOp0
 70
     1
102
RTVSPropertyOp1
 70
     1
102
RTVSPropertyOp2
 70
     1
102
RTVSPropertyOp3
 70
     1
102
RTVSPropertyOp4
 70
     1
102
RTVSPropertyOp5
 70
     1
102
RTVSPropertyOp6
 70
     1
102
RTVSPropertyOp7
 70
     1
102
RTVSPropertyOp8
 70
     1
102
RTVSPropertyOp9
 70
     1
102
RTVSPropertyOp10
 70
     1
102
RTVSPropertyOp11
 70
     1
102
RTVSPropertyOp12
 70
     1
102
RTVSPropertyOp13
 70
     1
102
RTVSPropertyOp14
 70
     1
102
RTVSPropertyOp15
 70
     1
102
RTVSPropertyOp16
 70
     1
102
RTVSPropertyOp17
 70
     1
102
RTVSPropertyOp18
 70
     1
102
RTVSPropertyOp19
 70
     1
102
RTVSPropertyOp20
 70
     1
102
RTVSPropertyOp21
 70
     1
102
RTVSPropertyOp22
 70
     1
102
RTVSPropertyOp23
 70
     1
102
RTVSPropertyOp24
 70
     1
102
RTVSPropertyOp25
 70
     1
102
RTVSPropertyOp26
 70
     1
102
RTVSPropertyOp27
 70
     1
102
RTVSPropertyOp28
 70
     1
102
RTVSPropertyOp29
 70
     1
102
RTVSPropertyOp30
 70
     1
102
RTVSPropertyOp31
 70
     1
102
RTVSPropertyOp32
 70
     1
102
RTVSPropertyOp33
 70
     1
102
RTVSPropertyOp34
 70
     1
102
RTVSPropertyOp35
 70
     1
102
RTVSPropertyOp36
 70
     1
102
RTVSPropertyOp37
 70
     1
102
RTVSPropertyOp38
 70
     1
102
RTVSPropertyOp39
 70
     1
102
RTVSPropertyOp40
 70
     1
102
RTVSPropertyOp41
 70
     1
102
RTVSPropertyOp42
 70
     1
102
RTVSPropertyOp43
 70
     1
102
RTVSPropertyOp44
 70
     1
102
RTVSPropertyOp45
 70
     1
102
RTVSPropertyOp46
 70
     1
102
RTVSPropertyOp47
 70
     1
102
RTVSPropertyOp48
 70
     1
102
RTVSPropertyOp49
 70
     1
102
RTVSPropertyOp50
 70
     1
102
RTVSPropertyOp51
 70
     0
102
RTVSPropertyOp52
 70
     0
102
RTVSPropertyOp53
 70
     1
102
RTVSPropertyOp54
 70
     1
102
RTVSPropertyOp55
 70
     1
102
RTVSPropertyOp56
 70
     1
102
RTVSPropertyOp57
 70
     1
102
RTVSPropertyOp58
 70
     1
102
RTVSPropertyOp59
 70
     1
102
RTVSPropertyOp60
 70
     1
102
RTVSPropertyOp61
 70
     1
102
RTVSPropertyOp62
 70
     1
  0
XRECORD
  5
28B
102
{ACAD_REACTORS
330
28A
102
}
330
28A
100
AcDbXrecord
280
     1
102
RTVSPost2010Prop28
280
     0
102
RTVSPost2010PropOp28
 70
     1
102
RTVSPost2010Prop29
280
     1
102
RTVSPost2010PropOp29
 70
     1
102
RTVSPost2010Prop30
280
     1
102
RTVSPost2010PropOp30
 70
     1
102
RTVSPost2010Prop31
280
     0
102
RTVSPost2010PropOp31
 70
     1
102
RTVSPost2010Prop32
280
     0
102
RTVSPost2010PropOp32
 70
     1
102
RTVSPost2010Prop33
280
     0
102
RTVSPost2010PropOp33
 70
     1
102
RTVSPost2010Prop34
280
     0
102
RTVSPost2010PropOp34
 70
     1
102
RTVSPost2010Prop35
280
     0
102
RTVSPost2010PropOp35
 70
     1
102
RTVSPost2010Prop36
280
     0
102
RTVSPost2010PropOp36
 70
     1
102
RTVSPost2010Prop37
 90
       50
102
RTVSPost2010PropOp37
 70
     1
102
RTVSPost2010Prop38
140
0.0
102
RTVSPost2010PropOp38
 70
     1
102
RTVSPost2010Prop39
140
1.0
102
RTVSPost2010PropOp39
 70
     1
102
RTVSPost2010Prop40
 90
        0
102
RTVSPost2010PropOp40
 70
     1
102
RTVSPost2010Prop41ColorIndex
 90
       18
102
RTVSPost2010Prop41ColorRGB
 90
        0
102
RTVSPost2010PropOp41
 70
     1
102
RTVSPost2010Prop42
 90
       50
102
RTVSPost2010PropOp42
 70
     1
102
RTVSPost2010Prop43
 90
        3
102
RTVSPost2010PropOp43
 70
     1
102
RTVSPost2010Prop44ColorIndex
 90
        5
102
RTVSPost2010Prop44ColorRGB
 90
      255
102
RTVSPost2010PropOp44
 70
     1
102
RTVSPost2010Prop45
280
     0
102
RTVSPost2010PropOp45
 70
     1
102
RTVSPost2010Prop46
 90
       50
102
RTVSPost2010PropOp46
 70
     1
102
RTVSPost2010Prop47
 90
       50
102
RTVSPost2010PropOp47
 70
     1
102
RTVSPost2010Prop48
 90
       50
102
RTVSPost2010PropOp48
 70
     1
102
RTVSPost2010Prop49
280
     0
102
RTVSPost2010PropOp49
 70
     1
102
RTVSPost2010Prop50
 90
       50
102
RTVSPost2010PropOp50
 70
     1
102
RTVSPost2010Prop51ColorIndex
 90
      256
102
RTVSPost2010Prop51ColorRGB
 90
-16777216
102
RTVSPost2010PropOp51
 70
     0
102
RTVSPost2010Prop52
140
1.0
102
RTVSPost2010PropOp52
 70
     0
102
RTVSPost2010Prop53
 90
        2
102
RTVSPost2010PropOp53
 70
     1
102
RTVSPost2010Prop54
  1
strokes_ogs.tif
102
RTVSPost2010PropOp54
 70
     1
102
RTVSPost2010Prop55
280
     0
102
RTVSPost2010PropOp55
 70
     1
102
RTVSPost2010Prop56
140
1.0
102
RTVSPost2010PropOp56
 70
     1
102
RTVSPost2010Prop57
140
1.0
102
RTVSPost2010PropOp57
 70
     1
102
RTVSPropertyOp0
 70
     1
102
RTVSPropertyOp1
 70
     1
102
RTVSPropertyOp2
 70
     1
102
RTVSPropertyOp3
 70
     1
102
RTVSPropertyOp4
 70
     1
102
RTVSPropertyOp5
 70
     1
102
RTVSPropertyOp6
 70
     1
102
RTVSPropertyOp7
 70
     1
102
RTVSPropertyOp8
 70
     1
102
RTVSPropertyOp9
 70
     1
102
RTVSPropertyOp10
 70
     1
102
RTVSPropertyOp11
 70
     1
102
RTVSPropertyOp12
 70
     1
102
RTVSPropertyOp13
 70
     1
102
RTVSPropertyOp14
 70
     1
102
RTVSPropertyOp15
 70
     1
102
RTVSPropertyOp16
 70
     1
102
RTVSPropertyOp17
 70
     1
102
RTVSPropertyOp18
 70
     1
102
RTVSPropertyOp19
 70
     1
102
RTVSPropertyOp20
 70
     1
102
RTVSPropertyOp21
 70
     1
102
RTVSPropertyOp22
 70
     1
102
RTVSPropertyOp23
 70
     1
102
RTVSPropertyOp24
 70
     1
102
RTVSPropertyOp25
 70
     1
102
RTVSPropertyOp26
 70
     1
102
RTVSPropertyOp27
 70
     1
102
RTVSPropertyOp28
 70
     1
102
RTVSPropertyOp29
 70
     1
102
RTVSPropertyOp30
 70
     1
102
RTVSPropertyOp31
 70
     1
102
RTVSPropertyOp32
 70
     1
102
RTVSPropertyOp33
 70
     1
102
RTVSPropertyOp34
 70
     1
102
RTVSPropertyOp35
 70
     1
102
RTVSPropertyOp36
 70
     1
102
RTVSPropertyOp37
 70
     1
102
RTVSPropertyOp38
 70
     1
102
RTVSPropertyOp39
 70
     1
102
RTVSPropertyOp40
 70
     1
102
RTVSPropertyOp41
 70
     1
102
RTVSPropertyOp42
 70
     1
102
RTVSPropertyOp43
 70
     1
102
RTVSPropertyOp44
 70
     1
102
RTVSPropertyOp45
 70
     1
102
RTVSPropertyOp46
 70
     1
102
RTVSPropertyOp47
 70
     1
102
RTVSPropertyOp48
 70
     1
102
RTVSPropertyOp49
 70
     1
102
RTVSPropertyOp50
 70
     1
102
RTVSPropertyOp51
 70
     0
102
RTVSPropertyOp52
 70
     0
102
RTVSPropertyOp53
 70
     1
102
RTVSPropertyOp54
 70
     1
102
RTVSPropertyOp55
 70
     1
102
RTVSPropertyOp56
 70
     1
102
RTVSPropertyOp57
 70
     1
102
RTVSPropertyOp58
 70
     1
102
RTVSPropertyOp59
 70
     1
102
RTVSPropertyOp60
 70
     1
102
RTVSPropertyOp61
 70
     1
102
RTVSPropertyOp62
 70
     1
  0
XRECORD
  5
28D
102
{ACAD_REACTORS
330
28C
102
}
330
28C
100
AcDbXrecord
280
     1
102
RTVSPost2010Prop28
280
     0
102
RTVSPost2010PropOp28
 70
     1
102
RTVSPost2010Prop29
280
     1
102
RTVSPost2010PropOp29
 70
     1
102
RTVSPost2010Prop30
280
     1
102
RTVSPost2010PropOp30
 70
     1
102
RTVSPost2010Prop31
280
     0
102
RTVSPost2010PropOp31
 70
     1
102
RTVSPost2010Prop32
280
     0
102
RTVSPost2010PropOp32
 70
     1
102
RTVSPost2010Prop33
280
     0
102
RTVSPost2010PropOp33
 70
     1
102
RTVSPost2010Prop34
280
     0
102
RTVSPost2010PropOp34
 70
     1
102
RTVSPost2010Prop35
280
     0
102
RTVSPost2010PropOp35
 70
     1
102
RTVSPost2010Prop36
280
     0
102
RTVSPost2010PropOp36
 70
     1
102
RTVSPost2010Prop37
 90
       50
102
RTVSPost2010PropOp37
 70
     1
102
RTVSPost2010Prop38
140
0.0
102
RTVSPost2010PropOp38
 70
     1
102
RTVSPost2010Prop39
140
1.0
102
RTVSPost2010PropOp39
 70
     1
102
RTVSPost2010Prop40
 90
        0
102
RTVSPost2010PropOp40
 70
     1
102
RTVSPost2010Prop41ColorIndex
 90
       18
102
RTVSPost2010Prop41ColorRGB
 90
        0
102
RTVSPost2010PropOp41
 70
     1
102
RTVSPost2010Prop42
 90
       50
102
RTVSPost2010PropOp42
 70
     1
102
RTVSPost2010Prop43
 90
        3
102
RTVSPost2010PropOp43
 70
     1
102
RTVSPost2010Prop44ColorIndex
 90
        5
102
RTVSPost2010Prop44ColorRGB
 90
      255
102
RTVSPost2010PropOp44
 70
     1
102
RTVSPost2010Prop45
280
     0
102
RTVSPost2010PropOp45
 70
     1
102
RTVSPost2010Prop46
 90
       50
102
RTVSPost2010PropOp46
 70
     1
102
RTVSPost2010Prop47
 90
       50
102
RTVSPost2010PropOp47
 70
     1
102
RTVSPost2010Prop48
 90
       50
102
RTVSPost2010PropOp48
 70
     1
102
RTVSPost2010Prop49
280
     0
102
RTVSPost2010PropOp49
 70
     1
102
RTVSPost2010Prop50
 90
       50
102
RTVSPost2010PropOp50
 70
     1
102
RTVSPost2010Prop51ColorIndex
 90
      256
102
RTVSPost2010Prop51ColorRGB
 90
-16777216
102
RTVSPost2010PropOp51
 70
     0
102
RTVSPost2010Prop52
140
1.0
102
RTVSPost2010PropOp52
 70
     0
102
RTVSPost2010Prop53
 90
        2
102
RTVSPost2010PropOp53
 70
     1
102
RTVSPost2010Prop54
  1
strokes_ogs.tif
102
RTVSPost2010PropOp54
 70
     1
102
RTVSPost2010Prop55
280
     0
102
RTVSPost2010PropOp55
 70
     1
102
RTVSPost2010Prop56
140
1.0
102
RTVSPost2010PropOp56
 70
     1
102
RTVSPost2010Prop57
140
1.0
102
RTVSPost2010PropOp57
 70
     1
102
RTVSPropertyOp0
 70
     1
102
RTVSPropertyOp1
 70
     1
102
RTVSPropertyOp2
 70
     1
102
RTVSPropertyOp3
 70
     1
102
RTVSPropertyOp4
 70
     1
102
RTVSPropertyOp5
 70
     1
102
RTVSPropertyOp6
 70
     1
102
RTVSPropertyOp7
 70
     1
102
RTVSPropertyOp8
 70
     1
102
RTVSPropertyOp9
 70
     1
102
RTVSPropertyOp10
 70
     1
102
RTVSPropertyOp11
 70
     1
102
RTVSPropertyOp12
 70
     1
102
RTVSPropertyOp13
 70
     1
102
RTVSPropertyOp14
 70
     1
102
RTVSPropertyOp15
 70
     1
102
RTVSPropertyOp16
 70
     1
102
RTVSPropertyOp17
 70
     1
102
RTVSPropertyOp18
 70
     1
102
RTVSPropertyOp19
 70
     1
102
RTVSPropertyOp20
 70
     1
102
RTVSPropertyOp21
 70
     1
102
RTVSPropertyOp22
 70
     1
102
RTVSPropertyOp23
 70
     1
102
RTVSPropertyOp24
 70
     1
102
RTVSPropertyOp25
 70
     1
102
RTVSPropertyOp26
 70
     1
102
RTVSPropertyOp27
 70
     1
102
RTVSPropertyOp28
 70
     1
102
RTVSPropertyOp29
 70
     1
102
RTVSPropertyOp30
 70
     1
102
RTVSPropertyOp31
 70
     1
102
RTVSPropertyOp32
 70
     1
102
RTVSPropertyOp33
 70
     1
102
RTVSPropertyOp34
 70
     1
102
RTVSPropertyOp35
 70
     1
102
RTVSPropertyOp36
 70
     1
102
RTVSPropertyOp37
 70
     1
102
RTVSPropertyOp38
 70
     1
102
RTVSPropertyOp39
 70
     1
102
RTVSPropertyOp40
 70
     1
102
RTVSPropertyOp41
 70
     1
102
RTVSPropertyOp42
 70
     1
102
RTVSPropertyOp43
 70
     1
102
RTVSPropertyOp44
 70
     1
102
RTVSPropertyOp45
 70
     1
102
RTVSPropertyOp46
 70
     1
102
RTVSPropertyOp47
 70
     1
102
RTVSPropertyOp48
 70
     1
102
RTVSPropertyOp49
 70
     1
102
RTVSPropertyOp50
 70
     1
102
RTVSPropertyOp51
 70
     0
102
RTVSPropertyOp52
 70
     0
102
RTVSPropertyOp53
 70
     1
102
RTVSPropertyOp54
 70
     1
102
RTVSPropertyOp55
 70
     1
102
RTVSPropertyOp56
 70
     1
102
RTVSPropertyOp57
 70
     1
102
RTVSPropertyOp58
 70
     1
102
RTVSPropertyOp59
 70
     1
102
RTVSPropertyOp60
 70
     1
102
RTVSPropertyOp61
 70
     1
102
RTVSPropertyOp62
 70
     1
  0
XRECORD
  5
295
102
{ACAD_REACTORS
330
294
102
}
330
294
100
AcDbXrecord
280
     1
102
RTVSPost2010Prop28
280
     0
102
RTVSPost2010PropOp28
 70
     1
102
RTVSPost2010Prop29
280
     1
102
RTVSPost2010PropOp29
 70
     1
102
RTVSPost2010Prop30
280
     1
102
RTVSPost2010PropOp30
 70
     1
102
RTVSPost2010Prop31
280
     0
102
RTVSPost2010PropOp31
 70
     1
102
RTVSPost2010Prop32
280
     0
102
RTVSPost2010PropOp32
 70
     1
102
RTVSPost2010Prop33
280
     0
102
RTVSPost2010PropOp33
 70
     1
102
RTVSPost2010Prop34
280
     0
102
RTVSPost2010PropOp34
 70
     1
102
RTVSPost2010Prop35
280
     0
102
RTVSPost2010PropOp35
 70
     1
102
RTVSPost2010Prop36
280
     0
102
RTVSPost2010PropOp36
 70
     1
102
RTVSPost2010Prop37
 90
       50
102
RTVSPost2010PropOp37
 70
     1
102
RTVSPost2010Prop38
140
0.0
102
RTVSPost2010PropOp38
 70
     1
102
RTVSPost2010Prop39
140
1.0
102
RTVSPost2010PropOp39
 70
     1
102
RTVSPost2010Prop40
 90
        0
102
RTVSPost2010PropOp40
 70
     1
102
RTVSPost2010Prop41ColorIndex
 90
       18
102
RTVSPost2010Prop41ColorRGB
 90
        0
102
RTVSPost2010PropOp41
 70
     1
102
RTVSPost2010Prop42
 90
       50
102
RTVSPost2010PropOp42
 70
     1
102
RTVSPost2010Prop43
 90
        3
102
RTVSPost2010PropOp43
 70
     1
102
RTVSPost2010Prop44ColorIndex
 90
        5
102
RTVSPost2010Prop44ColorRGB
 90
      255
102
RTVSPost2010PropOp44
 70
     1
102
RTVSPost2010Prop45
280
     0
102
RTVSPost2010PropOp45
 70
     1
102
RTVSPost2010Prop46
 90
       50
102
RTVSPost2010PropOp46
 70
     1
102
RTVSPost2010Prop47
 90
       50
102
RTVSPost2010PropOp47
 70
     1
102
RTVSPost2010Prop48
 90
       50
102
RTVSPost2010PropOp48
 70
     1
102
RTVSPost2010Prop49
280
     0
102
RTVSPost2010PropOp49
 70
     1
102
RTVSPost2010Prop50
 90
       50
102
RTVSPost2010PropOp50
 70
     1
102
RTVSPost2010Prop51ColorIndex
 90
      256
102
RTVSPost2010Prop51ColorRGB
 90
-16777216
102
RTVSPost2010PropOp51
 70
     0
102
RTVSPost2010Prop52
140
1.0
102
RTVSPost2010PropOp52
 70
     0
102
RTVSPost2010Prop53
 90
        2
102
RTVSPost2010PropOp53
 70
     1
102
RTVSPost2010Prop54
  1
strokes_ogs.tif
102
RTVSPost2010PropOp54
 70
     1
102
RTVSPost2010Prop55
280
     0
102
RTVSPost2010PropOp55
 70
     1
102
RTVSPost2010Prop56
140
1.0
102
RTVSPost2010PropOp56
 70
     1
102
RTVSPost2010Prop57
140
1.0
102
RTVSPost2010PropOp57
 70
     1
102
RTVSPropertyOp0
 70
     1
102
RTVSPropertyOp1
 70
     1
102
RTVSPropertyOp2
 70
     1
102
RTVSPropertyOp3
 70
     1
102
RTVSPropertyOp4
 70
     1
102
RTVSPropertyOp5
 70
     1
102
RTVSPropertyOp6
 70
     1
102
RTVSPropertyOp7
 70
     1
102
RTVSPropertyOp8
 70
     1
102
RTVSPropertyOp9
 70
     1
102
RTVSPropertyOp10
 70
     1
102
RTVSPropertyOp11
 70
     1
102
RTVSPropertyOp12
 70
     1
102
RTVSPropertyOp13
 70
     1
102
RTVSPropertyOp14
 70
     1
102
RTVSPropertyOp15
 70
     1
102
RTVSPropertyOp16
 70
     1
102
RTVSPropertyOp17
 70
     1
102
RTVSPropertyOp18
 70
     1
102
RTVSPropertyOp19
 70
     1
102
RTVSPropertyOp20
 70
     1
102
RTVSPropertyOp21
 70
     1
102
RTVSPropertyOp22
 70
     1
102
RTVSPropertyOp23
 70
     1
102
RTVSPropertyOp24
 70
     1
102
RTVSPropertyOp25
 70
     1
102
RTVSPropertyOp26
 70
     1
102
RTVSPropertyOp27
 70
     1
102
RTVSPropertyOp28
 70
     1
102
RTVSPropertyOp29
 70
     1
102
RTVSPropertyOp30
 70
     1
102
RTVSPropertyOp31
 70
     1
102
RTVSPropertyOp32
 70
     1
102
RTVSPropertyOp33
 70
     1
102
RTVSPropertyOp34
 70
     1
102
RTVSPropertyOp35
 70
     1
102
RTVSPropertyOp36
 70
     1
102
RTVSPropertyOp37
 70
     1
102
RTVSPropertyOp38
 70
     1
102
RTVSPropertyOp39
 70
     1
102
RTVSPropertyOp40
 70
     1
102
RTVSPropertyOp41
 70
     1
102
RTVSPropertyOp42
 70
     1
102
RTVSPropertyOp43
 70
     1
102
RTVSPropertyOp44
 70
     1
102
RTVSPropertyOp45
 70
     1
102
RTVSPropertyOp46
 70
     1
102
RTVSPropertyOp47
 70
     1
102
RTVSPropertyOp48
 70
     1
102
RTVSPropertyOp49
 70
     1
102
RTVSPropertyOp50
 70
     1
102
RTVSPropertyOp51
 70
     0
102
RTVSPropertyOp52
 70
     0
102
RTVSPropertyOp53
 70
     1
102
RTVSPropertyOp54
 70
     1
102
RTVSPropertyOp55
 70
     1
102
RTVSPropertyOp56
 70
     1
102
RTVSPropertyOp57
 70
     1
102
RTVSPropertyOp58
 70
     1
102
RTVSPropertyOp59
 70
     1
102
RTVSPropertyOp60
 70
     1
102
RTVSPropertyOp61
 70
     1
102
RTVSPropertyOp62
 70
     1
  0
XRECORD
  5
2A7
102
{ACAD_REACTORS
330
2A6
102
}
330
2A6
100
AcDbXrecord
280
     1
102
RTVSPost2010Prop28
280
     0
102
RTVSPost2010PropOp28
 70
     1
102
RTVSPost2010Prop29
280
     1
102
RTVSPost2010PropOp29
 70
     1
102
RTVSPost2010Prop30
280
     1
102
RTVSPost2010PropOp30
 70
     1
102
RTVSPost2010Prop31
280
     0
102
RTVSPost2010PropOp31
 70
     1
102
RTVSPost2010Prop32
280
     0
102
RTVSPost2010PropOp32
 70
     1
102
RTVSPost2010Prop33
280
     0
102
RTVSPost2010PropOp33
 70
     1
102
RTVSPost2010Prop34
280
     0
102
RTVSPost2010PropOp34
 70
     1
102
RTVSPost2010Prop35
280
     0
102
RTVSPost2010PropOp35
 70
     1
102
RTVSPost2010Prop36
280
     0
102
RTVSPost2010PropOp36
 70
     1
102
RTVSPost2010Prop37
 90
       50
102
RTVSPost2010PropOp37
 70
     1
102
RTVSPost2010Prop38
140
0.0
102
RTVSPost2010PropOp38
 70
     1
102
RTVSPost2010Prop39
140
1.0
102
RTVSPost2010PropOp39
 70
     1
102
RTVSPost2010Prop40
 90
        0
102
RTVSPost2010PropOp40
 70
     1
102
RTVSPost2010Prop41ColorIndex
 90
       18
102
RTVSPost2010Prop41ColorRGB
 90
        0
102
RTVSPost2010PropOp41
 70
     1
102
RTVSPost2010Prop42
 90
       50
102
RTVSPost2010PropOp42
 70
     1
102
RTVSPost2010Prop43
 90
        3
102
RTVSPost2010PropOp43
 70
     1
102
RTVSPost2010Prop44ColorIndex
 90
        5
102
RTVSPost2010Prop44ColorRGB
 90
      255
102
RTVSPost2010PropOp44
 70
     1
102
RTVSPost2010Prop45
280
     0
102
RTVSPost2010PropOp45
 70
     1
102
RTVSPost2010Prop46
 90
       50
102
RTVSPost2010PropOp46
 70
     1
102
RTVSPost2010Prop47
 90
       50
102
RTVSPost2010PropOp47
 70
     1
102
RTVSPost2010Prop48
 90
       50
102
RTVSPost2010PropOp48
 70
     1
102
RTVSPost2010Prop49
280
     0
102
RTVSPost2010PropOp49
 70
     1
102
RTVSPost2010Prop50
 90
       50
102
RTVSPost2010PropOp50
 70
     1
102
RTVSPost2010Prop51ColorIndex
 90
      256
102
RTVSPost2010Prop51ColorRGB
 90
-16777216
102
RTVSPost2010PropOp51
 70
     0
102
RTVSPost2010Prop52
140
1.0
102
RTVSPost2010PropOp52
 70
     0
102
RTVSPost2010Prop53
 90
        2
102
RTVSPost2010PropOp53
 70
     1
102
RTVSPost2010Prop54
  1
strokes_ogs.tif
102
RTVSPost2010PropOp54
 70
     1
102
RTVSPost2010Prop55
280
     0
102
RTVSPost2010PropOp55
 70
     1
102
RTVSPost2010Prop56
140
1.0
102
RTVSPost2010PropOp56
 70
     1
102
RTVSPost2010Prop57
140
1.0
102
RTVSPost2010PropOp57
 70
     1
102
RTVSPropertyOp0
 70
     0
102
RTVSPropertyOp1
 70
     0
102
RTVSPropertyOp2
 70
     0
102
RTVSPropertyOp3
 70
     0
102
RTVSPropertyOp4
 70
     0
102
RTVSPropertyOp5
 70
     0
102
RTVSPropertyOp6
 70
     0
102
RTVSPropertyOp7
 70
     0
102
RTVSPropertyOp8
 70
     0
102
RTVSPropertyOp9
 70
     0
102
RTVSPropertyOp10
 70
     0
102
RTVSPropertyOp11
 70
     0
102
RTVSPropertyOp12
 70
     0
102
RTVSPropertyOp13
 70
     0
102
RTVSPropertyOp14
 70
     2
102
RTVSPropertyOp15
 70
     0
102
RTVSPropertyOp16
 70
     0
102
RTVSPropertyOp17
 70
     0
102
RTVSPropertyOp18
 70
     0
102
RTVSPropertyOp19
 70
     0
102
RTVSPropertyOp20
 70
     0
102
RTVSPropertyOp21
 70
     0
102
RTVSPropertyOp22
 70
     0
102
RTVSPropertyOp23
 70
     0
102
RTVSPropertyOp24
 70
     0
102
RTVSPropertyOp25
 70
     0
102
RTVSPropertyOp26
 70
     0
102
RTVSPropertyOp27
 70
     0
102
RTVSPropertyOp28
 70
     1
102
RTVSPropertyOp29
 70
     1
102
RTVSPropertyOp30
 70
     1
102
RTVSPropertyOp31
 70
     1
102
RTVSPropertyOp32
 70
     1
102
RTVSPropertyOp33
 70
     1
102
RTVSPropertyOp34
 70
     1
102
RTVSPropertyOp35
 70
     1
102
RTVSPropertyOp36
 70
     1
102
RTVSPropertyOp37
 70
     1
102
RTVSPropertyOp38
 70
     1
102
RTVSPropertyOp39
 70
     1
102
RTVSPropertyOp40
 70
     1
102
RTVSPropertyOp41
 70
     1
102
RTVSPropertyOp42
 70
     1
102
RTVSPropertyOp43
 70
     1
102
RTVSPropertyOp44
 70
     1
102
RTVSPropertyOp45
 70
     1
102
RTVSPropertyOp46
 70
     1
102
RTVSPropertyOp47
 70
     1
102
RTVSPropertyOp48
 70
     1
102
RTVSPropertyOp49
 70
     1
102
RTVSPropertyOp50
 70
     1
102
RTVSPropertyOp51
 70
     0
102
RTVSPropertyOp52
 70
     0
102
RTVSPropertyOp53
 70
     1
102
RTVSPropertyOp54
 70
     1
102
RTVSPropertyOp55
 70
     1
102
RTVSPropertyOp56
 70
     1
102
RTVSPropertyOp57
 70
     1
102
RTVSPropertyOp58
 70
     1
102
RTVSPropertyOp59
 70
     1
102
RTVSPropertyOp60
 70
     1
102
RTVSPropertyOp61
 70
     1
102
RTVSPropertyOp62
 70
     1
  0
XRECORD
  5
2A1
102
{ACAD_REACTORS
330
2A0
102
}
330
2A0
100
AcDbXrecord
280
     1
102
RTVSPost2010Prop28
280
     0
102
RTVSPost2010PropOp28
 70
     1
102
RTVSPost2010Prop29
280
     1
102
RTVSPost2010PropOp29
 70
     1
102
RTVSPost2010Prop30
280
     1
102
RTVSPost2010PropOp30
 70
     1
102
RTVSPost2010Prop31
280
     0
102
RTVSPost2010PropOp31
 70
     1
102
RTVSPost2010Prop32
280
     0
102
RTVSPost2010PropOp32
 70
     1
102
RTVSPost2010Prop33
280
     0
102
RTVSPost2010PropOp33
 70
     1
102
RTVSPost2010Prop34
280
     0
102
RTVSPost2010PropOp34
 70
     1
102
RTVSPost2010Prop35
280
     0
102
RTVSPost2010PropOp35
 70
     1
102
RTVSPost2010Prop36
280
     0
102
RTVSPost2010PropOp36
 70
     1
102
RTVSPost2010Prop37
 90
       50
102
RTVSPost2010PropOp37
 70
     1
102
RTVSPost2010Prop38
140
0.0
102
RTVSPost2010PropOp38
 70
     1
102
RTVSPost2010Prop39
140
1.0
102
RTVSPost2010PropOp39
 70
     1
102
RTVSPost2010Prop40
 90
        0
102
RTVSPost2010PropOp40
 70
     1
102
RTVSPost2010Prop41ColorIndex
 90
       18
102
RTVSPost2010Prop41ColorRGB
 90
        0
102
RTVSPost2010PropOp41
 70
     1
102
RTVSPost2010Prop42
 90
       50
102
RTVSPost2010PropOp42
 70
     1
102
RTVSPost2010Prop43
 90
        3
102
RTVSPost2010PropOp43
 70
     1
102
RTVSPost2010Prop44ColorIndex
 90
        5
102
RTVSPost2010Prop44ColorRGB
 90
      255
102
RTVSPost2010PropOp44
 70
     1
102
RTVSPost2010Prop45
280
     0
102
RTVSPost2010PropOp45
 70
     1
102
RTVSPost2010Prop46
 90
       50
102
RTVSPost2010PropOp46
 70
     1
102
RTVSPost2010Prop47
 90
       50
102
RTVSPost2010PropOp47
 70
     1
102
RTVSPost2010Prop48
 90
       50
102
RTVSPost2010PropOp48
 70
     1
102
RTVSPost2010Prop49
280
     0
102
RTVSPost2010PropOp49
 70
     1
102
RTVSPost2010Prop50
 90
       50
102
RTVSPost2010PropOp50
 70
     1
102
RTVSPost2010Prop51ColorIndex
 90
      256
102
RTVSPost2010Prop51ColorRGB
 90
-16777216
102
RTVSPost2010PropOp51
 70
     0
102
RTVSPost2010Prop52
140
1.0
102
RTVSPost2010PropOp52
 70
     0
102
RTVSPost2010Prop53
 90
        2
102
RTVSPost2010PropOp53
 70
     1
102
RTVSPost2010Prop54
  1
strokes_ogs.tif
102
RTVSPost2010PropOp54
 70
     1
102
RTVSPost2010Prop55
280
     0
102
RTVSPost2010PropOp55
 70
     1
102
RTVSPost2010Prop56
140
1.0
102
RTVSPost2010PropOp56
 70
     1
102
RTVSPost2010Prop57
140
1.0
102
RTVSPost2010PropOp57
 70
     1
102
RTVSPropertyOp0
 70
     1
102
RTVSPropertyOp1
 70
     1
102
RTVSPropertyOp2
 70
     1
102
RTVSPropertyOp3
 70
     1
102
RTVSPropertyOp4
 70
     1
102
RTVSPropertyOp5
 70
     1
102
RTVSPropertyOp6
 70
     1
102
RTVSPropertyOp7
 70
     1
102
RTVSPropertyOp8
 70
     1
102
RTVSPropertyOp9
 70
     1
102
RTVSPropertyOp10
 70
     1
102
RTVSPropertyOp11
 70
     1
102
RTVSPropertyOp12
 70
     1
102
RTVSPropertyOp13
 70
     1
102
RTVSPropertyOp14
 70
     1
102
RTVSPropertyOp15
 70
     1
102
RTVSPropertyOp16
 70
     1
102
RTVSPropertyOp17
 70
     1
102
RTVSPropertyOp18
 70
     1
102
RTVSPropertyOp19
 70
     1
102
RTVSPropertyOp20
 70
     1
102
RTVSPropertyOp21
 70
     1
102
RTVSPropertyOp22
 70
     1
102
RTVSPropertyOp23
 70
     1
102
RTVSPropertyOp24
 70
     1
102
RTVSPropertyOp25
 70
     1
102
RTVSPropertyOp26
 70
     1
102
RTVSPropertyOp27
 70
     1
102
RTVSPropertyOp28
 70
     1
102
RTVSPropertyOp29
 70
     1
102
RTVSPropertyOp30
 70
     1
102
RTVSPropertyOp31
 70
     1
102
RTVSPropertyOp32
 70
     1
102
RTVSPropertyOp33
 70
     1
102
RTVSPropertyOp34
 70
     1
102
RTVSPropertyOp35
 70
     1
102
RTVSPropertyOp36
 70
     1
102
RTVSPropertyOp37
 70
     1
102
RTVSPropertyOp38
 70
     1
102
RTVSPropertyOp39
 70
     1
102
RTVSPropertyOp40
 70
     1
102
RTVSPropertyOp41
 70
     1
102
RTVSPropertyOp42
 70
     1
102
RTVSPropertyOp43
 70
     1
102
RTVSPropertyOp44
 70
     1
102
RTVSPropertyOp45
 70
     1
102
RTVSPropertyOp46
 70
     1
102
RTVSPropertyOp47
 70
     1
102
RTVSPropertyOp48
 70
     1
102
RTVSPropertyOp49
 70
     1
102
RTVSPropertyOp50
 70
     1
102
RTVSPropertyOp51
 70
     0
102
RTVSPropertyOp52
 70
     0
102
RTVSPropertyOp53
 70
     1
102
RTVSPropertyOp54
 70
     1
102
RTVSPropertyOp55
 70
     1
102
RTVSPropertyOp56
 70
     1
102
RTVSPropertyOp57
 70
     1
102
RTVSPropertyOp58
 70
     1
102
RTVSPropertyOp59
 70
     1
102
RTVSPropertyOp60
 70
     1
102
RTVSPropertyOp61
 70
     1
102
RTVSPropertyOp62
 70
     1
  0
XRECORD
  5
2A9
102
{ACAD_REACTORS
330
2A8
102
}
330
2A8
100
AcDbXrecord
280
     1
102
RTVSPost2010Prop28
280
     0
102
RTVSPost2010PropOp28
 70
     1
102
RTVSPost2010Prop29
280
     1
102
RTVSPost2010PropOp29
 70
     1
102
RTVSPost2010Prop30
280
     1
102
RTVSPost2010PropOp30
 70
     1
102
RTVSPost2010Prop31
280
     0
102
RTVSPost2010PropOp31
 70
     1
102
RTVSPost2010Prop32
280
     0
102
RTVSPost2010PropOp32
 70
     1
102
RTVSPost2010Prop33
280
     0
102
RTVSPost2010PropOp33
 70
     1
102
RTVSPost2010Prop34
280
     0
102
RTVSPost2010PropOp34
 70
     1
102
RTVSPost2010Prop35
280
     0
102
RTVSPost2010PropOp35
 70
     1
102
RTVSPost2010Prop36
280
     0
102
RTVSPost2010PropOp36
 70
     1
102
RTVSPost2010Prop37
 90
       50
102
RTVSPost2010PropOp37
 70
     1
102
RTVSPost2010Prop38
140
0.0
102
RTVSPost2010PropOp38
 70
     1
102
RTVSPost2010Prop39
140
1.0
102
RTVSPost2010PropOp39
 70
     1
102
RTVSPost2010Prop40
 90
        0
102
RTVSPost2010PropOp40
 70
     1
102
RTVSPost2010Prop41ColorIndex
 90
       18
102
RTVSPost2010Prop41ColorRGB
 90
        0
102
RTVSPost2010PropOp41
 70
     1
102
RTVSPost2010Prop42
 90
       50
102
RTVSPost2010PropOp42
 70
     1
102
RTVSPost2010Prop43
 90
        3
102
RTVSPost2010PropOp43
 70
     1
102
RTVSPost2010Prop44ColorIndex
 90
        5
102
RTVSPost2010Prop44ColorRGB
 90
      255
102
RTVSPost2010PropOp44
 70
     1
102
RTVSPost2010Prop45
280
     0
102
RTVSPost2010PropOp45
 70
     1
102
RTVSPost2010Prop46
 90
       50
102
RTVSPost2010PropOp46
 70
     1
102
RTVSPost2010Prop47
 90
       50
102
RTVSPost2010PropOp47
 70
     1
102
RTVSPost2010Prop48
 90
       50
102
RTVSPost2010PropOp48
 70
     1
102
RTVSPost2010Prop49
280
     0
102
RTVSPost2010PropOp49
 70
     1
102
RTVSPost2010Prop50
 90
       50
102
RTVSPost2010PropOp50
 70
     1
102
RTVSPost2010Prop51ColorIndex
 90
      256
102
RTVSPost2010Prop51ColorRGB
 90
-16777216
102
RTVSPost2010PropOp51
 70
     0
102
RTVSPost2010Prop52
140
1.0
102
RTVSPost2010PropOp52
 70
     0
102
RTVSPost2010Prop53
 90
        2
102
RTVSPost2010PropOp53
 70
     1
102
RTVSPost2010Prop54
  1
strokes_ogs.tif
102
RTVSPost2010PropOp54
 70
     1
102
RTVSPost2010Prop55
280
     0
102
RTVSPost2010PropOp55
 70
     1
102
RTVSPost2010Prop56
140
1.0
102
RTVSPost2010PropOp56
 70
     1
102
RTVSPost2010Prop57
140
1.0
102
RTVSPost2010PropOp57
 70
     1
102
RTVSPropertyOp0
 70
     0
102
RTVSPropertyOp1
 70
     0
102
RTVSPropertyOp2
 70
     0
102
RTVSPropertyOp3
 70
     0
102
RTVSPropertyOp4
 70
     0
102
RTVSPropertyOp5
 70
     0
102
RTVSPropertyOp6
 70
     0
102
RTVSPropertyOp7
 70
     0
102
RTVSPropertyOp8
 70
     0
102
RTVSPropertyOp9
 70
     0
102
RTVSPropertyOp10
 70
     0
102
RTVSPropertyOp11
 70
     0
102
RTVSPropertyOp12
 70
     0
102
RTVSPropertyOp13
 70
     0
102
RTVSPropertyOp14
 70
     2
102
RTVSPropertyOp15
 70
     0
102
RTVSPropertyOp16
 70
     0
102
RTVSPropertyOp17
 70
     0
102
RTVSPropertyOp18
 70
     0
102
RTVSPropertyOp19
 70
     0
102
RTVSPropertyOp20
 70
     0
102
RTVSPropertyOp21
 70
     0
102
RTVSPropertyOp22
 70
     0
102
RTVSPropertyOp23
 70
     0
102
RTVSPropertyOp24
 70
     0
102
RTVSPropertyOp25
 70
     0
102
RTVSPropertyOp26
 70
     0
102
RTVSPropertyOp27
 70
     0
102
RTVSPropertyOp28
 70
     1
102
RTVSPropertyOp29
 70
     1
102
RTVSPropertyOp30
 70
     1
102
RTVSPropertyOp31
 70
     1
102
RTVSPropertyOp32
 70
     1
102
RTVSPropertyOp33
 70
     1
102
RTVSPropertyOp34
 70
     1
102
RTVSPropertyOp35
 70
     1
102
RTVSPropertyOp36
 70
     1
102
RTVSPropertyOp37
 70
     1
102
RTVSPropertyOp38
 70
     1
102
RTVSPropertyOp39
 70
     1
102
RTVSPropertyOp40
 70
     1
102
RTVSPropertyOp41
 70
     1
102
RTVSPropertyOp42
 70
     1
102
RTVSPropertyOp43
 70
     1
102
RTVSPropertyOp44
 70
     1
102
RTVSPropertyOp45
 70
     1
102
RTVSPropertyOp46
 70
     1
102
RTVSPropertyOp47
 70
     1
102
RTVSPropertyOp48
 70
     1
102
RTVSPropertyOp49
 70
     1
102
RTVSPropertyOp50
 70
     1
102
RTVSPropertyOp51
 70
     0
102
RTVSPropertyOp52
 70
     0
102
RTVSPropertyOp53
 70
     1
102
RTVSPropertyOp54
 70
     1
102
RTVSPropertyOp55
 70
     1
102
RTVSPropertyOp56
 70
     1
102
RTVSPropertyOp57
 70
     1
102
RTVSPropertyOp58
 70
     1
102
RTVSPropertyOp59
 70
     1
102
RTVSPropertyOp60
 70
     1
102
RTVSPropertyOp61
 70
     1
102
RTVSPropertyOp62
 70
     1
  0
XRECORD
  5
299
102
{ACAD_REACTORS
330
298
102
}
330
298
100
AcDbXrecord
280
     1
102
RTVSPost2010Prop28
280
     0
102
RTVSPost2010PropOp28
 70
     1
102
RTVSPost2010Prop29
280
     1
102
RTVSPost2010PropOp29
 70
     1
102
RTVSPost2010Prop30
280
     1
102
RTVSPost2010PropOp30
 70
     1
102
RTVSPost2010Prop31
280
     0
102
RTVSPost2010PropOp31
 70
     1
102
RTVSPost2010Prop32
280
     0
102
RTVSPost2010PropOp32
 70
     1
102
RTVSPost2010Prop33
280
     0
102
RTVSPost2010PropOp33
 70
     1
102
RTVSPost2010Prop34
280
     0
102
RTVSPost2010PropOp34
 70
     1
102
RTVSPost2010Prop35
280
     0
102
RTVSPost2010PropOp35
 70
     1
102
RTVSPost2010Prop36
280
     0
102
RTVSPost2010PropOp36
 70
     1
102
RTVSPost2010Prop37
 90
       50
102
RTVSPost2010PropOp37
 70
     1
102
RTVSPost2010Prop38
140
0.0
102
RTVSPost2010PropOp38
 70
     1
102
RTVSPost2010Prop39
140
1.0
102
RTVSPost2010PropOp39
 70
     1
102
RTVSPost2010Prop40
 90
        0
102
RTVSPost2010PropOp40
 70
     1
102
RTVSPost2010Prop41ColorIndex
 90
       18
102
RTVSPost2010Prop41ColorRGB
 90
        0
102
RTVSPost2010PropOp41
 70
     1
102
RTVSPost2010Prop42
 90
       50
102
RTVSPost2010PropOp42
 70
     1
102
RTVSPost2010Prop43
 90
        3
102
RTVSPost2010PropOp43
 70
     1
102
RTVSPost2010Prop44ColorIndex
 90
        5
102
RTVSPost2010Prop44ColorRGB
 90
      255
102
RTVSPost2010PropOp44
 70
     1
102
RTVSPost2010Prop45
280
     0
102
RTVSPost2010PropOp45
 70
     1
102
RTVSPost2010Prop46
 90
       50
102
RTVSPost2010PropOp46
 70
     1
102
RTVSPost2010Prop47
 90
       50
102
RTVSPost2010PropOp47
 70
     1
102
RTVSPost2010Prop48
 90
       50
102
RTVSPost2010PropOp48
 70
     1
102
RTVSPost2010Prop49
280
     0
102
RTVSPost2010PropOp49
 70
     1
102
RTVSPost2010Prop50
 90
       50
102
RTVSPost2010PropOp50
 70
     1
102
RTVSPost2010Prop51ColorIndex
 90
      256
102
RTVSPost2010Prop51ColorRGB
 90
-16777216
102
RTVSPost2010PropOp51
 70
     0
102
RTVSPost2010Prop52
140
1.0
102
RTVSPost2010PropOp52
 70
     0
102
RTVSPost2010Prop53
 90
        2
102
RTVSPost2010PropOp53
 70
     1
102
RTVSPost2010Prop54
  1
strokes_ogs.tif
102
RTVSPost2010PropOp54
 70
     1
102
RTVSPost2010Prop55
280
     0
102
RTVSPost2010PropOp55
 70
     1
102
RTVSPost2010Prop56
140
1.0
102
RTVSPost2010PropOp56
 70
     1
102
RTVSPost2010Prop57
140
1.0
102
RTVSPost2010PropOp57
 70
     1
102
RTVSPropertyOp0
 70
     1
102
RTVSPropertyOp1
 70
     1
102
RTVSPropertyOp2
 70
     1
102
RTVSPropertyOp3
 70
     1
102
RTVSPropertyOp4
 70
     1
102
RTVSPropertyOp5
 70
     1
102
RTVSPropertyOp6
 70
     1
102
RTVSPropertyOp7
 70
     1
102
RTVSPropertyOp8
 70
     1
102
RTVSPropertyOp9
 70
     1
102
RTVSPropertyOp10
 70
     1
102
RTVSPropertyOp11
 70
     1
102
RTVSPropertyOp12
 70
     1
102
RTVSPropertyOp13
 70
     1
102
RTVSPropertyOp14
 70
     1
102
RTVSPropertyOp15
 70
     1
102
RTVSPropertyOp16
 70
     1
102
RTVSPropertyOp17
 70
     1
102
RTVSPropertyOp18
 70
     1
102
RTVSPropertyOp19
 70
     1
102
RTVSPropertyOp20
 70
     1
102
RTVSPropertyOp21
 70
     1
102
RTVSPropertyOp22
 70
     1
102
RTVSPropertyOp23
 70
     1
102
RTVSPropertyOp24
 70
     1
102
RTVSPropertyOp25
 70
     1
102
RTVSPropertyOp26
 70
     1
102
RTVSPropertyOp27
 70
     1
102
RTVSPropertyOp28
 70
     1
102
RTVSPropertyOp29
 70
     1
102
RTVSPropertyOp30
 70
     1
102
RTVSPropertyOp31
 70
     1
102
RTVSPropertyOp32
 70
     1
102
RTVSPropertyOp33
 70
     1
102
RTVSPropertyOp34
 70
     1
102
RTVSPropertyOp35
 70
     1
102
RTVSPropertyOp36
 70
     1
102
RTVSPropertyOp37
 70
     1
102
RTVSPropertyOp38
 70
     1
102
RTVSPropertyOp39
 70
     1
102
RTVSPropertyOp40
 70
     1
102
RTVSPropertyOp41
 70
     1
102
RTVSPropertyOp42
 70
     1
102
RTVSPropertyOp43
 70
     1
102
RTVSPropertyOp44
 70
     1
102
RTVSPropertyOp45
 70
     1
102
RTVSPropertyOp46
 70
     1
102
RTVSPropertyOp47
 70
     1
102
RTVSPropertyOp48
 70
     1
102
RTVSPropertyOp49
 70
     1
102
RTVSPropertyOp50
 70
     1
102
RTVSPropertyOp51
 70
     0
102
RTVSPropertyOp52
 70
     0
102
RTVSPropertyOp53
 70
     1
102
RTVSPropertyOp54
 70
     1
102
RTVSPropertyOp55
 70
     1
102
RTVSPropertyOp56
 70
     1
102
RTVSPropertyOp57
 70
     1
102
RTVSPropertyOp58
 70
     1
102
RTVSPropertyOp59
 70
     1
102
RTVSPropertyOp60
 70
     1
102
RTVSPropertyOp61
 70
     1
102
RTVSPropertyOp62
 70
     1
  0
XRECORD
  5
2B5
102
{ACAD_REACTORS
330
2B4
102
}
330
2B4
100
AcDbXrecord
280
     1
102
RTVSPost2010Prop28
280
     0
102
RTVSPost2010PropOp28
 70
     1
102
RTVSPost2010Prop29
280
     1
102
RTVSPost2010PropOp29
 70
     1
102
RTVSPost2010Prop30
280
     1
102
RTVSPost2010PropOp30
 70
     1
102
RTVSPost2010Prop31
280
     0
102
RTVSPost2010PropOp31
 70
     1
102
RTVSPost2010Prop32
280
     0
102
RTVSPost2010PropOp32
 70
     1
102
RTVSPost2010Prop33
280
     0
102
RTVSPost2010PropOp33
 70
     1
102
RTVSPost2010Prop34
280
     0
102
RTVSPost2010PropOp34
 70
     1
102
RTVSPost2010Prop35
280
     0
102
RTVSPost2010PropOp35
 70
     1
102
RTVSPost2010Prop36
280
     0
102
RTVSPost2010PropOp36
 70
     1
102
RTVSPost2010Prop37
 90
       50
102
RTVSPost2010PropOp37
 70
     1
102
RTVSPost2010Prop38
140
0.0
102
RTVSPost2010PropOp38
 70
     1
102
RTVSPost2010Prop39
140
1.0
102
RTVSPost2010PropOp39
 70
     1
102
RTVSPost2010Prop40
 90
        0
102
RTVSPost2010PropOp40
 70
     1
102
RTVSPost2010Prop41ColorIndex
 90
       18
102
RTVSPost2010Prop41ColorRGB
 90
        0
102
RTVSPost2010PropOp41
 70
     1
102
RTVSPost2010Prop42
 90
       50
102
RTVSPost2010PropOp42
 70
     1
102
RTVSPost2010Prop43
 90
        3
102
RTVSPost2010PropOp43
 70
     1
102
RTVSPost2010Prop44ColorIndex
 90
        5
102
RTVSPost2010Prop44ColorRGB
 90
      255
102
RTVSPost2010PropOp44
 70
     1
102
RTVSPost2010Prop45
280
     0
102
RTVSPost2010PropOp45
 70
     1
102
RTVSPost2010Prop46
 90
       50
102
RTVSPost2010PropOp46
 70
     1
102
RTVSPost2010Prop47
 90
       50
102
RTVSPost2010PropOp47
 70
     1
102
RTVSPost2010Prop48
 90
       50
102
RTVSPost2010PropOp48
 70
     1
102
RTVSPost2010Prop49
280
     0
102
RTVSPost2010PropOp49
 70
     1
102
RTVSPost2010Prop50
 90
       50
102
RTVSPost2010PropOp50
 70
     1
102
RTVSPost2010Prop51ColorIndex
 90
      256
102
RTVSPost2010Prop51ColorRGB
 90
-16777216
102
RTVSPost2010PropOp51
 70
     0
102
RTVSPost2010Prop52
140
1.0
102
RTVSPost2010PropOp52
 70
     0
102
RTVSPost2010Prop53
 90
        2
102
RTVSPost2010PropOp53
 70
     1
102
RTVSPost2010Prop54
  1
strokes_ogs.tif
102
RTVSPost2010PropOp54
 70
     1
102
RTVSPost2010Prop55
280
     0
102
RTVSPost2010PropOp55
 70
     1
102
RTVSPost2010Prop56
140
1.0
102
RTVSPost2010PropOp56
 70
     1
102
RTVSPost2010Prop57
140
1.0
102
RTVSPost2010PropOp57
 70
     1
102
RTVSPropertyOp0
 70
     1
102
RTVSPropertyOp1
 70
     1
102
RTVSPropertyOp2
 70
     1
102
RTVSPropertyOp3
 70
     1
102
RTVSPropertyOp4
 70
     1
102
RTVSPropertyOp5
 70
     1
102
RTVSPropertyOp6
 70
     1
102
RTVSPropertyOp7
 70
     1
102
RTVSPropertyOp8
 70
     1
102
RTVSPropertyOp9
 70
     1
102
RTVSPropertyOp10
 70
     1
102
RTVSPropertyOp11
 70
     1
102
RTVSPropertyOp12
 70
     1
102
RTVSPropertyOp13
 70
     1
102
RTVSPropertyOp14
 70
     1
102
RTVSPropertyOp15
 70
     1
102
RTVSPropertyOp16
 70
     1
102
RTVSPropertyOp17
 70
     1
102
RTVSPropertyOp18
 70
     1
102
RTVSPropertyOp19
 70
     1
102
RTVSPropertyOp20
 70
     1
102
RTVSPropertyOp21
 70
     1
102
RTVSPropertyOp22
 70
     1
102
RTVSPropertyOp23
 70
     1
102
RTVSPropertyOp24
 70
     1
102
RTVSPropertyOp25
 70
     1
102
RTVSPropertyOp26
 70
     1
102
RTVSPropertyOp27
 70
     1
102
RTVSPropertyOp28
 70
     1
102
RTVSPropertyOp29
 70
     1
102
RTVSPropertyOp30
 70
     1
102
RTVSPropertyOp31
 70
     1
102
RTVSPropertyOp32
 70
     1
102
RTVSPropertyOp33
 70
     1
102
RTVSPropertyOp34
 70
     1
102
RTVSPropertyOp35
 70
     1
102
RTVSPropertyOp36
 70
     1
102
RTVSPropertyOp37
 70
     1
102
RTVSPropertyOp38
 70
     1
102
RTVSPropertyOp39
 70
     1
102
RTVSPropertyOp40
 70
     1
102
RTVSPropertyOp41
 70
     1
102
RTVSPropertyOp42
 70
     1
102
RTVSPropertyOp43
 70
     1
102
RTVSPropertyOp44
 70
     1
102
RTVSPropertyOp45
 70
     1
102
RTVSPropertyOp46
 70
     1
102
RTVSPropertyOp47
 70
     1
102
RTVSPropertyOp48
 70
     1
102
RTVSPropertyOp49
 70
     1
102
RTVSPropertyOp50
 70
     1
102
RTVSPropertyOp51
 70
     0
102
RTVSPropertyOp52
 70
     0
102
RTVSPropertyOp53
 70
     1
102
RTVSPropertyOp54
 70
     1
102
RTVSPropertyOp55
 70
     1
102
RTVSPropertyOp56
 70
     1
102
RTVSPropertyOp57
 70
     1
102
RTVSPropertyOp58
 70
     1
102
RTVSPropertyOp59
 70
     1
102
RTVSPropertyOp60
 70
     1
102
RTVSPropertyOp61
 70
     1
102
RTVSPropertyOp62
 70
     1
  0
XRECORD
  5
2B3
102
{ACAD_REACTORS
330
2B2
102
}
330
2B2
100
AcDbXrecord
280
     1
102
RTVSPost2010Prop28
280
     0
102
RTVSPost2010PropOp28
 70
     1
102
RTVSPost2010Prop29
280
     1
102
RTVSPost2010PropOp29
 70
     1
102
RTVSPost2010Prop30
280
     1
102
RTVSPost2010PropOp30
 70
     1
102
RTVSPost2010Prop31
280
     0
102
RTVSPost2010PropOp31
 70
     1
102
RTVSPost2010Prop32
280
     0
102
RTVSPost2010PropOp32
 70
     1
102
RTVSPost2010Prop33
280
     0
102
RTVSPost2010PropOp33
 70
     1
102
RTVSPost2010Prop34
280
     0
102
RTVSPost2010PropOp34
 70
     1
102
RTVSPost2010Prop35
280
     0
102
RTVSPost2010PropOp35
 70
     1
102
RTVSPost2010Prop36
280
     0
102
RTVSPost2010PropOp36
 70
     1
102
RTVSPost2010Prop37
 90
       50
102
RTVSPost2010PropOp37
 70
     1
102
RTVSPost2010Prop38
140
0.0
102
RTVSPost2010PropOp38
 70
     1
102
RTVSPost2010Prop39
140
1.0
102
RTVSPost2010PropOp39
 70
     1
102
RTVSPost2010Prop40
 90
        0
102
RTVSPost2010PropOp40
 70
     1
102
RTVSPost2010Prop41ColorIndex
 90
       18
102
RTVSPost2010Prop41ColorRGB
 90
        0
102
RTVSPost2010PropOp41
 70
     1
102
RTVSPost2010Prop42
 90
       50
102
RTVSPost2010PropOp42
 70
     1
102
RTVSPost2010Prop43
 90
        3
102
RTVSPost2010PropOp43
 70
     1
102
RTVSPost2010Prop44ColorIndex
 90
        5
102
RTVSPost2010Prop44ColorRGB
 90
      255
102
RTVSPost2010PropOp44
 70
     1
102
RTVSPost2010Prop45
280
     0
102
RTVSPost2010PropOp45
 70
     1
102
RTVSPost2010Prop46
 90
       50
102
RTVSPost2010PropOp46
 70
     1
102
RTVSPost2010Prop47
 90
       50
102
RTVSPost2010PropOp47
 70
     1
102
RTVSPost2010Prop48
 90
       50
102
RTVSPost2010PropOp48
 70
     1
102
RTVSPost2010Prop49
280
     0
102
RTVSPost2010PropOp49
 70
     1
102
RTVSPost2010Prop50
 90
       50
102
RTVSPost2010PropOp50
 70
     1
102
RTVSPost2010Prop51ColorIndex
 90
      256
102
RTVSPost2010Prop51ColorRGB
 90
-16777216
102
RTVSPost2010PropOp51
 70
     0
102
RTVSPost2010Prop52
140
1.0
102
RTVSPost2010PropOp52
 70
     0
102
RTVSPost2010Prop53
 90
        2
102
RTVSPost2010PropOp53
 70
     1
102
RTVSPost2010Prop54
  1
strokes_ogs.tif
102
RTVSPost2010PropOp54
 70
     1
102
RTVSPost2010Prop55
280
     0
102
RTVSPost2010PropOp55
 70
     1
102
RTVSPost2010Prop56
140
1.0
102
RTVSPost2010PropOp56
 70
     1
102
RTVSPost2010Prop57
140
1.0
102
RTVSPost2010PropOp57
 70
     1
102
RTVSPropertyOp0
 70
     1
102
RTVSPropertyOp1
 70
     1
102
RTVSPropertyOp2
 70
     1
102
RTVSPropertyOp3
 70
     1
102
RTVSPropertyOp4
 70
     1
102
RTVSPropertyOp5
 70
     1
102
RTVSPropertyOp6
 70
     1
102
RTVSPropertyOp7
 70
     1
102
RTVSPropertyOp8
 70
     1
102
RTVSPropertyOp9
 70
     1
102
RTVSPropertyOp10
 70
     1
102
RTVSPropertyOp11
 70
     1
102
RTVSPropertyOp12
 70
     1
102
RTVSPropertyOp13
 70
     1
102
RTVSPropertyOp14
 70
     1
102
RTVSPropertyOp15
 70
     1
102
RTVSPropertyOp16
 70
     1
102
RTVSPropertyOp17
 70
     1
102
RTVSPropertyOp18
 70
     1
102
RTVSPropertyOp19
 70
     1
102
RTVSPropertyOp20
 70
     1
102
RTVSPropertyOp21
 70
     1
102
RTVSPropertyOp22
 70
     1
102
RTVSPropertyOp23
 70
     1
102
RTVSPropertyOp24
 70
     1
102
RTVSPropertyOp25
 70
     1
102
RTVSPropertyOp26
 70
     1
102
RTVSPropertyOp27
 70
     1
102
RTVSPropertyOp28
 70
     1
102
RTVSPropertyOp29
 70
     1
102
RTVSPropertyOp30
 70
     1
102
RTVSPropertyOp31
 70
     1
102
RTVSPropertyOp32
 70
     1
102
RTVSPropertyOp33
 70
     1
102
RTVSPropertyOp34
 70
     1
102
RTVSPropertyOp35
 70
     1
102
RTVSPropertyOp36
 70
     1
102
RTVSPropertyOp37
 70
     1
102
RTVSPropertyOp38
 70
     1
102
RTVSPropertyOp39
 70
     1
102
RTVSPropertyOp40
 70
     1
102
RTVSPropertyOp41
 70
     1
102
RTVSPropertyOp42
 70
     1
102
RTVSPropertyOp43
 70
     1
102
RTVSPropertyOp44
 70
     1
102
RTVSPropertyOp45
 70
     1
102
RTVSPropertyOp46
 70
     1
102
RTVSPropertyOp47
 70
     1
102
RTVSPropertyOp48
 70
     1
102
RTVSPropertyOp49
 70
     1
102
RTVSPropertyOp50
 70
     1
102
RTVSPropertyOp51
 70
     0
102
RTVSPropertyOp52
 70
     0
102
RTVSPropertyOp53
 70
     1
102
RTVSPropertyOp54
 70
     1
102
RTVSPropertyOp55
 70
     1
102
RTVSPropertyOp56
 70
     1
102
RTVSPropertyOp57
 70
     1
102
RTVSPropertyOp58
 70
     1
102
RTVSPropertyOp59
 70
     1
102
RTVSPropertyOp60
 70
     1
102
RTVSPropertyOp61
 70
     1
102
RTVSPropertyOp62
 70
     1
  0
XRECORD
  5
2AD
102
{ACAD_REACTORS
330
2AC
102
}
330
2AC
100
AcDbXrecord
280
     1
102
RTVSPost2010Prop28
280
     0
102
RTVSPost2010PropOp28
 70
     1
102
RTVSPost2010Prop29
280
     1
102
RTVSPost2010PropOp29
 70
     1
102
RTVSPost2010Prop30
280
     1
102
RTVSPost2010PropOp30
 70
     1
102
RTVSPost2010Prop31
280
     0
102
RTVSPost2010PropOp31
 70
     1
102
RTVSPost2010Prop32
280
     0
102
RTVSPost2010PropOp32
 70
     1
102
RTVSPost2010Prop33
280
     0
102
RTVSPost2010PropOp33
 70
     1
102
RTVSPost2010Prop34
280
     0
102
RTVSPost2010PropOp34
 70
     1
102
RTVSPost2010Prop35
280
     0
102
RTVSPost2010PropOp35
 70
     1
102
RTVSPost2010Prop36
280
     0
102
RTVSPost2010PropOp36
 70
     1
102
RTVSPost2010Prop37
 90
       50
102
RTVSPost2010PropOp37
 70
     1
102
RTVSPost2010Prop38
140
0.0
102
RTVSPost2010PropOp38
 70
     1
102
RTVSPost2010Prop39
140
1.0
102
RTVSPost2010PropOp39
 70
     1
102
RTVSPost2010Prop40
 90
        0
102
RTVSPost2010PropOp40
 70
     1
102
RTVSPost2010Prop41ColorIndex
 90
       18
102
RTVSPost2010Prop41ColorRGB
 90
        0
102
RTVSPost2010PropOp41
 70
     1
102
RTVSPost2010Prop42
 90
       50
102
RTVSPost2010PropOp42
 70
     1
102
RTVSPost2010Prop43
 90
        3
102
RTVSPost2010PropOp43
 70
     1
102
RTVSPost2010Prop44ColorIndex
 90
        5
102
RTVSPost2010Prop44ColorRGB
 90
      255
102
RTVSPost2010PropOp44
 70
     1
102
RTVSPost2010Prop45
280
     0
102
RTVSPost2010PropOp45
 70
     1
102
RTVSPost2010Prop46
 90
       50
102
RTVSPost2010PropOp46
 70
     1
102
RTVSPost2010Prop47
 90
       50
102
RTVSPost2010PropOp47
 70
     1
102
RTVSPost2010Prop48
 90
       50
102
RTVSPost2010PropOp48
 70
     1
102
RTVSPost2010Prop49
280
     0
102
RTVSPost2010PropOp49
 70
     1
102
RTVSPost2010Prop50
 90
       50
102
RTVSPost2010PropOp50
 70
     1
102
RTVSPost2010Prop51ColorIndex
 90
      256
102
RTVSPost2010Prop51ColorRGB
 90
-16777216
102
RTVSPost2010PropOp51
 70
     0
102
RTVSPost2010Prop52
140
1.0
102
RTVSPost2010PropOp52
 70
     0
102
RTVSPost2010Prop53
 90
        2
102
RTVSPost2010PropOp53
 70
     1
102
RTVSPost2010Prop54
  1
strokes_ogs.tif
102
RTVSPost2010PropOp54
 70
     1
102
RTVSPost2010Prop55
280
     0
102
RTVSPost2010PropOp55
 70
     1
102
RTVSPost2010Prop56
140
1.0
102
RTVSPost2010PropOp56
 70
     1
102
RTVSPost2010Prop57
140
1.0
102
RTVSPost2010PropOp57
 70
     1
102
RTVSPropertyOp0
 70
     1
102
RTVSPropertyOp1
 70
     1
102
RTVSPropertyOp2
 70
     1
102
RTVSPropertyOp3
 70
     1
102
RTVSPropertyOp4
 70
     1
102
RTVSPropertyOp5
 70
     1
102
RTVSPropertyOp6
 70
     1
102
RTVSPropertyOp7
 70
     1
102
RTVSPropertyOp8
 70
     1
102
RTVSPropertyOp9
 70
     1
102
RTVSPropertyOp10
 70
     1
102
RTVSPropertyOp11
 70
     1
102
RTVSPropertyOp12
 70
     1
102
RTVSPropertyOp13
 70
     1
102
RTVSPropertyOp14
 70
     1
102
RTVSPropertyOp15
 70
     1
102
RTVSPropertyOp16
 70
     1
102
RTVSPropertyOp17
 70
     1
102
RTVSPropertyOp18
 70
     1
102
RTVSPropertyOp19
 70
     1
102
RTVSPropertyOp20
 70
     1
102
RTVSPropertyOp21
 70
     1
102
RTVSPropertyOp22
 70
     1
102
RTVSPropertyOp23
 70
     1
102
RTVSPropertyOp24
 70
     1
102
RTVSPropertyOp25
 70
     1
102
RTVSPropertyOp26
 70
     1
102
RTVSPropertyOp27
 70
     1
102
RTVSPropertyOp28
 70
     1
102
RTVSPropertyOp29
 70
     1
102
RTVSPropertyOp30
 70
     1
102
RTVSPropertyOp31
 70
     1
102
RTVSPropertyOp32
 70
     1
102
RTVSPropertyOp33
 70
     1
102
RTVSPropertyOp34
 70
     1
102
RTVSPropertyOp35
 70
     1
102
RTVSPropertyOp36
 70
     1
102
RTVSPropertyOp37
 70
     1
102
RTVSPropertyOp38
 70
     1
102
RTVSPropertyOp39
 70
     1
102
RTVSPropertyOp40
 70
     1
102
RTVSPropertyOp41
 70
     1
102
RTVSPropertyOp42
 70
     1
102
RTVSPropertyOp43
 70
     1
102
RTVSPropertyOp44
 70
     1
102
RTVSPropertyOp45
 70
     1
102
RTVSPropertyOp46
 70
     1
102
RTVSPropertyOp47
 70
     1
102
RTVSPropertyOp48
 70
     1
102
RTVSPropertyOp49
 70
     1
102
RTVSPropertyOp50
 70
     1
102
RTVSPropertyOp51
 70
     0
102
RTVSPropertyOp52
 70
     0
102
RTVSPropertyOp53
 70
     1
102
RTVSPropertyOp54
 70
     1
102
RTVSPropertyOp55
 70
     1
102
RTVSPropertyOp56
 70
     1
102
RTVSPropertyOp57
 70
     1
102
RTVSPropertyOp58
 70
     1
102
RTVSPropertyOp59
 70
     1
102
RTVSPropertyOp60
 70
     1
102
RTVSPropertyOp61
 70
     1
102
RTVSPropertyOp62
 70
     1
  0
XRECORD
  5
2AF
102
{ACAD_REACTORS
330
2AE
102
}
330
2AE
100
AcDbXrecord
280
     1
102
RTVSPost2010Prop28
280
     0
102
RTVSPost2010PropOp28
 70
     1
102
RTVSPost2010Prop29
280
     1
102
RTVSPost2010PropOp29
 70
     1
102
RTVSPost2010Prop30
280
     1
102
RTVSPost2010PropOp30
 70
     1
102
RTVSPost2010Prop31
280
     0
102
RTVSPost2010PropOp31
 70
     1
102
RTVSPost2010Prop32
280
     0
102
RTVSPost2010PropOp32
 70
     1
102
RTVSPost2010Prop33
280
     0
102
RTVSPost2010PropOp33
 70
     1
102
RTVSPost2010Prop34
280
     0
102
RTVSPost2010PropOp34
 70
     1
102
RTVSPost2010Prop35
280
     0
102
RTVSPost2010PropOp35
 70
     1
102
RTVSPost2010Prop36
280
     0
102
RTVSPost2010PropOp36
 70
     1
102
RTVSPost2010Prop37
 90
       50
102
RTVSPost2010PropOp37
 70
     1
102
RTVSPost2010Prop38
140
0.0
102
RTVSPost2010PropOp38
 70
     1
102
RTVSPost2010Prop39
140
1.0
102
RTVSPost2010PropOp39
 70
     1
102
RTVSPost2010Prop40
 90
        0
102
RTVSPost2010PropOp40
 70
     1
102
RTVSPost2010Prop41ColorIndex
 90
       18
102
RTVSPost2010Prop41ColorRGB
 90
        0
102
RTVSPost2010PropOp41
 70
     1
102
RTVSPost2010Prop42
 90
       50
102
RTVSPost2010PropOp42
 70
     1
102
RTVSPost2010Prop43
 90
        3
102
RTVSPost2010PropOp43
 70
     1
102
RTVSPost2010Prop44ColorIndex
 90
        5
102
RTVSPost2010Prop44ColorRGB
 90
      255
102
RTVSPost2010PropOp44
 70
     1
102
RTVSPost2010Prop45
280
     0
102
RTVSPost2010PropOp45
 70
     1
102
RTVSPost2010Prop46
 90
       50
102
RTVSPost2010PropOp46
 70
     1
102
RTVSPost2010Prop47
 90
       50
102
RTVSPost2010PropOp47
 70
     1
102
RTVSPost2010Prop48
 90
       50
102
RTVSPost2010PropOp48
 70
     1
102
RTVSPost2010Prop49
280
     0
102
RTVSPost2010PropOp49
 70
     1
102
RTVSPost2010Prop50
 90
       50
102
RTVSPost2010PropOp50
 70
     1
102
RTVSPost2010Prop51ColorIndex
 90
      256
102
RTVSPost2010Prop51ColorRGB
 90
-16777216
102
RTVSPost2010PropOp51
 70
     0
102
RTVSPost2010Prop52
140
1.0
102
RTVSPost2010PropOp52
 70
     0
102
RTVSPost2010Prop53
 90
        2
102
RTVSPost2010PropOp53
 70
     1
102
RTVSPost2010Prop54
  1
strokes_ogs.tif
102
RTVSPost2010PropOp54
 70
     1
102
RTVSPost2010Prop55
280
     0
102
RTVSPost2010PropOp55
 70
     1
102
RTVSPost2010Prop56
140
1.0
102
RTVSPost2010PropOp56
 70
     1
102
RTVSPost2010Prop57
140
1.0
102
RTVSPost2010PropOp57
 70
     1
102
RTVSPropertyOp0
 70
     1
102
RTVSPropertyOp1
 70
     1
102
RTVSPropertyOp2
 70
     1
102
RTVSPropertyOp3
 70
     1
102
RTVSPropertyOp4
 70
     1
102
RTVSPropertyOp5
 70
     1
102
RTVSPropertyOp6
 70
     1
102
RTVSPropertyOp7
 70
     1
102
RTVSPropertyOp8
 70
     1
102
RTVSPropertyOp9
 70
     1
102
RTVSPropertyOp10
 70
     1
102
RTVSPropertyOp11
 70
     1
102
RTVSPropertyOp12
 70
     1
102
RTVSPropertyOp13
 70
     1
102
RTVSPropertyOp14
 70
     1
102
RTVSPropertyOp15
 70
     1
102
RTVSPropertyOp16
 70
     1
102
RTVSPropertyOp17
 70
     1
102
RTVSPropertyOp18
 70
     1
102
RTVSPropertyOp19
 70
     1
102
RTVSPropertyOp20
 70
     1
102
RTVSPropertyOp21
 70
     1
102
RTVSPropertyOp22
 70
     1
102
RTVSPropertyOp23
 70
     1
102
RTVSPropertyOp24
 70
     1
102
RTVSPropertyOp25
 70
     1
102
RTVSPropertyOp26
 70
     1
102
RTVSPropertyOp27
 70
     1
102
RTVSPropertyOp28
 70
     1
102
RTVSPropertyOp29
 70
     1
102
RTVSPropertyOp30
 70
     1
102
RTVSPropertyOp31
 70
     1
102
RTVSPropertyOp32
 70
     1
102
RTVSPropertyOp33
 70
     1
102
RTVSPropertyOp34
 70
     1
102
RTVSPropertyOp35
 70
     1
102
RTVSPropertyOp36
 70
     1
102
RTVSPropertyOp37
 70
     1
102
RTVSPropertyOp38
 70
     1
102
RTVSPropertyOp39
 70
     1
102
RTVSPropertyOp40
 70
     1
102
RTVSPropertyOp41
 70
     1
102
RTVSPropertyOp42
 70
     1
102
RTVSPropertyOp43
 70
     1
102
RTVSPropertyOp44
 70
     1
102
RTVSPropertyOp45
 70
     1
102
RTVSPropertyOp46
 70
     1
102
RTVSPropertyOp47
 70
     1
102
RTVSPropertyOp48
 70
     1
102
RTVSPropertyOp49
 70
     1
102
RTVSPropertyOp50
 70
     1
102
RTVSPropertyOp51
 70
     0
102
RTVSPropertyOp52
 70
     0
102
RTVSPropertyOp53
 70
     1
102
RTVSPropertyOp54
 70
     1
102
RTVSPropertyOp55
 70
     1
102
RTVSPropertyOp56
 70
     1
102
RTVSPropertyOp57
 70
     1
102
RTVSPropertyOp58
 70
     1
102
RTVSPropertyOp59
 70
     1
102
RTVSPropertyOp60
 70
     1
102
RTVSPropertyOp61
 70
     1
102
RTVSPropertyOp62
 70
     1
  0
XRECORD
  5
29F
102
{ACAD_REACTORS
330
29E
102
}
330
29E
100
AcDbXrecord
280
     1
102
RTVSPost2010Prop28
280
     0
102
RTVSPost2010PropOp28
 70
     1
102
RTVSPost2010Prop29
280
     1
102
RTVSPost2010PropOp29
 70
     1
102
RTVSPost2010Prop30
280
     1
102
RTVSPost2010PropOp30
 70
     1
102
RTVSPost2010Prop31
280
     0
102
RTVSPost2010PropOp31
 70
     1
102
RTVSPost2010Prop32
280
     0
102
RTVSPost2010PropOp32
 70
     1
102
RTVSPost2010Prop33
280
     0
102
RTVSPost2010PropOp33
 70
     1
102
RTVSPost2010Prop34
280
     0
102
RTVSPost2010PropOp34
 70
     1
102
RTVSPost2010Prop35
280
     0
102
RTVSPost2010PropOp35
 70
     1
102
RTVSPost2010Prop36
280
     0
102
RTVSPost2010PropOp36
 70
     1
102
RTVSPost2010Prop37
 90
       50
102
RTVSPost2010PropOp37
 70
     1
102
RTVSPost2010Prop38
140
0.0
102
RTVSPost2010PropOp38
 70
     1
102
RTVSPost2010Prop39
140
1.0
102
RTVSPost2010PropOp39
 70
     1
102
RTVSPost2010Prop40
 90
        0
102
RTVSPost2010PropOp40
 70
     1
102
RTVSPost2010Prop41ColorIndex
 90
       18
102
RTVSPost2010Prop41ColorRGB
 90
        0
102
RTVSPost2010PropOp41
 70
     1
102
RTVSPost2010Prop42
 90
       50
102
RTVSPost2010PropOp42
 70
     1
102
RTVSPost2010Prop43
 90
        3
102
RTVSPost2010PropOp43
 70
     1
102
RTVSPost2010Prop44ColorIndex
 90
        5
102
RTVSPost2010Prop44ColorRGB
 90
      255
102
RTVSPost2010PropOp44
 70
     1
102
RTVSPost2010Prop45
280
     0
102
RTVSPost2010PropOp45
 70
     1
102
RTVSPost2010Prop46
 90
       50
102
RTVSPost2010PropOp46
 70
     1
102
RTVSPost2010Prop47
 90
       50
102
RTVSPost2010PropOp47
 70
     1
102
RTVSPost2010Prop48
 90
       50
102
RTVSPost2010PropOp48
 70
     1
102
RTVSPost2010Prop49
280
     0
102
RTVSPost2010PropOp49
 70
     1
102
RTVSPost2010Prop50
 90
       50
102
RTVSPost2010PropOp50
 70
     1
102
RTVSPost2010Prop51ColorIndex
 90
      256
102
RTVSPost2010Prop51ColorRGB
 90
-16777216
102
RTVSPost2010PropOp51
 70
     0
102
RTVSPost2010Prop52
140
1.0
102
RTVSPost2010PropOp52
 70
     0
102
RTVSPost2010Prop53
 90
        2
102
RTVSPost2010PropOp53
 70
     1
102
RTVSPost2010Prop54
  1
strokes_ogs.tif
102
RTVSPost2010PropOp54
 70
     1
102
RTVSPost2010Prop55
280
     0
102
RTVSPost2010PropOp55
 70
     1
102
RTVSPost2010Prop56
140
1.0
102
RTVSPost2010PropOp56
 70
     1
102
RTVSPost2010Prop57
140
1.0
102
RTVSPost2010PropOp57
 70
     1
102
RTVSPropertyOp0
 70
     1
102
RTVSPropertyOp1
 70
     1
102
RTVSPropertyOp2
 70
     1
102
RTVSPropertyOp3
 70
     1
102
RTVSPropertyOp4
 70
     1
102
RTVSPropertyOp5
 70
     1
102
RTVSPropertyOp6
 70
     1
102
RTVSPropertyOp7
 70
     1
102
RTVSPropertyOp8
 70
     1
102
RTVSPropertyOp9
 70
     1
102
RTVSPropertyOp10
 70
     1
102
RTVSPropertyOp11
 70
     1
102
RTVSPropertyOp12
 70
     1
102
RTVSPropertyOp13
 70
     1
102
RTVSPropertyOp14
 70
     1
102
RTVSPropertyOp15
 70
     1
102
RTVSPropertyOp16
 70
     1
102
RTVSPropertyOp17
 70
     1
102
RTVSPropertyOp18
 70
     1
102
RTVSPropertyOp19
 70
     1
102
RTVSPropertyOp20
 70
     1
102
RTVSPropertyOp21
 70
     1
102
RTVSPropertyOp22
 70
     1
102
RTVSPropertyOp23
 70
     1
102
RTVSPropertyOp24
 70
     1
102
RTVSPropertyOp25
 70
     1
102
RTVSPropertyOp26
 70
     1
102
RTVSPropertyOp27
 70
     1
102
RTVSPropertyOp28
 70
     1
102
RTVSPropertyOp29
 70
     1
102
RTVSPropertyOp30
 70
     1
102
RTVSPropertyOp31
 70
     1
102
RTVSPropertyOp32
 70
     1
102
RTVSPropertyOp33
 70
     1
102
RTVSPropertyOp34
 70
     1
102
RTVSPropertyOp35
 70
     1
102
RTVSPropertyOp36
 70
     1
102
RTVSPropertyOp37
 70
     1
102
RTVSPropertyOp38
 70
     1
102
RTVSPropertyOp39
 70
     1
102
RTVSPropertyOp40
 70
     1
102
RTVSPropertyOp41
 70
     1
102
RTVSPropertyOp42
 70
     1
102
RTVSPropertyOp43
 70
     1
102
RTVSPropertyOp44
 70
     1
102
RTVSPropertyOp45
 70
     1
102
RTVSPropertyOp46
 70
     1
102
RTVSPropertyOp47
 70
     1
102
RTVSPropertyOp48
 70
     1
102
RTVSPropertyOp49
 70
     1
102
RTVSPropertyOp50
 70
     1
102
RTVSPropertyOp51
 70
     0
102
RTVSPropertyOp52
 70
     0
102
RTVSPropertyOp53
 70
     1
102
RTVSPropertyOp54
 70
     1
102
RTVSPropertyOp55
 70
     1
102
RTVSPropertyOp56
 70
     1
102
RTVSPropertyOp57
 70
     1
102
RTVSPropertyOp58
 70
     1
102
RTVSPropertyOp59
 70
     1
102
RTVSPropertyOp60
 70
     1
102
RTVSPropertyOp61
 70
     1
102
RTVSPropertyOp62
 70
     1
  0
XRECORD
  5
293
102
{ACAD_REACTORS
330
292
102
}
330
292
100
AcDbXrecord
280
     1
102
RTVSPost2010Prop28
280
     0
102
RTVSPost2010PropOp28
 70
     1
102
RTVSPost2010Prop29
280
     1
102
RTVSPost2010PropOp29
 70
     1
102
RTVSPost2010Prop30
280
     1
102
RTVSPost2010PropOp30
 70
     1
102
RTVSPost2010Prop31
280
     0
102
RTVSPost2010PropOp31
 70
     1
102
RTVSPost2010Prop32
280
     0
102
RTVSPost2010PropOp32
 70
     1
102
RTVSPost2010Prop33
280
     0
102
RTVSPost2010PropOp33
 70
     1
102
RTVSPost2010Prop34
280
     0
102
RTVSPost2010PropOp34
 70
     1
102
RTVSPost2010Prop35
280
     0
102
RTVSPost2010PropOp35
 70
     1
102
RTVSPost2010Prop36
280
     0
102
RTVSPost2010PropOp36
 70
     1
102
RTVSPost2010Prop37
 90
       50
102
RTVSPost2010PropOp37
 70
     1
102
RTVSPost2010Prop38
140
0.0
102
RTVSPost2010PropOp38
 70
     1
102
RTVSPost2010Prop39
140
1.0
102
RTVSPost2010PropOp39
 70
     1
102
RTVSPost2010Prop40
 90
        0
102
RTVSPost2010PropOp40
 70
     1
102
RTVSPost2010Prop41ColorIndex
 90
       18
102
RTVSPost2010Prop41ColorRGB
 90
        0
102
RTVSPost2010PropOp41
 70
     1
102
RTVSPost2010Prop42
 90
       50
102
RTVSPost2010PropOp42
 70
     1
102
RTVSPost2010Prop43
 90
        3
102
RTVSPost2010PropOp43
 70
     1
102
RTVSPost2010Prop44ColorIndex
 90
        5
102
RTVSPost2010Prop44ColorRGB
 90
      255
102
RTVSPost2010PropOp44
 70
     1
102
RTVSPost2010Prop45
280
     0
102
RTVSPost2010PropOp45
 70
     1
102
RTVSPost2010Prop46
 90
       50
102
RTVSPost2010PropOp46
 70
     1
102
RTVSPost2010Prop47
 90
       50
102
RTVSPost2010PropOp47
 70
     1
102
RTVSPost2010Prop48
 90
       50
102
RTVSPost2010PropOp48
 70
     1
102
RTVSPost2010Prop49
280
     0
102
RTVSPost2010PropOp49
 70
     1
102
RTVSPost2010Prop50
 90
       50
102
RTVSPost2010PropOp50
 70
     1
102
RTVSPost2010Prop51ColorIndex
 90
      256
102
RTVSPost2010Prop51ColorRGB
 90
-16777216
102
RTVSPost2010PropOp51
 70
     0
102
RTVSPost2010Prop52
140
1.0
102
RTVSPost2010PropOp52
 70
     0
102
RTVSPost2010Prop53
 90
        2
102
RTVSPost2010PropOp53
 70
     1
102
RTVSPost2010Prop54
  1
strokes_ogs.tif
102
RTVSPost2010PropOp54
 70
     1
102
RTVSPost2010Prop55
280
     0
102
RTVSPost2010PropOp55
 70
     1
102
RTVSPost2010Prop56
140
1.0
102
RTVSPost2010PropOp56
 70
     1
102
RTVSPost2010Prop57
140
1.0
102
RTVSPost2010PropOp57
 70
     1
102
RTVSPropertyOp0
 70
     1
102
RTVSPropertyOp1
 70
     1
102
RTVSPropertyOp2
 70
     1
102
RTVSPropertyOp3
 70
     1
102
RTVSPropertyOp4
 70
     1
102
RTVSPropertyOp5
 70
     1
102
RTVSPropertyOp6
 70
     1
102
RTVSPropertyOp7
 70
     1
102
RTVSPropertyOp8
 70
     1
102
RTVSPropertyOp9
 70
     1
102
RTVSPropertyOp10
 70
     1
102
RTVSPropertyOp11
 70
     1
102
RTVSPropertyOp12
 70
     1
102
RTVSPropertyOp13
 70
     1
102
RTVSPropertyOp14
 70
     1
102
RTVSPropertyOp15
 70
     1
102
RTVSPropertyOp16
 70
     1
102
RTVSPropertyOp17
 70
     1
102
RTVSPropertyOp18
 70
     1
102
RTVSPropertyOp19
 70
     1
102
RTVSPropertyOp20
 70
     1
102
RTVSPropertyOp21
 70
     1
102
RTVSPropertyOp22
 70
     1
102
RTVSPropertyOp23
 70
     1
102
RTVSPropertyOp24
 70
     1
102
RTVSPropertyOp25
 70
     1
102
RTVSPropertyOp26
 70
     1
102
RTVSPropertyOp27
 70
     1
102
RTVSPropertyOp28
 70
     1
102
RTVSPropertyOp29
 70
     1
102
RTVSPropertyOp30
 70
     1
102
RTVSPropertyOp31
 70
     1
102
RTVSPropertyOp32
 70
     1
102
RTVSPropertyOp33
 70
     1
102
RTVSPropertyOp34
 70
     1
102
RTVSPropertyOp35
 70
     1
102
RTVSPropertyOp36
 70
     1
102
RTVSPropertyOp37
 70
     1
102
RTVSPropertyOp38
 70
     1
102
RTVSPropertyOp39
 70
     1
102
RTVSPropertyOp40
 70
     1
102
RTVSPropertyOp41
 70
     1
102
RTVSPropertyOp42
 70
     1
102
RTVSPropertyOp43
 70
     1
102
RTVSPropertyOp44
 70
     1
102
RTVSPropertyOp45
 70
     1
102
RTVSPropertyOp46
 70
     1
102
RTVSPropertyOp47
 70
     1
102
RTVSPropertyOp48
 70
     1
102
RTVSPropertyOp49
 70
     1
102
RTVSPropertyOp50
 70
     1
102
RTVSPropertyOp51
 70
     0
102
RTVSPropertyOp52
 70
     0
102
RTVSPropertyOp53
 70
     1
102
RTVSPropertyOp54
 70
     1
102
RTVSPropertyOp55
 70
     1
102
RTVSPropertyOp56
 70
     1
102
RTVSPropertyOp57
 70
     1
102
RTVSPropertyOp58
 70
     1
102
RTVSPropertyOp59
 70
     1
102
RTVSPropertyOp60
 70
     1
102
RTVSPropertyOp61
 70
     1
102
RTVSPropertyOp62
 70
     1
  0
XRECORD
  5
2B1
102
{ACAD_REACTORS
330
2B0
102
}
330
2B0
100
AcDbXrecord
280
     1
102
RTVSPost2010Prop28
280
     0
102
RTVSPost2010PropOp28
 70
     1
102
RTVSPost2010Prop29
280
     1
102
RTVSPost2010PropOp29
 70
     1
102
RTVSPost2010Prop30
280
     1
102
RTVSPost2010PropOp30
 70
     1
102
RTVSPost2010Prop31
280
     0
102
RTVSPost2010PropOp31
 70
     1
102
RTVSPost2010Prop32
280
     0
102
RTVSPost2010PropOp32
 70
     1
102
RTVSPost2010Prop33
280
     0
102
RTVSPost2010PropOp33
 70
     1
102
RTVSPost2010Prop34
280
     0
102
RTVSPost2010PropOp34
 70
     1
102
RTVSPost2010Prop35
280
     0
102
RTVSPost2010PropOp35
 70
     1
102
RTVSPost2010Prop36
280
     0
102
RTVSPost2010PropOp36
 70
     1
102
RTVSPost2010Prop37
 90
       50
102
RTVSPost2010PropOp37
 70
     1
102
RTVSPost2010Prop38
140
0.0
102
RTVSPost2010PropOp38
 70
     1
102
RTVSPost2010Prop39
140
1.0
102
RTVSPost2010PropOp39
 70
     1
102
RTVSPost2010Prop40
 90
        0
102
RTVSPost2010PropOp40
 70
     1
102
RTVSPost2010Prop41ColorIndex
 90
       18
102
RTVSPost2010Prop41ColorRGB
 90
        0
102
RTVSPost2010PropOp41
 70
     1
102
RTVSPost2010Prop42
 90
       50
102
RTVSPost2010PropOp42
 70
     1
102
RTVSPost2010Prop43
 90
        3
102
RTVSPost2010PropOp43
 70
     1
102
RTVSPost2010Prop44ColorIndex
 90
        5
102
RTVSPost2010Prop44ColorRGB
 90
      255
102
RTVSPost2010PropOp44
 70
     1
102
RTVSPost2010Prop45
280
     0
102
RTVSPost2010PropOp45
 70
     1
102
RTVSPost2010Prop46
 90
       50
102
RTVSPost2010PropOp46
 70
     1
102
RTVSPost2010Prop47
 90
       50
102
RTVSPost2010PropOp47
 70
     1
102
RTVSPost2010Prop48
 90
       50
102
RTVSPost2010PropOp48
 70
     1
102
RTVSPost2010Prop49
280
     0
102
RTVSPost2010PropOp49
 70
     1
102
RTVSPost2010Prop50
 90
       50
102
RTVSPost2010PropOp50
 70
     1
102
RTVSPost2010Prop51ColorIndex
 90
      256
102
RTVSPost2010Prop51ColorRGB
 90
-16777216
102
RTVSPost2010PropOp51
 70
     0
102
RTVSPost2010Prop52
140
1.0
102
RTVSPost2010PropOp52
 70
     0
102
RTVSPost2010Prop53
 90
        2
102
RTVSPost2010PropOp53
 70
     1
102
RTVSPost2010Prop54
  1
strokes_ogs.tif
102
RTVSPost2010PropOp54
 70
     1
102
RTVSPost2010Prop55
280
     0
102
RTVSPost2010PropOp55
 70
     1
102
RTVSPost2010Prop56
140
1.0
102
RTVSPost2010PropOp56
 70
     1
102
RTVSPost2010Prop57
140
1.0
102
RTVSPost2010PropOp57
 70
     1
102
RTVSPropertyOp0
 70
     1
102
RTVSPropertyOp1
 70
     1
102
RTVSPropertyOp2
 70
     1
102
RTVSPropertyOp3
 70
     1
102
RTVSPropertyOp4
 70
     1
102
RTVSPropertyOp5
 70
     1
102
RTVSPropertyOp6
 70
     1
102
RTVSPropertyOp7
 70
     1
102
RTVSPropertyOp8
 70
     1
102
RTVSPropertyOp9
 70
     1
102
RTVSPropertyOp10
 70
     1
102
RTVSPropertyOp11
 70
     1
102
RTVSPropertyOp12
 70
     1
102
RTVSPropertyOp13
 70
     1
102
RTVSPropertyOp14
 70
     1
102
RTVSPropertyOp15
 70
     1
102
RTVSPropertyOp16
 70
     1
102
RTVSPropertyOp17
 70
     1
102
RTVSPropertyOp18
 70
     1
102
RTVSPropertyOp19
 70
     1
102
RTVSPropertyOp20
 70
     1
102
RTVSPropertyOp21
 70
     1
102
RTVSPropertyOp22
 70
     1
102
RTVSPropertyOp23
 70
     1
102
RTVSPropertyOp24
 70
     1
102
RTVSPropertyOp25
 70
     1
102
RTVSPropertyOp26
 70
     1
102
RTVSPropertyOp27
 70
     1
102
RTVSPropertyOp28
 70
     1
102
RTVSPropertyOp29
 70
     1
102
RTVSPropertyOp30
 70
     1
102
RTVSPropertyOp31
 70
     1
102
RTVSPropertyOp32
 70
     1
102
RTVSPropertyOp33
 70
     1
102
RTVSPropertyOp34
 70
     1
102
RTVSPropertyOp35
 70
     1
102
RTVSPropertyOp36
 70
     1
102
RTVSPropertyOp37
 70
     1
102
RTVSPropertyOp38
 70
     1
102
RTVSPropertyOp39
 70
     1
102
RTVSPropertyOp40
 70
     1
102
RTVSPropertyOp41
 70
     1
102
RTVSPropertyOp42
 70
     1
102
RTVSPropertyOp43
 70
     1
102
RTVSPropertyOp44
 70
     1
102
RTVSPropertyOp45
 70
     1
102
RTVSPropertyOp46
 70
     1
102
RTVSPropertyOp47
 70
     1
102
RTVSPropertyOp48
 70
     1
102
RTVSPropertyOp49
 70
     1
102
RTVSPropertyOp50
 70
     1
102
RTVSPropertyOp51
 70
     0
102
RTVSPropertyOp52
 70
     0
102
RTVSPropertyOp53
 70
     1
102
RTVSPropertyOp54
 70
     1
102
RTVSPropertyOp55
 70
     1
102
RTVSPropertyOp56
 70
     1
102
RTVSPropertyOp57
 70
     1
102
RTVSPropertyOp58
 70
     1
102
RTVSPropertyOp59
 70
     1
102
RTVSPropertyOp60
 70
     1
102
RTVSPropertyOp61
 70
     1
102
RTVSPropertyOp62
 70
     1
  0
ENDSEC
  0
EOF